state,house_url,inventory_id
wisconsin,https://www.epconcommunities.com/find-your-home/communities/wisconsin/appleton--green-bay/winnebago/menasha/woodland-lakes-cottages/quick-move-in-homes/907-black-swan-drive-251,684
wisconsin,https://www.epconcommunities.com/find-your-home/communities/wisconsin/appleton--green-bay/winnebago/menasha/woodland-lakes-cottages/quick-move-in-homes/903-black-swan-drive-252,863
wisconsin,https://www.epconcommunities.com/find-your-home/communities/wisconsin/appleton--green-bay/winnebago/menasha/woodland-lakes-cottages/quick-move-in-homes/895-black-swan-drive-254,529
wisconsin,https://www.epconcommunities.com/find-your-home/communities/wisconsin/appleton--green-bay/brown/de-pere/the-bungalows-of-de-pere/quick-move-in-homes/1629-n-honeysuckle-circle-5,535
wisconsin,https://www.epconcommunities.com/find-your-home/communities/wisconsin/appleton--green-bay/brown/de-pere/the-bungalows-of-de-pere/quick-move-in-homes/1624-n-honeysuckle-circle-33,862
wisconsin,https://www.epconcommunities.com/find-your-home/communities/wisconsin/appleton--green-bay/brown/de-pere/the-bungalows-of-de-pere/quick-move-in-homes/1617-n-honeysuckle-circle-3,828
texas,https://www.epconcommunities.com/find-your-home/communities/texas/houston/harris/tomball/winfrey-estates/quick-move-in-homes/23647-golden-birch-bend-6,790
texas,https://www.epconcommunities.com/find-your-home/communities/texas/houston/harris/tomball/winfrey-estates/quick-move-in-homes/1306-hidden-oaks-dr-29,605
texas,https://www.epconcommunities.com/find-your-home/communities/texas/houston/harris/tomball/winfrey-estates/quick-move-in-homes/1206-hidden-oaks-dr-22,643
texas,https://www.epconcommunities.com/find-your-home/communities/texas/college-station/brazos/college-station/lakeside-at-millican-reserve/quick-move-in-homes/4064-lakeside-club-drive-model,850
texas,https://www.epconcommunities.com/find-your-home/communities/texas/college-station/brazos/college-station/lakeside-at-millican-reserve/quick-move-in-homes/4060-lakeside-club-drive-1,851
texas,https://www.epconcommunities.com/find-your-home/communities/texas/college-station/brazos/college-station/lakeside-at-millican-reserve/quick-move-in-homes/4056-lakeside-club-drive-2,852
texas,https://www.epconcommunities.com/find-your-home/communities/texas/college-station/brazos/college-station/lakeside-at-millican-reserve/quick-move-in-homes/4052-lakeside-club-drive-3,881
tennessee,https://www.epconcommunities.com/find-your-home/communities/tennessee/nashville/rutherford/smyrna/the-courtyards-at-stewarts-creek/quick-move-in-homes/520-restoration-drive-12,641
tennessee,https://www.epconcommunities.com/find-your-home/communities/tennessee/nashville/rutherford/smyrna/the-courtyards-at-stewarts-creek/quick-move-in-homes/516-restoration-drive-11,640
tennessee,https://www.epconcommunities.com/find-your-home/communities/tennessee/nashville/rutherford/smyrna/the-courtyards-at-stewarts-creek/quick-move-in-homes/512-restoration-drive-10,667
tennessee,https://www.epconcommunities.com/find-your-home/communities/tennessee/nashville/rutherford/smyrna/the-courtyards-at-stewarts-creek/quick-move-in-homes/508-restoration-dr-9,635
tennessee,https://www.epconcommunities.com/find-your-home/communities/tennessee/nashville/rutherford/smyrna/the-courtyards-at-stewarts-creek/quick-move-in-homes/504-restoration-drive-8,637
tennessee,https://www.epconcommunities.com/find-your-home/communities/tennessee/nashville/rutherford/smyrna/the-courtyards-at-stewarts-creek/quick-move-in-homes/412-gooding-blvd-4,639
south-dakota,https://www.epconcommunities.com/find-your-home/communities/south-dakota/sioux-falls/minnehaha/sioux-falls/courtyards-at-golden-gateway/quick-move-in-homes/5917-e-rush-street-5917-e-rush,746
south-dakota,https://www.epconcommunities.com/find-your-home/communities/south-dakota/sioux-falls/minnehaha/sioux-falls/courtyards-at-golden-gateway/quick-move-in-homes/5812-e-rush-street-5812-e-rush-street,277
south-dakota,https://www.epconcommunities.com/find-your-home/communities/south-dakota/sioux-falls/minnehaha/sioux-falls/courtyards-at-golden-gateway/quick-move-in-homes/1714-medallion-circle-1714-medallion-circle,549
ohio,https://www.epconcommunities.com/find-your-home/communities/ohio/dayton/greene/beavercreek-township/the-courtyards-at-stonehill-village/quick-move-in-homes/1464-triple-crown-way-lot-24,883
ohio,https://www.epconcommunities.com/find-your-home/communities/ohio/columbus/union/marysville/the-residences-at-bethel-woods/quick-move-in-homes/241-fair-havens-drive-31,892
ohio,https://www.epconcommunities.com/find-your-home/communities/ohio/columbus/union/marysville/the-residences-at-bethel-woods/quick-move-in-homes/1528-bethel-woods-blvd-34,596
ohio,https://www.epconcommunities.com/find-your-home/communities/ohio/columbus/union/jerome-villageplain-city/the-courtyards-of-hyland-meadows/quick-move-in-homes/8257-grassland-drive-38,861
ohio,https://www.epconcommunities.com/find-your-home/communities/ohio/columbus/union/jerome-villageplain-city/the-courtyards-of-hyland-meadows/quick-move-in-homes/12203-prairie-ridge-drive-102,864
ohio,https://www.epconcommunities.com/find-your-home/communities/ohio/columbus/union/jerome-villageplain-city/the-courtyards-of-hyland-meadows/quick-move-in-homes/12192-savannah-crossing-98,845
ohio,https://www.epconcommunities.com/find-your-home/communities/ohio/columbus/union/jerome-villageplain-city/the-courtyards-at-white-oaks/quick-move-in-homes/10530-berry-lane-77,846
ohio,https://www.epconcommunities.com/find-your-home/communities/ohio/columbus/franklin/hilliard/the-courtyards-at-carr-farms/quick-move-in-homes/5621-imperial-lane-21,868
ohio,https://www.epconcommunities.com/find-your-home/communities/ohio/columbus/franklin/hilliard/the-courtyards-at-carr-farms/quick-move-in-homes/5609-imperial-lane-23,875
ohio,https://www.epconcommunities.com/find-your-home/communities/ohio/columbus/franklin/hilliard/the-courtyards-at-carr-farms/quick-move-in-homes/4914-diplomat-way-43,831
ohio,https://www.epconcommunities.com/find-your-home/communities/ohio/columbus/franklin/hilliard/the-courtyards-at-carr-farms/quick-move-in-homes/4897-diplomat-way-61,859
ohio,https://www.epconcommunities.com/find-your-home/communities/ohio/columbus/franklin/hilliard/the-courtyards-at-carr-farms/quick-move-in-homes/4825-diplomat-way-72,872
ohio,https://www.epconcommunities.com/find-your-home/communities/ohio/columbus/franklin/grove-city/the-courtyards-at-mulberry-run/quick-move-in-homes/4439-marilyn-court-43,835
ohio,https://www.epconcommunities.com/find-your-home/communities/ohio/columbus/delaware/powell/the-courtyards-of-hyatts-village/quick-move-in-homes/3358-majestic-way-59,834
ohio,https://www.epconcommunities.com/find-your-home/communities/ohio/columbus/delaware/powell/the-courtyards-of-hyatts-village/quick-move-in-homes/3241-natal-lane-52,903
ohio,https://www.epconcommunities.com/find-your-home/communities/ohio/columbus/delaware/powell/the-courtyards-of-hyatts-village/quick-move-in-homes/3229-natal-lane-51,833
ohio,https://www.epconcommunities.com/find-your-home/communities/ohio/columbus/delaware/dublin/the-courtyards-on-concord/quick-move-in-homes/7620-hazy-gate-lane-53,889
ohio,https://www.epconcommunities.com/find-your-home/communities/ohio/columbus/delaware/dublin/the-courtyards-on-concord/quick-move-in-homes/7499-hazy-gate-lane-2,888
ohio,https://www.epconcommunities.com/find-your-home/communities/ohio/cleveland/lorain/sheffield-village/magnolia-meadows/quick-move-in-homes/5302-charlottes-way-sl33,791
ohio,https://www.epconcommunities.com/find-your-home/communities/ohio/akron--canton/stark/north-canton/the-courtyards-at-new-seasons/quick-move-in-homes/4328-evergreen-court-52,841
ohio,https://www.epconcommunities.com/find-your-home/communities/ohio/akron--canton/medina/medina/the-retreat-at-cobblestone/quick-move-in-homes/6465-buckeye-lane-5,895
north-dakota,https://www.epconcommunities.com/find-your-home/communities/north-dakota/fargo/cass/horace/the-ranch-at-sunset-valley-by-heritage-homes/quick-move-in-homes/6532-sun-valley-blvd-14,894
north-dakota,https://www.epconcommunities.com/find-your-home/communities/north-dakota/fargo/cass/horace/the-ranch-at-sunset-valley-by-heritage-homes/quick-move-in-homes/6448-sun-valley-blvd-36,893
north-carolina,https://www.epconcommunities.com/find-your-home/communities/north-carolina/raleighdurham/lee/sanford/the-cottages-at-78-north/quick-move-in-homes/216-speyburn-street-172,874
north-carolina,https://www.epconcommunities.com/find-your-home/communities/north-carolina/raleighdurham/lee/sanford/the-cottages-at-78-north/quick-move-in-homes/208-speyburn-st-174,827
north-carolina,https://www.epconcommunities.com/find-your-home/communities/north-carolina/raleighdurham/lee/sanford/the-cottages-at-78-north/quick-move-in-homes/142-oban-drive-135,663
north-carolina,https://www.epconcommunities.com/find-your-home/communities/north-carolina/raleighdurham/lee/sanford/the-cottages-at-78-north/quick-move-in-homes/138-oban-drive-134,662
north-carolina,https://www.epconcommunities.com/find-your-home/communities/north-carolina/raleighdurham/lee/sanford/the-cottages-at-78-north/quick-move-in-homes/133-oban-drive-151,806
north-carolina,https://www.epconcommunities.com/find-your-home/communities/north-carolina/raleighdurham/lee/sanford/the-cottages-at-78-north/quick-move-in-homes/129-oban-drive-150,664
north-carolina,https://www.epconcommunities.com/find-your-home/communities/north-carolina/raleighdurham/durham/durham/the-courtyards-at-oak-grove/quick-move-in-homes/712-blackpool-drive-122,742
north-carolina,https://www.epconcommunities.com/find-your-home/communities/north-carolina/raleighdurham/durham/durham/the-courtyards-at-oak-grove/quick-move-in-homes/704-blackpool-drive-118,744
north-carolina,https://www.epconcommunities.com/find-your-home/communities/north-carolina/raleighdurham/durham/durham/the-courtyards-at-oak-grove/quick-move-in-homes/2001-grimsby-court-64,787
north-carolina,https://www.epconcommunities.com/find-your-home/communities/north-carolina/raleighdurham/durham/durham/the-courtyards-at-oak-grove/quick-move-in-homes/2000-grimsby-court-41,710
north-carolina,https://www.epconcommunities.com/find-your-home/communities/north-carolina/raleighdurham/durham/durham/the-courtyards-at-oak-grove/quick-move-in-homes/1136-salford-court-147,711
north-carolina,https://www.epconcommunities.com/find-your-home/communities/north-carolina/raleighdurham/durham/durham/the-courtyards-at-oak-grove/quick-move-in-homes/1132-salford-court-146,762
north-carolina,https://www.epconcommunities.com/find-your-home/communities/north-carolina/raleighdurham/durham/durham/the-courtyards-at-oak-grove/quick-move-in-homes/1128-salford-court-145,712
north-carolina,https://www.epconcommunities.com/find-your-home/communities/north-carolina/raleighdurham/durham/durham/the-courtyards-at-oak-grove/quick-move-in-homes/1116-salford-court-142,745
north-carolina,https://www.epconcommunities.com/find-your-home/communities/north-carolina/piedmont-triad/stokes/king/village-at-maple-leaf-farm/quick-move-in-homes/212-mountain-maple-dr-31,585
north-carolina,https://www.epconcommunities.com/find-your-home/communities/north-carolina/piedmont-triad/randolph/asheboro/the-villas-at-pinewood/quick-move-in-homes/2430-augusta-drive-41,843
north-carolina,https://www.epconcommunities.com/find-your-home/communities/north-carolina/piedmont-triad/guilford/high-point/the-landing-at-sycamore-creek/quick-move-in-homes/3419-willowcrest-st-22,586
north-carolina,https://www.epconcommunities.com/find-your-home/communities/north-carolina/piedmont-triad/forsyth/clemmons/salem-brooke/quick-move-in-homes/5240-sunny-brook-ct-6,909
north-carolina,https://www.epconcommunities.com/find-your-home/communities/north-carolina/piedmont-triad/forsyth/clemmons/salem-brooke/quick-move-in-homes/315-daffodil-fields-lane-20,887
north-carolina,https://www.epconcommunities.com/find-your-home/communities/north-carolina/piedmont-triad/alamance/mebane/villas-on-5th/quick-move-in-homes/1108-hudson-dr-21,688
north-carolina,https://www.epconcommunities.com/find-your-home/communities/north-carolina/ocean-isle-beach/brunswick/ocean-isle-beach/courtyards-by-carrell/quick-move-in-homes/1064-northbridge-court-nw-56,906
north-carolina,https://www.epconcommunities.com/find-your-home/communities/north-carolina/ocean-isle-beach/brunswick/ocean-isle-beach/courtyards-by-carrell/quick-move-in-homes/1060-northbridge-court-nw-55,521
north-carolina,https://www.epconcommunities.com/find-your-home/communities/north-carolina/ocean-isle-beach/brunswick/ocean-isle-beach/courtyards-by-carrell/quick-move-in-homes/1057-northbridge-court-nw-9,696
north-carolina,https://www.epconcommunities.com/find-your-home/communities/north-carolina/ocean-isle-beach/brunswick/ocean-isle-beach/courtyards-by-carrell/quick-move-in-homes/1056-northbridge-court-nw-54,695
north-carolina,https://www.epconcommunities.com/find-your-home/communities/north-carolina/ocean-isle-beach/brunswick/ocean-isle-beach/courtyards-by-carrell/quick-move-in-homes/1040-northbridge-court-nw-50,720
north-carolina,https://www.epconcommunities.com/find-your-home/communities/north-carolina/ocean-isle-beach/brunswick/ocean-isle-beach/courtyards-by-carrell/quick-move-in-homes/1033-northbridge-court-nw-3,697
north-carolina,https://www.epconcommunities.com/find-your-home/communities/north-carolina/charlotte/mecklenburg/mint-hill/the-courtyards-at-quail-park/quick-move-in-homes/7425-purple-martin-way-46,773
north-carolina,https://www.epconcommunities.com/find-your-home/communities/north-carolina/charlotte/mecklenburg/mint-hill/the-courtyards-at-quail-park/quick-move-in-homes/7415-purple-martin-way-48,772
north-carolina,https://www.epconcommunities.com/find-your-home/communities/north-carolina/charlotte/mecklenburg/mint-hill/the-courtyards-at-quail-park/quick-move-in-homes/7411-purple-martin-way-49,784
north-carolina,https://www.epconcommunities.com/find-your-home/communities/north-carolina/charlotte/mecklenburg/mint-hill/the-courtyards-at-quail-park/quick-move-in-homes/7407-purple-martin-way-50,764
north-carolina,https://www.epconcommunities.com/find-your-home/communities/north-carolina/charlotte/mecklenburg/charlotte/the-courtyards-at-hodges-farm/quick-move-in-homes/4185-creek-bridge-circle-45,634
north-carolina,https://www.epconcommunities.com/find-your-home/communities/north-carolina/charlotte/mecklenburg/charlotte/the-courtyards-at-hodges-farm/quick-move-in-homes/3060-five-creek-road-34,805
north-carolina,https://www.epconcommunities.com/find-your-home/communities/north-carolina/charlotte/mecklenburg/charlotte/the-courtyards-at-hodges-farm/quick-move-in-homes/3048-five-creek-road-37,783
north-carolina,https://www.epconcommunities.com/find-your-home/communities/north-carolina/charlotte/mecklenburg/charlotte/the-courtyards-at-hodges-farm/quick-move-in-homes/3044-five-creek-road-38,632
north-carolina,https://www.epconcommunities.com/find-your-home/communities/north-carolina/charlotte/mecklenburg/charlotte/the-courtyards-at-hodges-farm/quick-move-in-homes/3027-five-creek-road-4,633
north-carolina,https://www.epconcommunities.com/find-your-home/communities/north-carolina/charlotte/mecklenburg/charlotte/the-courtyards-at-hodges-farm/quick-move-in-homes/3015-five-creek-road-1,873
north-carolina,https://www.epconcommunities.com/find-your-home/communities/north-carolina/charlotte/iredell/mooresville/the-courtyards-at-lake-davidson/quick-move-in-homes/243-alenda-lux-circle-76,714
north-carolina,https://www.epconcommunities.com/find-your-home/communities/north-carolina/charlotte/iredell/mooresville/the-courtyards-at-lake-davidson/quick-move-in-homes/235-alenda-lux-circle-80,715
north-carolina,https://www.epconcommunities.com/find-your-home/communities/north-carolina/charlotte/iredell/mooresville/the-courtyards-at-lake-davidson/quick-move-in-homes/114-alenda-lux-circle-3,629
north-carolina,https://www.epconcommunities.com/find-your-home/communities/north-carolina/charlotte/cabarrus/harrisburg/the-courtyards-on-robinson-church/quick-move-in-homes/8135-stillhouse-ln-28,600
north-carolina,https://www.epconcommunities.com/find-your-home/communities/north-carolina/charlotte/cabarrus/harrisburg/the-courtyards-on-robinson-church/quick-move-in-homes/8129-stillhouse-ln-27,599
north-carolina,https://www.epconcommunities.com/find-your-home/communities/north-carolina/charlotte/cabarrus/harrisburg/the-courtyards-on-robinson-church/quick-move-in-homes/8123-stillhouse-ln-26,598
north-carolina,https://www.epconcommunities.com/find-your-home/communities/north-carolina/charlotte/cabarrus/harrisburg/the-courtyards-on-robinson-church/quick-move-in-homes/8117-stillhouse-lane-25,588
north-carolina,https://www.epconcommunities.com/find-your-home/communities/north-carolina/charlotte/cabarrus/harrisburg/the-courtyards-on-robinson-church/quick-move-in-homes/7548-baybrooke-lane-76,701
missouri,https://www.epconcommunities.com/find-your-home/communities/missouri/st-louis/st-charles/dardenne-prairie/the-courtyards-at-barathaven/quick-move-in-homes/149-haven-ridge-ct-32,526
missouri,https://www.epconcommunities.com/find-your-home/communities/missouri/st-louis/st-charles/dardenne-prairie/the-courtyards-at-barathaven/quick-move-in-homes/146-haven-ridge-ct-24,561
missouri,https://www.epconcommunities.com/find-your-home/communities/missouri/st-louis/st-charles/dardenne-prairie/the-courtyards-at-barathaven/quick-move-in-homes/101-haven-ridge-ct-47,904
kentucky,https://www.epconcommunities.com/find-your-home/communities/kentucky/louisville/jefferson/louisville/the-courtyards-at-oakland-hills/quick-move-in-homes/12515-oakland-hills-trails-3,592
kentucky,https://www.epconcommunities.com/find-your-home/communities/kentucky/louisville/jefferson/louisville/the-courtyards-at-curry-farms/quick-move-in-homes/1900-dressage-40,453
kentucky,https://www.epconcommunities.com/find-your-home/communities/kentucky/louisville/jefferson/louisville/the-courtyards-at-curry-farms/quick-move-in-homes/17024-farrier-dr-118-c,838
kansas,https://www.epconcommunities.com/find-your-home/communities/kansas/wichita/sedgwick/wichita/the-courtyards-at-the-moorings/quick-move-in-homes/4550-sandkey-st-lot-3-blk-1,463
kansas,https://www.epconcommunities.com/find-your-home/communities/kansas/wichita/sedgwick/wichita/the-courtyards-at-the-moorings/quick-move-in-homes/4542-sandkey-st-lot-5-blk-1,464
kansas,https://www.epconcommunities.com/find-your-home/communities/kansas/wichita/sedgwick/wichita/the-courtyards-at-the-moorings/quick-move-in-homes/4538-n-sandkey-st-lot-6-blk-1,465
kansas,https://www.epconcommunities.com/find-your-home/communities/kansas/wichita/sedgwick/wichita/the-courtyards-at-the-moorings/quick-move-in-homes/4534-sandkey-st--sales-office-lot-7-blk-1,462
kansas,https://www.epconcommunities.com/find-your-home/communities/kansas/wichita/sedgwick/wichita/the-courtyards-at-the-moorings/quick-move-in-homes/4512-n-harborside-lot-8-blk-7,706
kansas,https://www.epconcommunities.com/find-your-home/communities/kansas/wichita/sedgwick/wichita/the-courtyards-at-the-moorings/quick-move-in-homes/4508-n-harborside-dr-lot-7-blk-7,707
kansas,https://www.epconcommunities.com/find-your-home/communities/kansas/wichita/sedgwick/wichita/the-courtyards-at-the-moorings/quick-move-in-homes/2834-shearwater-st-lot-1-blk-8,517
kansas,https://www.epconcommunities.com/find-your-home/communities/kansas/wichita/sedgwick/wichita/the-courtyards-at-the-moorings/quick-move-in-homes/2830-shearwater-st-lot-2-blk-8,468
kansas,https://www.epconcommunities.com/find-your-home/communities/kansas/wichita/sedgwick/wichita/the-courtyards-at-the-moorings/quick-move-in-homes/2722-shearwater-st-lot-3-blk-8,469
kansas,https://www.epconcommunities.com/find-your-home/communities/kansas/wichita/sedgwick/wichita/the-courtyards-at-the-moorings/quick-move-in-homes/2718-shearwater-st-lot-4-blk-8,518
kansas,https://www.epconcommunities.com/find-your-home/communities/kansas/wichita/sedgwick/wichita/the-courtyards-at-the-moorings/quick-move-in-homes/2628-shearwater-st-lot-10-blk-1,467
kansas,https://www.epconcommunities.com/find-your-home/communities/kansas/wichita/sedgwick/wichita/the-courtyards-at-the-moorings/quick-move-in-homes/2624-shearwater-st-lot-9-blk-1,516
kansas,https://www.epconcommunities.com/find-your-home/communities/kansas/wichita/sedgwick/wichita/the-courtyards-at-the-moorings/quick-move-in-homes/2620-shearwater-st-81,466
kansas,https://www.epconcommunities.com/find-your-home/communities/kansas/wichita/sedgwick/wichita/the-courtyards-at-jacobs-farm/quick-move-in-homes/14224-w-barn-owl-ct-lot-41-blk-1,803
kansas,https://www.epconcommunities.com/find-your-home/communities/kansas/wichita/sedgwick/wichita/the-courtyards-at-jacobs-farm/quick-move-in-homes/14113-barn-owl-lot-17-blk-2,802
kansas,https://www.epconcommunities.com/find-your-home/communities/kansas/wichita/sedgwick/wichita/the-courtyards-at-jacobs-farm/quick-move-in-homes/14024-barn-owl-22-1,507
kansas,https://www.epconcommunities.com/find-your-home/communities/kansas/wichita/sedgwick/wichita/the-courtyards-at-jacobs-farm/quick-move-in-homes/14015-barn-owl-lot-12-blk-2,513
kansas,https://www.epconcommunities.com/find-your-home/communities/kansas/wichita/sedgwick/wichita/the-courtyards-at-jacobs-farm/quick-move-in-homes/14011-barn-owl-lot-13-blk-2,514
kansas,https://www.epconcommunities.com/find-your-home/communities/kansas/wichita/sedgwick/wichita/the-courtyards-at-jacobs-farm/quick-move-in-homes/14007-barn-owl-lot-14blk-2,515
kansas,https://www.epconcommunities.com/find-your-home/communities/kansas/wichita/sedgwick/wichita/the-courtyards-at-jacobs-farm/quick-move-in-homes/13926-barn-owl-lot-19-blk-1,505
kansas,https://www.epconcommunities.com/find-your-home/communities/kansas/wichita/sedgwick/wichita/the-courtyards-at-jacobs-farm/quick-move-in-homes/13917-barn-owl-lot-9-blk-2,510
kansas,https://www.epconcommunities.com/find-your-home/communities/kansas/wichita/sedgwick/wichita/the-courtyards-at-jacobs-farm/quick-move-in-homes/13913-barn-owl-st-lot-6-blk-2,508
kansas,https://www.epconcommunities.com/find-your-home/communities/kansas/wichita/sedgwick/wichita/the-courtyards-at-jacobs-farm/quick-move-in-homes/13909-barn-owl-lot-7-blk-2,509
kansas,https://www.epconcommunities.com/find-your-home/communities/kansas/wichita/sedgwick/wichita/the-courtyards-at-jacobs-farm/quick-move-in-homes/13807-w-barn-owl-st-lot-1-blk-2,669
kansas,https://www.epconcommunities.com/find-your-home/communities/kansas/wichita/butler/andover/the-courtyards-at-the-heritage/quick-move-in-homes/727-lexington-lot-13-blk-2,457
kansas,https://www.epconcommunities.com/find-your-home/communities/kansas/wichita/butler/andover/the-courtyards-at-the-heritage/quick-move-in-homes/727-lexington-ln-lot-13-blk-2,907
kansas,https://www.epconcommunities.com/find-your-home/communities/kansas/wichita/butler/andover/the-courtyards-at-the-heritage/quick-move-in-homes/207-s-legacy-way-lot-2-blk-2,829
kansas,https://www.epconcommunities.com/find-your-home/communities/kansas/wichita/butler/andover/the-courtyards-at-the-heritage/quick-move-in-homes/205-heritage-way-lot-2-blk-3,458
kansas,https://www.epconcommunities.com/find-your-home/communities/kansas/wichita/butler/andover/the-courtyards-at-the-heritage/quick-move-in-homes/201-s-heritage-way-lot-2-blk-3,687
kansas,https://www.epconcommunities.com/find-your-home/communities/kansas/wichita/butler/andover/the-courtyards-at-cornerstone/quick-move-in-homes/328-pepper-tree-lot-6-blk-3,268
kansas,https://www.epconcommunities.com/find-your-home/communities/kansas/wichita/butler/andover/the-courtyards-at-cornerstone/quick-move-in-homes/322-pepper-tree-lot-5-blk-3,267
kansas,https://www.epconcommunities.com/find-your-home/communities/kansas/wichita/butler/andover/the-courtyards-at-cornerstone/quick-move-in-homes/319-boxthorn-dr-lot-5-blk-3,694
kansas,https://www.epconcommunities.com/find-your-home/communities/kansas/wichita/butler/andover/the-courtyards-at-cornerstone/quick-move-in-homes/318-boxthorn-dr-lot-16-blk-1,270
kansas,https://www.epconcommunities.com/find-your-home/communities/kansas/wichita/butler/andover/the-courtyards-at-cornerstone/quick-move-in-homes/316-w-pepper-tree-rd-lot-4-blk-2,501
kansas,https://www.epconcommunities.com/find-your-home/communities/kansas/wichita/butler/andover/the-courtyards-at-cornerstone/quick-move-in-homes/304-w-pepper-tree-rd-lot-2-blk-2,502
kansas,https://www.epconcommunities.com/find-your-home/communities/kansas/wichita/butler/andover/the-courtyards-at-cornerstone/quick-move-in-homes/300-pepper-tree-lot-1-blk-2,265
kansas,https://www.epconcommunities.com/find-your-home/communities/kansas/wichita/butler/andover/the-courtyards-at-cornerstone/quick-move-in-homes/200-boxthorn-lot-9blk-1,496
kansas,https://www.epconcommunities.com/find-your-home/communities/kansas/kansas-city/wyandotte/kansas-city/villas-of-piper-valley/quick-move-in-homes/2919-n-114th-ct-17,625
kansas,https://www.epconcommunities.com/find-your-home/communities/kansas/kansas-city/wyandotte/kansas-city/villas-of-piper-valley/quick-move-in-homes/11471-webster-ave-1,624
kansas,https://www.epconcommunities.com/find-your-home/communities/kansas/kansas-city/wyandotte/kansas-city/villas-of-piper-valley/quick-move-in-homes/11465-webster-ave-2,626
iowa,https://www.epconcommunities.com/find-your-home/communities/iowa/des-moines/polk/johnston/the-courtyards-at-windsor/quick-move-in-homes/5839-nw-90th-st-2,644
iowa,https://www.epconcommunities.com/find-your-home/communities/iowa/des-moines/polk/johnston/the-courtyards-at-windsor/quick-move-in-homes/5831-nw-90th-street-4,286
iowa,https://www.epconcommunities.com/find-your-home/communities/iowa/des-moines/polk/johnston/the-courtyards-at-windsor/quick-move-in-homes/5823-nw-90th-street-6,288
iowa,https://www.epconcommunities.com/find-your-home/communities/iowa/des-moines/polk/johnston/the-courtyards-at-windsor/quick-move-in-homes/5814-nw-90th-st-78,795
iowa,https://www.epconcommunities.com/find-your-home/communities/iowa/des-moines/polk/ankeny/the-courtyards-at-harvest-ridge/quick-move-in-homes/6207-ne-oak-ln-2,800
iowa,https://www.epconcommunities.com/find-your-home/communities/iowa/des-moines/polk/ankeny/the-courtyards-at-harvest-ridge/quick-move-in-homes/6201-ne-grant-ln-38,796
iowa,https://www.epconcommunities.com/find-your-home/communities/iowa/des-moines/dallas/waukee/the-courtyards-at-parkside/quick-move-in-homes/598-nw-creekside-dr-27,801
iowa,https://www.epconcommunities.com/find-your-home/communities/iowa/des-moines/dallas/waukee/the-courtyards-at-parkside/quick-move-in-homes/1032-nw-creekside-dr-5,798
iowa,https://www.epconcommunities.com/find-your-home/communities/iowa/des-moines/dallas/waukee/the-courtyards-at-parkside/quick-move-in-homes/1018-nw-creekside-drive-2,30
indiana,https://www.epconcommunities.com/find-your-home/communities/indiana/lafayette/tippecanoe/west-lafayette/the-courtyards-at-belle-terra/quick-move-in-homes/641-tamarind-dr-40,777
indiana,https://www.epconcommunities.com/find-your-home/communities/indiana/indianapolis/hamilton/westfield/the-courtyards-of-westfield/quick-move-in-homes/2684-town-run-ct-99,866
indiana,https://www.epconcommunities.com/find-your-home/communities/indiana/indianapolis/hamilton/westfield/the-courtyards-of-westfield/quick-move-in-homes/2683-towne-run-ct-107,871
indiana,https://www.epconcommunities.com/find-your-home/communities/indiana/indianapolis/hamilton/westfield/the-courtyards-of-westfield/quick-move-in-homes/2564-towne-run-ct-94,896
indiana,https://www.epconcommunities.com/find-your-home/communities/indiana/indianapolis/hamilton/westfield/the-courtyards-of-westfield/quick-move-in-homes/14832-higgins-dr-93,781
indiana,https://www.epconcommunities.com/find-your-home/communities/indiana/indianapolis/hamilton/westfield/the-courtyards-of-townerun/quick-move-in-homes/2412-n-keenan-circle-23,890
indiana,https://www.epconcommunities.com/find-your-home/communities/indiana/indianapolis/hamilton/westfield/the-courtyards-of-townerun/quick-move-in-homes/14902-e-keenan-cir-34,756
indiana,https://www.epconcommunities.com/find-your-home/communities/indiana/indianapolis/hamilton/westfield/the-courtyards-of-townerun/quick-move-in-homes/14896-e-keenan-cir-35,757
indiana,https://www.epconcommunities.com/find-your-home/communities/indiana/indianapolis/hamilton/westfield/the-courtyards-of-townerun/quick-move-in-homes/14890-e-keenan-cir-36,758
indiana,https://www.epconcommunities.com/find-your-home/communities/indiana/indianapolis/hamilton/westfield/the-courtyards-of-townerun/quick-move-in-homes/14866-e-keenan-circle-38,650
indiana,https://www.epconcommunities.com/find-your-home/communities/indiana/indianapolis/hamilton/westfield/the-courtyards-of-cielo-ranch/quick-move-in-homes/16292-canterwood-ct-32,877
indiana,https://www.epconcommunities.com/find-your-home/communities/indiana/indianapolis/hamilton/westfield/the-courtyards-of-cielo-ranch/quick-move-in-homes/16195-quarter-pole-lane-21,908
indiana,https://www.epconcommunities.com/find-your-home/communities/indiana/indianapolis/hamilton/westfield/the-courtyards-of-cielo-ranch/quick-move-in-homes/16184-canterwood-ct-26,854
indiana,https://www.epconcommunities.com/find-your-home/communities/indiana/indianapolis/hamilton/westfield/the-courtyards-of-cielo-ranch/quick-move-in-homes/16175-quarter-pole-lane-22,886
indiana,https://www.epconcommunities.com/find-your-home/communities/indiana/indianapolis/hamilton/westfield/the-courtyards-of-cielo-ranch/quick-move-in-homes/16170-canterwood-ct-25,897
indiana,https://www.epconcommunities.com/find-your-home/communities/indiana/indianapolis/hamilton/westfield/the-courtyards-of-cielo-ranch/quick-move-in-homes/16098-quarter-pole-lane-7,793
indiana,https://www.epconcommunities.com/find-your-home/communities/indiana/indianapolis/hamilton/noblesville/the-courtyards-of-hazel-dell/quick-move-in-homes/5945-maple-glen-dr-22,901
indiana,https://www.epconcommunities.com/find-your-home/communities/indiana/indianapolis/hamilton/noblesville/the-courtyards-of-hazel-dell/quick-move-in-homes/5918-maple-glen-dr-28,848
indiana,https://www.epconcommunities.com/find-your-home/communities/indiana/indianapolis/hamilton/noblesville/the-courtyards-of-hazel-dell/quick-move-in-homes/5915-maple-glen-drive-19,885
indiana,https://www.epconcommunities.com/find-your-home/communities/indiana/indianapolis/hamilton/noblesville/the-courtyards-of-hazel-dell/quick-move-in-homes/5903-maple-glen-dr-18,898
indiana,https://www.epconcommunities.com/find-your-home/communities/indiana/indianapolis/hamilton/noblesville/the-courtyards-of-hazel-dell/quick-move-in-homes/17345-hickory-hollow-rdg-3,899
indiana,https://www.epconcommunities.com/find-your-home/communities/indiana/indianapolis/hamilton/noblesville/the-courtyards-of-hazel-dell/quick-move-in-homes/17306--hickory-rdg-32,876
indiana,https://www.epconcommunities.com/find-your-home/communities/indiana/indianapolis/hamilton/fishers/the-courtyards-of-fishers/quick-move-in-homes/16743-sunland-farm-drive-50,865
indiana,https://www.epconcommunities.com/find-your-home/communities/indiana/indianapolis/hamilton/fishers/the-courtyards-of-fishers/quick-move-in-homes/16742-sunland-farm-drive-1,884
indiana,https://www.epconcommunities.com/find-your-home/communities/indiana/indianapolis/hamilton/fishers/the-courtyards-of-fishers/quick-move-in-homes/16695-sunland-farm-dr-48,855
indiana,https://www.epconcommunities.com/find-your-home/communities/indiana/indianapolis/boone/zionsville/the-courtyards-of-russell-oaks/quick-move-in-homes/7116-yosemite-drive-75,905
indiana,https://www.epconcommunities.com/find-your-home/communities/indiana/indianapolis/boone/zionsville/the-courtyards-of-russell-oaks/quick-move-in-homes/7086-yosemite-dr-70,867
indiana,https://www.epconcommunities.com/find-your-home/communities/indiana/indianapolis/boone/zionsville/the-courtyards-of-russell-oaks/quick-move-in-homes/7073-yosemite-dr-114,878
indiana,https://www.epconcommunities.com/find-your-home/communities/indiana/indianapolis/boone/zionsville/the-courtyards-of-russell-oaks/quick-move-in-homes/7066-shenandoah-st-125,840
indiana,https://www.epconcommunities.com/find-your-home/communities/indiana/indianapolis/boone/zionsville/the-courtyards-of-russell-oaks/quick-move-in-homes/7054-shenandoah-st-123,839
indiana,https://www.epconcommunities.com/find-your-home/communities/indiana/indianapolis/boone/zionsville/the-courtyards-of-russell-oaks/quick-move-in-homes/7051-shenandoah-st-144,902
indiana,https://www.epconcommunities.com/find-your-home/communities/indiana/indianapolis/boone/zionsville/the-courtyards-of-russell-oaks/quick-move-in-homes/7031-yosemite-drive-121,731
georgia,https://www.epconcommunities.com/find-your-home/communities/georgia/atlanta/gwinnett/dacula/the-courtyards-at-bailey-farms/quick-move-in-homes/3557-fishpond-circle-95,679
georgia,https://www.epconcommunities.com/find-your-home/communities/georgia/atlanta/gwinnett/dacula/the-courtyards-at-bailey-farms/quick-move-in-homes/3507-fishpond-circle-100,704
georgia,https://www.epconcommunities.com/find-your-home/communities/georgia/atlanta/gwinnett/dacula/the-courtyards-at-bailey-farms/quick-move-in-homes/3472-fishpond-circle-8,657
georgia,https://www.epconcommunities.com/find-your-home/communities/georgia/atlanta/gwinnett/dacula/the-courtyards-at-bailey-farms/quick-move-in-homes/3422-fishpond-circle-13,765
georgia,https://www.epconcommunities.com/find-your-home/communities/georgia/atlanta/gwinnett/dacula/the-courtyards-at-bailey-farms/quick-move-in-homes/3347-fishpond-circle-123,767
georgia,https://www.epconcommunities.com/find-your-home/communities/georgia/atlanta/gwinnett/dacula/the-courtyards-at-bailey-farms/quick-move-in-homes/3322-fishpond-circle-22,768
georgia,https://www.epconcommunities.com/find-your-home/communities/georgia/atlanta/gwinnett/dacula/the-courtyards-at-bailey-farms/quick-move-in-homes/3302-fishpond-circle-24,766
georgia,https://www.epconcommunities.com/find-your-home/communities/georgia/atlanta/forsyth/cumming/the-courtyards-of-franklin-goldmine/quick-move-in-homes/5245-maggie-mae-lane-6,483
georgia,https://www.epconcommunities.com/find-your-home/communities/georgia/atlanta/forsyth/cumming/the-courtyards-of-franklin-goldmine/quick-move-in-homes/5235-maggie-mae-lane-5,482
georgia,https://www.epconcommunities.com/find-your-home/communities/georgia/atlanta/forsyth/cumming/the-courtyards-of-franklin-goldmine/quick-move-in-homes/5225-ginger-rose-court-19,485
georgia,https://www.epconcommunities.com/find-your-home/communities/georgia/atlanta/forsyth/cumming/the-courtyards-of-franklin-goldmine/quick-move-in-homes/5210-ginger-rose-court-27,484
georgia,https://www.epconcommunities.com/find-your-home/communities/georgia/atlanta/forsyth/cumming/the-courtyards-at-post-road/quick-move-in-homes/4220-provenance-trail-3,665
georgia,https://www.epconcommunities.com/find-your-home/communities/georgia/atlanta/forsyth/cumming/the-courtyards-at-post-road/quick-move-in-homes/4210-provenance-trail-2,666
georgia,https://www.epconcommunities.com/find-your-home/communities/georgia/atlanta/forsyth/alpharetta/the-courtyards-by-the-manor/quick-move-in-homes/3580-manor-court-drive-1,680
georgia,https://www.epconcommunities.com/find-your-home/communities/georgia/atlanta/cherokee/holly-springs/the-courtyards-at-redbud-lane/quick-move-in-homes/454-sugarberry-lane-42,792
georgia,https://www.epconcommunities.com/find-your-home/communities/georgia/atlanta/cherokee/holly-springs/the-courtyards-at-redbud-lane/quick-move-in-homes/330-sassafras-way-20,788
georgia,https://www.epconcommunities.com/find-your-home/communities/georgia/atlanta/cherokee/holly-springs/the-courtyards-at-redbud-lane/quick-move-in-homes/236-persimmon-drive-10,683
georgia,https://www.epconcommunities.com/find-your-home/communities/georgia/atlanta/cherokee/holly-springs/the-courtyards-at-redbud-lane/quick-move-in-homes/216-persimmon-drive-5,882
colorado,https://www.epconcommunities.com/find-your-home/communities/colorado/grand-junction/mesa/grand-junction/chipeta-hollows/quick-move-in-homes/2984-spirit-ct-5,870
colorado,https://www.epconcommunities.com/find-your-home/communities/colorado/grand-junction/mesa/grand-junction/chipeta-hollows/quick-move-in-homes/2980-getaway-ave-16,869
colorado,https://www.epconcommunities.com/find-your-home/communities/colorado/denver/weld/fort-lupton/the-courtyards-at-lupton-village/quick-move-in-homes/308-josef-circle-lot-26,804
