state,house_url
south-carolina,https://www.truehomes.com/new-construction-homes/move-in-ready/425-myers-mayo-road-ridgeville-sc-29472
north-carolina,https://www.truehomes.com/new-construction-homes/move-in-ready/1211-links-crossing-drive-monroe-nc-28112
north-carolina,https://www.truehomes.com/new-construction-homes/move-in-ready/11735-avocet-street-charlotte-nc-28215
north-carolina,https://www.truehomes.com/new-construction-homes/move-in-ready/205-cliffwood-st-nw-unit-c-concord-nc-28027
north-carolina,https://www.truehomes.com/new-construction-homes/move-in-ready/181-n-district-avenue-clayton-nc-27527
south-carolina,https://www.truehomes.com/new-construction-homes/move-in-ready/114-crimson-drive-pageland-sc-29728
north-carolina,https://www.truehomes.com/new-construction-homes/move-in-ready/225-cliffwood-st-nw-unit-b-concord-nc-28027
north-carolina,https://www.truehomes.com/new-construction-homes/move-in-ready/1422-serrulata-drive-se-bolivia-nc-28422
north-carolina,https://www.truehomes.com/new-construction-homes/move-in-ready/8817-cranesbill-ave-colfax-nc-27235
north-carolina,https://www.truehomes.com/new-construction-homes/move-in-ready/292-nathan-dr-lillington-nc-27546
south-carolina,https://www.truehomes.com/new-construction-homes/move-in-ready/1042-marsh-harrier-dr-ravenel-sc-29470
south-carolina,https://www.truehomes.com/new-construction-homes/move-in-ready/1007-toland-dr-saint-george-sc-29477
north-carolina,https://www.truehomes.com/new-construction-homes/move-in-ready/2401-morgan-hills-drive-albemarle-nc-28001
south-carolina,https://www.truehomes.com/new-construction-homes/move-in-ready/415-myers-mayo-road-ridgeville-sc-29472
south-carolina,https://www.truehomes.com/new-construction-homes/move-in-ready/419-myers-mayo-road-ridgeville-sc-29472
north-carolina,https://www.truehomes.com/new-construction-homes/move-in-ready/225-cliffwood-st-nw-unit-d-concord-nc-28027
south-carolina,https://www.truehomes.com/new-construction-homes/move-in-ready/13124-arnold-palmer-cir-lancaster-sc-29720
north-carolina,https://www.truehomes.com/new-construction-homes/move-in-ready/2410-stonehaven-dr-albemarle-nc-28001
north-carolina,https://www.truehomes.com/new-construction-homes/move-in-ready/708-grove-street-whiteville-nc-28472
north-carolina,https://www.truehomes.com/new-construction-homes/move-in-ready/63-silent-bend-dr-clayton-nc-27527
north-carolina,https://www.truehomes.com/new-construction-homes/move-in-ready/1205-hackney-dr-elon-nc-27244
north-carolina,https://www.truehomes.com/new-construction-homes/move-in-ready/126-tillery-ln-mount-gilead-nc-27306
north-carolina,https://www.truehomes.com/new-construction-homes/move-in-ready/32-gobbler-ct-lillington-nc-27546
north-carolina,https://www.truehomes.com/new-construction-homes/move-in-ready/3805-biddle-street-greensboro-nc-27405
north-carolina,https://www.truehomes.com/new-construction-homes/move-in-ready/8819-cranesbill-ave-colfax-nc-27235
north-carolina,https://www.truehomes.com/new-construction-homes/move-in-ready/1552-moorings-circle-sw-ocean-isle-beach-nc-28469
north-carolina,https://www.truehomes.com/new-construction-homes/move-in-ready/155-soft-breeze-bend-locust-nc-28097
north-carolina,https://www.truehomes.com/new-construction-homes/move-in-ready/1815-hunter-oaks-ln-lincolnton-nc-28092
north-carolina,https://www.truehomes.com/new-construction-homes/move-in-ready/1823-hunter-oaks-ln-lincolnton-nc-28092
north-carolina,https://www.truehomes.com/new-construction-homes/move-in-ready/3434-clark-farm-rd-charlotte-nc-28213
south-carolina,https://www.truehomes.com/new-construction-homes/move-in-ready/1025-mourning-warbler-way-ravenel-sc-29470
north-carolina,https://www.truehomes.com/new-construction-homes/move-in-ready/1005-aubrieta-st-colfax-nc-27235
south-carolina,https://www.truehomes.com/new-construction-homes/move-in-ready/1031-drakeford-st-saint-george-sc-29477
north-carolina,https://www.truehomes.com/new-construction-homes/move-in-ready/1551-autumn-banks-way-high-shoals-nc-28077
north-carolina,https://www.truehomes.com/new-construction-homes/move-in-ready/1541-autumn-banks-way-high-shoals-nc-28077
south-carolina,https://www.truehomes.com/new-construction-homes/move-in-ready/1019-mourning-warbler-way-ravenel-sc-29470
north-carolina,https://www.truehomes.com/new-construction-homes/move-in-ready/240-periwinkle-place-clayton-nc-27527
south-carolina,https://www.truehomes.com/new-construction-homes/move-in-ready/420-drawbar-drive-clover-sc-29710
north-carolina,https://www.truehomes.com/new-construction-homes/move-in-ready/245-cliffwood-st-nw-unit-b-concord-nc-28027
north-carolina,https://www.truehomes.com/new-construction-homes/move-in-ready/7142-commodity-ct-mebane-nc-27302
north-carolina,https://www.truehomes.com/new-construction-homes/move-in-ready/11812-avocet-street-charlotte-nc-28215
north-carolina,https://www.truehomes.com/new-construction-homes/move-in-ready/3430-clark-farm-rd-charlotte-nc-28213
north-carolina,https://www.truehomes.com/new-construction-homes/move-in-ready/11742-avocet-street-charlotte-nc-28215
south-carolina,https://www.truehomes.com/new-construction-homes/move-in-ready/1008-house-finch-ave-ravenel-sc-29470
north-carolina,https://www.truehomes.com/new-construction-homes/move-in-ready/306-park-blvd-winston-salem-nc-27127
north-carolina,https://www.truehomes.com/new-construction-homes/move-in-ready/264-camel-crazies-pl-lillington-nc-27546
north-carolina,https://www.truehomes.com/new-construction-homes/move-in-ready/129-s-buggy-dr-benson-nc-27504
north-carolina,https://www.truehomes.com/new-construction-homes/move-in-ready/182-nashua-dr-louisburg-nc-27549
north-carolina,https://www.truehomes.com/new-construction-homes/move-in-ready/175-nathan-dr-lillington-nc-27546
north-carolina,https://www.truehomes.com/new-construction-homes/move-in-ready/127-s-buggy-dr-benson-nc-27504
north-carolina,https://www.truehomes.com/new-construction-homes/move-in-ready/147-tangle-river-dr-statesville-nc-28677
north-carolina,https://www.truehomes.com/new-construction-homes/move-in-ready/66-cedarbranch-way-erwin-nc-28339
south-carolina,https://www.truehomes.com/new-construction-homes/move-in-ready/319-jubilee-way-pageland-sc-29728
south-carolina,https://www.truehomes.com/new-construction-homes/move-in-ready/310-jubilee-way-pageland-sc-29728
north-carolina,https://www.truehomes.com/new-construction-homes/move-in-ready/2413-morgan-hills-drive-albemarle-nc-28001
north-carolina,https://www.truehomes.com/new-construction-homes/move-in-ready/2402-morgan-hills-drive-albemarle-nc-28001
south-carolina,https://www.truehomes.com/new-construction-homes/move-in-ready/1012-toland-dr-saint-george-sc-29477
north-carolina,https://www.truehomes.com/new-construction-homes/move-in-ready/2407-morgan-hills-drive-albemarle-nc-28001
north-carolina,https://www.truehomes.com/new-construction-homes/move-in-ready/2405-morgan-hills-drive-albemarle-nc-28001
north-carolina,https://www.truehomes.com/new-construction-homes/move-in-ready/220-n-district-avenue-clayton-nc-27527
south-carolina,https://www.truehomes.com/new-construction-homes/move-in-ready/1020-toland-dr-saint-george-sc-29477
north-carolina,https://www.truehomes.com/new-construction-homes/move-in-ready/114-silent-bend-dr-clayton-nc-27527
north-carolina,https://www.truehomes.com/new-construction-homes/move-in-ready/929-gondola-court-salisbury-nc-28146
north-carolina,https://www.truehomes.com/new-construction-homes/move-in-ready/935-gondola-court-salisbury-nc-28146
north-carolina,https://www.truehomes.com/new-construction-homes/move-in-ready/1329-stork-drive-salisbury-nc-28146
north-carolina,https://www.truehomes.com/new-construction-homes/move-in-ready/149-soft-breeze-bend-locust-nc-28097
north-carolina,https://www.truehomes.com/new-construction-homes/move-in-ready/104-white-horse-drive-louisburg-nc-27549
north-carolina,https://www.truehomes.com/new-construction-homes/move-in-ready/124-tillery-ln-mount-gilead-nc-27306
south-carolina,https://www.truehomes.com/new-construction-homes/move-in-ready/1039-house-finch-ave-ravenel-sc-29470
south-carolina,https://www.truehomes.com/new-construction-homes/move-in-ready/1017-mourning-warbler-way-ravenel-sc-29470
south-carolina,https://www.truehomes.com/new-construction-homes/move-in-ready/1030-house-finch-ave-ravenel-sc-29470
south-carolina,https://www.truehomes.com/new-construction-homes/move-in-ready/169-surfbird-road-summerville-sc-29486
north-carolina,https://www.truehomes.com/new-construction-homes/move-in-ready/851-gumtree-road-winston-salem-nc-27107
north-carolina,https://www.truehomes.com/new-construction-homes/move-in-ready/2130-e-holly-grove-road-lexington-nc-27292
north-carolina,https://www.truehomes.com/new-construction-homes/move-in-ready/2342-jons-creek-ln-charlotte-nc-28213
south-carolina,https://www.truehomes.com/new-construction-homes/move-in-ready/1468-equality-ave-rock-hill-sc-29730
south-carolina,https://www.truehomes.com/new-construction-homes/move-in-ready/1456-equality-ave-rock-hill-sc-29730
north-carolina,https://www.truehomes.com/new-construction-homes/move-in-ready/184-n-district-avenue-clayton-nc-27527
south-carolina,https://www.truehomes.com/new-construction-homes/move-in-ready/325-drawbar-drive-clover-sc-29710
south-carolina,https://www.truehomes.com/new-construction-homes/move-in-ready/1039-field-sparrow-dr-ravenel-sc-29470
north-carolina,https://www.truehomes.com/new-construction-homes/move-in-ready/112-overcash-rd-troutman-nc-28166
south-carolina,https://www.truehomes.com/new-construction-homes/move-in-ready/4659-monterrico-drive-lancaster-sc-29720
south-carolina,https://www.truehomes.com/new-construction-homes/move-in-ready/312-jubilee-way-pageland-sc-29728
south-carolina,https://www.truehomes.com/new-construction-homes/move-in-ready/33830-canopy-bluff-ln-lancaster-sc-29720
north-carolina,https://www.truehomes.com/new-construction-homes/move-in-ready/11730-avocet-street-charlotte-nc-28215
south-carolina,https://www.truehomes.com/new-construction-homes/move-in-ready/14133-bobby-jones-dr-lancaster-sc-29720
south-carolina,https://www.truehomes.com/new-construction-homes/move-in-ready/10345-lakeshore-drive-lancaster-sc-29720
north-carolina,https://www.truehomes.com/new-construction-homes/move-in-ready/11734-avocet-street-charlotte-nc-28215
south-carolina,https://www.truehomes.com/new-construction-homes/move-in-ready/44512-silent-meadows-dr-lancaster-sc-29720
north-carolina,https://www.truehomes.com/new-construction-homes/move-in-ready/11809-avocet-street-charlotte-nc-28215
north-carolina,https://www.truehomes.com/new-construction-homes/move-in-ready/711-bermuda-walk-sunset-beach-nc-28468
north-carolina,https://www.truehomes.com/new-construction-homes/move-in-ready/4112-country-club-rd-winston-salem-nc-27104
north-carolina,https://www.truehomes.com/new-construction-homes/move-in-ready/1175-natal-drive-se-bolivia-nc-28422
north-carolina,https://www.truehomes.com/new-construction-homes/move-in-ready/4218-arable-st-thomasville-nc-27360
north-carolina,https://www.truehomes.com/new-construction-homes/move-in-ready/212-oriole-dr-angier-nc-27501
north-carolina,https://www.truehomes.com/new-construction-homes/move-in-ready/4236-arable-st-thomasville-nc-27360
north-carolina,https://www.truehomes.com/new-construction-homes/move-in-ready/218-oriole-dr-angier-nc-27501
north-carolina,https://www.truehomes.com/new-construction-homes/move-in-ready/3703-biddle-street-greensboro-nc-27405
north-carolina,https://www.truehomes.com/new-construction-homes/move-in-ready/1218-hackney-dr-elon-nc-27244
north-carolina,https://www.truehomes.com/new-construction-homes/move-in-ready/933-aubrieta-st-colfax-nc-27235
north-carolina,https://www.truehomes.com/new-construction-homes/move-in-ready/623-bent-willow-dr-clayton-nc-27527
north-carolina,https://www.truehomes.com/new-construction-homes/move-in-ready/229-nathan-dr-lillington-nc-27546
south-carolina,https://www.truehomes.com/new-construction-homes/move-in-ready/1041-house-finch-ave-ravenel-sc-29470
north-carolina,https://www.truehomes.com/new-construction-homes/move-in-ready/155-nathan-dr-lillington-nc-27546
south-carolina,https://www.truehomes.com/new-construction-homes/move-in-ready/1046-house-finch-ave-ravenel-sc-29470
south-carolina,https://www.truehomes.com/new-construction-homes/move-in-ready/1038-house-finch-ave-ravenel-sc-29470
south-carolina,https://www.truehomes.com/new-construction-homes/move-in-ready/1013-mourning-warbler-way-ravenel-sc-29470
north-carolina,https://www.truehomes.com/new-construction-homes/move-in-ready/220-streamside-dr-red-cross-nc-28097
south-carolina,https://www.truehomes.com/new-construction-homes/move-in-ready/321-drawbar-drive-clover-sc-29710
north-carolina,https://www.truehomes.com/new-construction-homes/move-in-ready/103-nathan-dr-lillington-nc-27546
south-carolina,https://www.truehomes.com/new-construction-homes/move-in-ready/319-drawbar-drive-clover-sc-29710
north-carolina,https://www.truehomes.com/new-construction-homes/move-in-ready/2213-jons-creek-ln-charlotte-nc-28213
north-carolina,https://www.truehomes.com/new-construction-homes/move-in-ready/11738-avocet-street-charlotte-nc-28215
north-carolina,https://www.truehomes.com/new-construction-homes/move-in-ready/11805-avocet-street-charlotte-nc-28215
north-carolina,https://www.truehomes.com/new-construction-homes/move-in-ready/11840-avocet-street-charlotte-nc-28215
south-carolina,https://www.truehomes.com/new-construction-homes/move-in-ready/1385-tappan-ave-rock-hill-sc-29730
south-carolina,https://www.truehomes.com/new-construction-homes/move-in-ready/1484-equality-ave-rock-hill-sc-29730
south-carolina,https://www.truehomes.com/new-construction-homes/move-in-ready/1044-house-finch-ave-ravenel-sc-29470
north-carolina,https://www.truehomes.com/new-construction-homes/move-in-ready/250-oriole-dr-angier-nc-27501
south-carolina,https://www.truehomes.com/new-construction-homes/move-in-ready/3984-golf-ave-little-river-sc-29566
north-carolina,https://www.truehomes.com/new-construction-homes/move-in-ready/4204-arable-st-thomasville-nc-27360
north-carolina,https://www.truehomes.com/new-construction-homes/move-in-ready/3809-biddle-street-greensboro-nc-27405
north-carolina,https://www.truehomes.com/new-construction-homes/move-in-ready/2928-smithcliff-road-charlotte-nc-28208
