state,community_url,house_url,card_id
north-carolina,,https://www.fischerhomes.com/find-new-homes/ready-now/10141891/136-ogden-circle/clayton/nc/paxton,6841
north-carolina,,https://www.fischerhomes.com/find-new-homes/ready-now/10139375/174-ogden-circle/clayton/nc/winslow,6798
north-carolina,,https://www.fischerhomes.com/find-new-homes/ready-now/10143723/124-ogden-circle/clayton/nc/pearson,6884
north-carolina,,https://www.fischerhomes.com/find-new-homes/ready-now/10145086/112-ogden-circle/clayton/nc/huxley,6906
north-carolina,,https://www.fischerhomes.com/find-new-homes/ready-now/10162586/82-ogden-circle/clayton/nc/leland,7165
indiana,,https://www.fischerhomes.com/find-new-homes/ready-now/2025012664/2005-augusta-parkway/henryville/in/emmett,6668
indiana,,https://www.fischerhomes.com/find-new-homes/ready-now/2025012822/2007-augusta-parkway/henryville/in/wilmington,6044
indiana,,https://www.fischerhomes.com/find-new-homes/ready-now/2025012665/204-jacob-court/sellersburg/in/beacon,6669
indiana,,https://www.fischerhomes.com/find-new-homes/ready-now/2025012666/8222-crescent-cove/charlestown/in/jensen,6670
indiana,,https://www.fischerhomes.com/find-new-homes/ready-now/2025012988/8112-harmony-way/charlestown/in/greenbriar,6700
indiana,,https://www.fischerhomes.com/find-new-homes/ready-now/2025013088/108-patriot-loop/sellersburg/in/yosemite,6723
indiana,,https://www.fischerhomes.com/find-new-homes/ready-now/2025013257/2003-augusta-parkway/henryville/in/winston,6791
indiana,,https://www.fischerhomes.com/find-new-homes/ready-now/2025013196/2010-augusta-parkway/henryville/in/avery,6756
indiana,,https://www.fischerhomes.com/find-new-homes/ready-now/202607497/101-patriot-loop/sellersburg/in/yosemite,7143
indiana,,https://www.fischerhomes.com/find-new-homes/ready-now/202607249/303-homestead-way/sellersburg/in/wesley,7119
kentucky,,https://www.fischerhomes.com/find-new-homes/ready-now/1701947/10537-vista-view-drive/louisville/ky/grandin,6604
kentucky,,https://www.fischerhomes.com/find-new-homes/ready-now/1701932/118-misty-green-court/mt-washington/ky/jensen,6601
kentucky,,https://www.fischerhomes.com/find-new-homes/ready-now/1703177/17826-bridle-run-drive/louisville/ky/cumberland,6641
kentucky,,https://www.fischerhomes.com/find-new-homes/ready-now/1701953/10503-vista-view-drive/louisville/ky/magnolia,6605
kentucky,,https://www.fischerhomes.com/find-new-homes/ready-now/1703152/907-creativity-crossing/shelbyville/ky/calvin,6639
kentucky,,https://www.fischerhomes.com/find-new-homes/ready-now/1708841/208-preserves-blvd/mt-washington/ky/magnolia,6917
kentucky,,https://www.fischerhomes.com/find-new-homes/ready-now/1709713/11206-kaufman-farm-drive/louisville/ky/wesley,6957
kentucky,,https://www.fischerhomes.com/find-new-homes/ready-now/1703164/132-misty-green-court/mt-washington/ky/yosemite,6642
kentucky,,https://www.fischerhomes.com/find-new-homes/ready-now/1713620/171-dayflower-court/shepherdsville/ky/linden,7112
kentucky,,https://www.fischerhomes.com/find-new-homes/ready-now/1684783/225-education-way/shelbyville/ky/magnolia,6071
kentucky,,https://www.fischerhomes.com/find-new-homes/ready-now/1700365/721-learning-ridge/shelbyville/ky/beacon,6567
kentucky,,https://www.fischerhomes.com/find-new-homes/ready-now/1695984/149-sienna-drive/shepherdsville/ky/beacon,6509
kentucky,,https://www.fischerhomes.com/find-new-homes/ready-now/1703175/114-dayflower-court/shepherdsville/ky/magnolia,6671
kentucky,,https://www.fischerhomes.com/find-new-homes/ready-now/1700362/17813-bridle-run-drive/louisville/ky/beacon,6566
kentucky,,https://www.fischerhomes.com/find-new-homes/ready-now/1701298/182-wildflower-avenue/mt-washington/ky/beacon,6594
kentucky,,https://www.fischerhomes.com/find-new-homes/ready-now/1708936/143-harvest-point-way/mt-washington/ky/wembley,7111
kentucky,,https://www.fischerhomes.com/find-new-homes/ready-now/1703191/11113-compass-ave/louisville/ky/beacon,6646
kentucky,,https://www.fischerhomes.com/find-new-homes/ready-now/1700638/156-exploration-path/shelbyville/ky/wembley,6582
kentucky,,https://www.fischerhomes.com/find-new-homes/ready-now/1703769/180-meadow-rose-lane/mt-washington/ky/calvin,6674
kentucky,,https://www.fischerhomes.com/find-new-homes/ready-now/1703296/17805-bridle-run-drive/louisville/ky/yosemite,6029
kentucky,,https://www.fischerhomes.com/find-new-homes/ready-now/1703775/131-misty-green-court/mt-washington/ky/greenbriar,6675
georgia,,https://www.fischerhomes.com/find-new-homes/ready-now/7612999/716-conley-drive/canton/ga/rhodes,6373
georgia,,https://www.fischerhomes.com/find-new-homes/ready-now/7693681/82-clear-lake-parkway/hoschton/ga/winslow,6750
georgia,,https://www.fischerhomes.com/find-new-homes/ready-now/7611242/714-conley-drive/canton/ga/leland,6364
georgia,,https://www.fischerhomes.com/find-new-homes/ready-now/7693597/50-linden-court/braselton/ga/ivy,5881
georgia,,https://www.fischerhomes.com/find-new-homes/ready-now/7741638/45-traminer-way/braselton/ga/jensen,7044
georgia,,https://www.fischerhomes.com/find-new-homes/ready-now/7693276/158-warrior-court/hoschton/ga/jensen,6744
georgia,,https://www.fischerhomes.com/find-new-homes/ready-now/7693701/120-alpine-court/dallas/ga/greenbriar,6748
georgia,,https://www.fischerhomes.com/find-new-homes/ready-now/7583166/42-gold-dust-drive-unit-17-a/dawsonville/ga/wembley,6195
georgia,,https://www.fischerhomes.com/find-new-homes/ready-now/7693235/215-sage-woods-way/dallas/ga/yosemite,6742
georgia,,https://www.fischerhomes.com/find-new-homes/ready-now/7693220/221-sage-woods-way/dallas/ga/greenbriar,6741
georgia,,https://www.fischerhomes.com/find-new-homes/ready-now/7691502/132-port-way/braselton/ga/wesley,6714
georgia,,https://www.fischerhomes.com/find-new-homes/ready-now/7691625/41-cambridge-lane/dallas/ga/amelia,6719
georgia,,https://www.fischerhomes.com/find-new-homes/ready-now/7694838/1006-blossom-lane/euharlee/ga/breckenridge,6769
georgia,,https://www.fischerhomes.com/find-new-homes/ready-now/7691596/146-easton-park-boulevard/dallas/ga/edenton,6718
georgia,,https://www.fischerhomes.com/find-new-homes/ready-now/7693528/157-laurel-farms-lane/dallas/ga/edenton,6366
georgia,,https://www.fischerhomes.com/find-new-homes/ready-now/7615586/26-gold-dust-drive/dawsonville/ga/hudson,6637
georgia,,https://www.fischerhomes.com/find-new-homes/ready-now/7694845/150-hidden-fields-way/hoschton/ga/pearson,6770
georgia,,https://www.fischerhomes.com/find-new-homes/ready-now/7693202/60-linden-court/braselton/ga/blair,6738
georgia,,https://www.fischerhomes.com/find-new-homes/ready-now/7694260/220-pickens-bluff-lane/hiram/ga/grandin,6754
georgia,,https://www.fischerhomes.com/find-new-homes/ready-now/7693000/164-laurel-farms-lane/dallas/ga/edenton,6735
georgia,,https://www.fischerhomes.com/find-new-homes/ready-now/7694269/262-sage-woods-way/dallas/ga/jensen,6755
indiana,,https://www.fischerhomes.com/find-new-homes/ready-now/22079178/952-apryl-drive/greenwood/in/blair,6424
indiana,,https://www.fischerhomes.com/find-new-homes/ready-now/22071534/942-apryl-drive/greenwood/in/avery,6609
indiana,,https://www.fischerhomes.com/find-new-homes/ready-now/22075325/934-apryl-drive/greenwood/in/delaney,6690
indiana,,https://www.fischerhomes.com/find-new-homes/ready-now/22071604/14982-garden-mist-place/fishers/in/maxwell,6610
indiana,,https://www.fischerhomes.com/find-new-homes/ready-now/22071768/15018-garden-mist-place/fishers/in/wilmington,6617
indiana,,https://www.fischerhomes.com/find-new-homes/ready-now/22062466/406-elite-st/westfield/in/tustin,6230
indiana,,https://www.fischerhomes.com/find-new-homes/ready-now/22078927/418-elite-st/westfield/in/tustin,6570
indiana,,https://www.fischerhomes.com/find-new-homes/ready-now/22062460/408-elite-st/westfield/in/tustin,6229
indiana,,https://www.fischerhomes.com/find-new-homes/ready-now/22075345/7150-maidstone-cove/mccordsville/in/davinci,6691
indiana,,https://www.fischerhomes.com/find-new-homes/ready-now/22079181/7426-broadview-lane/mccordsville/in/wembley,6817
indiana,,https://www.fischerhomes.com/find-new-homes/ready-now/22054826/10358-river-park-way/indianapolis/in/wembley,6488
indiana,,https://www.fischerhomes.com/find-new-homes/ready-now/22078027/810-rosebud-ln/greenfield/in/wembley,6793
indiana,,https://www.fischerhomes.com/find-new-homes/ready-now/22042108/882-rosebud-ln/greenfield/in/wembley,6248
indiana,,https://www.fischerhomes.com/find-new-homes/ready-now/22042658/874-rosebud-ln/greenfield/in/wembley,6268
indiana,,https://www.fischerhomes.com/find-new-homes/ready-now/22078013/572-firefly-ct/greenfield/in/emmett,6792
indiana,,https://www.fischerhomes.com/find-new-homes/ready-now/22090408/6016-georgica-lane/mccordsville/in/tustin,7025
indiana,,https://www.fischerhomes.com/find-new-homes/ready-now/22088979/7164-maidstone-cove/mccordsville/in/jensen,6997
indiana,,https://www.fischerhomes.com/find-new-homes/ready-now/22088973/305-atlas-drive/lebanon/in/fairfax,6995
indiana,,https://www.fischerhomes.com/find-new-homes/ready-now/22090792/6028-georgica-lane/mccordsville/in/tustin,7036
indiana,,https://www.fischerhomes.com/find-new-homes/ready-now/22090908/6040-georgica-lane/mccordsville/in/tustin,7038
indiana,,https://www.fischerhomes.com/find-new-homes/ready-now/22089538/767-oakleaf-dr/greenfield/in/wesley,7001
ohio,,https://www.fischerhomes.com/find-new-homes/ready-now/225029990/8258-silvergrass-way/plain-city/oh/blair,6992
ohio,,https://www.fischerhomes.com/find-new-homes/ready-now/226004370/12194-taylors-way/pickerington/oh/wyatt,6933
ohio,,https://www.fischerhomes.com/find-new-homes/ready-now/225045820/8363-spenwood-way/sunbury/oh/camden,6747
ohio,,https://www.fischerhomes.com/find-new-homes/ready-now/225045669/2110-sun-dusk-way/marysville/oh/wilmington,6739
ohio,,https://www.fischerhomes.com/find-new-homes/ready-now/225042122/6321-windcliff-drive/grove-city/oh/wilmington,6631
ohio,,https://www.fischerhomes.com/find-new-homes/ready-now/225042065/409-prairie-drive/marysville/oh/cumberland,6622
ohio,,https://www.fischerhomes.com/find-new-homes/ready-now/225031353/1055-greenfield-drive/marysville/oh/denali,6728
ohio,,https://www.fischerhomes.com/find-new-homes/ready-now/225045666/2205-sunny-view-court/marysville/oh/wesley,6737
ohio,,https://www.fischerhomes.com/find-new-homes/ready-now/225042184/2140-sun-dusk-way/marysville/oh/amelia,6633
ohio,,https://www.fischerhomes.com/find-new-homes/ready-now/225043509/1510-day-break-loop/marysville/oh/hudson,6676
ohio,,https://www.fischerhomes.com/find-new-homes/ready-now/225038390/1645-day-break-loop/marysville/oh/wembley,6572
ohio,,https://www.fischerhomes.com/find-new-homes/ready-now/225045663/1327-blueberry-cove/grove-city/oh/leland,6734
ohio,,https://www.fischerhomes.com/find-new-homes/ready-now/225045824/8496-rapala-lane/pickerington/oh/charles,6746
ohio,,https://www.fischerhomes.com/find-new-homes/ready-now/226000418/2180-breezeway-place/marysville/oh/charles,6808
ohio,,https://www.fischerhomes.com/find-new-homes/ready-now/226001164/366-isaac-tharp-street/pataskala/oh/jensen,6834
ohio,,https://www.fischerhomes.com/find-new-homes/ready-now/226001903/4545-baltoro-rd/canal-winchester/oh/yosemite,6850
ohio,,https://www.fischerhomes.com/find-new-homes/ready-now/226001159/5205-apple-lane/south-bloomfield/oh/yosemite,6830
ohio,,https://www.fischerhomes.com/find-new-homes/ready-now/226000369/364-victor-drive/circleville/oh/greenbriar,6806
ohio,,https://www.fischerhomes.com/find-new-homes/ready-now/225045729/1584-day-break-loop/marysville/oh/hudson,6740
ohio,,https://www.fischerhomes.com/find-new-homes/ready-now/226001147/1225-ivy-wood-drive/sunbury/oh/winston,6835
ohio,,https://www.fischerhomes.com/find-new-homes/ready-now/226005049/2180-night-mist-way/marysville/oh/wyatt,6949
ohio,,https://www.fischerhomes.com/find-new-homes/ready-now/936797/2504-bent-grass-drive/beavercreek/oh/winslow,6311
ohio,,https://www.fischerhomes.com/find-new-homes/ready-now/936804/45-libby-hollow-street/springboro/oh/pearson,6317
ohio,,https://www.fischerhomes.com/find-new-homes/ready-now/950765/3605-cypress-pointe-drive/bellbrook/oh/charles,6838
ohio,,https://www.fischerhomes.com/find-new-homes/ready-now/949308/45-ed-knoll-bend/springboro/oh/charles,6725
ohio,,https://www.fischerhomes.com/find-new-homes/ready-now/948379/3604-cypress-pointe-drive/bellbrook/oh/calvin,6683
ohio,,https://www.fischerhomes.com/find-new-homes/ready-now/949307/86-ed-knoll-bend/springboro/oh/winston,6726
ohio,,https://www.fischerhomes.com/find-new-homes/ready-now/936754/2544-golden-leaf-drive/beavercreek/oh/grandin,6307
ohio,,https://www.fischerhomes.com/find-new-homes/ready-now/955139/2004-silver-linden-drive/tipp-city/oh/avery,7144
ohio,,https://www.fischerhomes.com/find-new-homes/ready-now/952553/407-s-landon-lane/springfield/oh/emmett,6954
ohio,,https://www.fischerhomes.com/find-new-homes/ready-now/950756/90-libby-hollow-street/springboro/oh/emmett,6839
ohio,,https://www.fischerhomes.com/find-new-homes/ready-now/936885/2587-golden-leaf-drive/beavercreek/oh/avery,6390
ohio,,https://www.fischerhomes.com/find-new-homes/ready-now/936853/2387-forest-oaks-drive/beavercreek/oh/charles,6318
ohio,,https://www.fischerhomes.com/find-new-homes/ready-now/936876/125-dan-haven-place/springboro/oh/calvin,6322
ohio,,https://www.fischerhomes.com/find-new-homes/ready-now/950741/6513-river-birch-street/tipp-city/oh/avery,6836
ohio,,https://www.fischerhomes.com/find-new-homes/ready-now/953295/819-hunters-run-drive/brookville/oh/yosemite,6973
ohio,,https://www.fischerhomes.com/find-new-homes/ready-now/934577/134-kenneth-hamilton-way/yellow-springs-vlg/oh/jensen,6185
ohio,,https://www.fischerhomes.com/find-new-homes/ready-now/942769/517-iris-drive/yellow-springs-vlg/oh/fairfax,6612
ohio,,https://www.fischerhomes.com/find-new-homes/ready-now/936812/535-iris-drive/yellow-springs-vlg/oh/fairfax,6315
ohio,,https://www.fischerhomes.com/find-new-homes/ready-now/934886/410-s-landon-lane/springfield/oh/calvin,6203
ohio,,https://www.fischerhomes.com/find-new-homes/ready-now/950761/4252-apple-branch-drive-55-201/sugarcreek-twp/oh/hayward,6983
ohio,,https://www.fischerhomes.com/find-new-homes/ready-now/947726/4228-n-apple-branch-drive-55-204/sugarcreek-twp/oh/hayward,6651
kentucky,,https://www.fischerhomes.com/find-new-homes/ready-now/639151/209-junction-way/ludlow/ky/finley,6400
kentucky,,https://www.fischerhomes.com/find-new-homes/ready-now/633293/8501-robert-grant-drive/union/ky/finley,6298
kentucky,,https://www.fischerhomes.com/find-new-homes/ready-now/638991/2438-lillywood-way/crescent-springs/ky/emmett,6807
kentucky,,https://www.fischerhomes.com/find-new-homes/ready-now/630840/4665-donegal-avenue/union/ky/blair,5942
kentucky,,https://www.fischerhomes.com/find-new-homes/ready-now/637610/3560-bullittsville-rd/burlington/ky/calvin,6608
kentucky,,https://www.fischerhomes.com/find-new-homes/ready-now/635477/272-meridian-way/fort-mitchell/ky/logan,6505
kentucky,,https://www.fischerhomes.com/find-new-homes/ready-now/631144/4653-donegal-avenue/union/ky/blair,5985
kentucky,,https://www.fischerhomes.com/find-new-homes/ready-now/635475/274-meridian-way/fort-mitchell/ky/logan,6504
kentucky,,https://www.fischerhomes.com/find-new-homes/ready-now/632966/1368-independence-road/independence/ky/yosemite,6243
kentucky,,https://www.fischerhomes.com/find-new-homes/ready-now/637568/6445-browning-trail/burlington/ky/greenbriar,6606
kentucky,,https://www.fischerhomes.com/find-new-homes/ready-now/640107/1736-cherry-blossom-drive/independence/ky/jensen,7161
kentucky,,https://www.fischerhomes.com/find-new-homes/ready-now/640090/3280-cornerstone-drive/hebron/ky/preston,7145
kentucky,,https://www.fischerhomes.com/find-new-homes/ready-now/635972/1338-parkside-dr/alexandria/ky/wembley,6525
kentucky,,https://www.fischerhomes.com/find-new-homes/ready-now/636840/1325-parkside-drive/alexandria/ky/wembley,6551
kentucky,,https://www.fischerhomes.com/find-new-homes/ready-now/636839/1321-parkside-drive/alexandria/ky/wembley,6552
kentucky,,https://www.fischerhomes.com/find-new-homes/ready-now/638246/906-walton-terrace-drive/walton/ky/hayward,6682
kentucky,,https://www.fischerhomes.com/find-new-homes/ready-now/638276/874-walton-terrace-drive/walton/ky/hayward,6687
kentucky,,https://www.fischerhomes.com/find-new-homes/ready-now/634358/766-crescent-landing/walton/ky/hayward,6383
kentucky,,https://www.fischerhomes.com/find-new-homes/ready-now/635243/867-walton-terrace-drive/walton/ky/hayward,6499
kentucky,,https://www.fischerhomes.com/find-new-homes/ready-now/638232/890-walton-terrace-drive/walton/ky/wexner,6680
kentucky,,https://www.fischerhomes.com/find-new-homes/ready-now/634543/508-station-drive/ludlow/ky/monticello,6430
ohio,,https://www.fischerhomes.com/find-new-homes/ready-now/1864659/5225-ivy-rose-lane/cincinnati/oh/blair,6782
ohio,,https://www.fischerhomes.com/find-new-homes/ready-now/1869118/5236-ivy-rose-lane/cincinnati/oh/miles,6943
ohio,,https://www.fischerhomes.com/find-new-homes/ready-now/1861203/7251-otley-drive/west-chester/oh/meridian,6634
ohio,,https://www.fischerhomes.com/find-new-homes/ready-now/1858373/7434-wetherington-lane/west-chester/oh/tustin,6534
ohio,,https://www.fischerhomes.com/find-new-homes/ready-now/1858365/7436-wetherington-lane/west-chester/oh/tustin,6533
ohio,,https://www.fischerhomes.com/find-new-homes/ready-now/1858460/7432-wetherington-lane/west-chester/oh/tustin,6530
ohio,,https://www.fischerhomes.com/find-new-homes/ready-now/1858353/7438-wetherington-lane/west-chester/oh/tustin,6532
ohio,,https://www.fischerhomes.com/find-new-homes/ready-now/1858339/7440-wetherington-lane/west-chester/oh/tustin,6536
ohio,,https://www.fischerhomes.com/find-new-homes/ready-now/1866483/3049-barnbougle-drive/cincinnati/oh/ivy,5766
ohio,,https://www.fischerhomes.com/find-new-homes/ready-now/1833184/7252-abington-way/west-chester/oh/tustin,5901
ohio,,https://www.fischerhomes.com/find-new-homes/ready-now/1860993/5200-long-meadow-drive/franklin/oh/camden,6621
ohio,,https://www.fischerhomes.com/find-new-homes/ready-now/1841379/2006-pebble-grove-way/goshen/oh/charles,6188
ohio,,https://www.fischerhomes.com/find-new-homes/ready-now/1861071/833-mulligan-place/lebanon/oh/amelia,6625
ohio,,https://www.fischerhomes.com/find-new-homes/ready-now/1861083/6071-foothills-drive/harrison/oh/yosemite,6628
ohio,,https://www.fischerhomes.com/find-new-homes/ready-now/1843343/5354-augusta-drive/lebanon/oh/northport-ii,6277
ohio,,https://www.fischerhomes.com/find-new-homes/ready-now/1864543/1061-olivewood-avenue/batavia/oh/wembley,6772
ohio,,https://www.fischerhomes.com/find-new-homes/ready-now/1842015/527-tradition-ridge/cincinnati/oh/hayward,6216
ohio,,https://www.fischerhomes.com/find-new-homes/ready-now/1842017/547-tradition-ridge/cincinnati/oh/hayward,6214
ohio,,https://www.fischerhomes.com/find-new-homes/ready-now/1842048/537-tradition-ridge/cincinnati/oh/wexner,6219
ohio,,https://www.fischerhomes.com/find-new-homes/ready-now/1835596/5883-parkview-lane-unit-301/milford/oh/hayward,5980
ohio,,https://www.fischerhomes.com/find-new-homes/ready-now/1832590/437-bethpage-way/lebanon/oh/wexner,5865
kentucky,,https://www.fischerhomes.com/find-new-homes/ready-now/1701155/309-harvest-point-way/mt-washington/ky/wembley,6590
kentucky,,https://www.fischerhomes.com/find-new-homes/ready-now/1701272/317-harvest-point-way/mt-washington/ky/wembley,6593
kentucky,,https://www.fischerhomes.com/find-new-homes/ready-now/1701286/10026-windcrest-farms-ln-13a/louisville/ky/hudson,6595
kentucky,,https://www.fischerhomes.com/find-new-homes/ready-now/1701323/10024-windcrest-farms-lane/louisville/ky/hudson,6666
kentucky,,https://www.fischerhomes.com/find-new-homes/ready-now/1700452/301-harvest-point-way/mt-washington/ky/wembley,6576
kentucky,,https://www.fischerhomes.com/find-new-homes/ready-now/1706918/246-education-way/shelbyville/ky/ivy,6831
kentucky,,https://www.fischerhomes.com/find-new-homes/ready-now/1706193/103-dayflower-court/shepherdsville/ky/ivy,6797
kentucky,,https://www.fischerhomes.com/find-new-homes/ready-now/1704796/129-sunflower-blvd/mt-washington/ky/jensen,6696
kentucky,,https://www.fischerhomes.com/find-new-homes/ready-now/1705664/164-meadow-rose-lane/mt-washington/ky/magnolia,6768
kentucky,,https://www.fischerhomes.com/find-new-homes/ready-now/1704799/121-sunflower-blvd/mt-washington/ky/wesley,6697
kentucky,,https://www.fischerhomes.com/find-new-homes/ready-now/1711646/15900-shadowalk-dr/louisville/ky/leland,7006
kentucky,,https://www.fischerhomes.com/find-new-homes/ready-now/1705344/preserves-blvd-homesite-316/mt-washington/ky/blair,6870
kentucky,,https://www.fischerhomes.com/find-new-homes/ready-now/1714387/185-meadow-rose-lane/mt-washington/ky/avery,7004
kentucky,,https://www.fischerhomes.com/find-new-homes/ready-now/1713583/preserves-blvd-homesite-310/mt-washington/ky/avery,7107
kentucky,,https://www.fischerhomes.com/find-new-homes/ready-now/1710694/189-meadow-rose-lane/mt-washington/ky/winston,7086
kentucky,,https://www.fischerhomes.com/find-new-homes/ready-now/1713262/238-education-way/shelbyville/ky/winston,7087
kentucky,,https://www.fischerhomes.com/find-new-homes/ready-now/1714986/909-creativity-crossing/shelbyville/ky/charles,7146
kentucky,,https://www.fischerhomes.com/find-new-homes/ready-now/1710975/720-learning-ridge/shelbyville/ky/jensen,6984
kentucky,,https://www.fischerhomes.com/find-new-homes/ready-now/1713755/dayflower-court-homesite-340/shepherdsville/ky/wyatt,7120
kentucky,,https://www.fischerhomes.com/find-new-homes/ready-now/1713545/8922-tribute-drive/louisville/ky/jensen,7103
kentucky,,https://www.fischerhomes.com/find-new-homes/ready-now/1710343/162-dayflower-court/shepherdsville/ky/birch,6972
georgia,,https://www.fischerhomes.com/find-new-homes/ready-now/7694457/239-sage-woods-way/dallas/ga/yosemite,6766
georgia,,https://www.fischerhomes.com/find-new-homes/ready-now/7691487/110-cherry-glen-way/euharlee/ga/breckenridge,6713
georgia,,https://www.fischerhomes.com/find-new-homes/ready-now/7695433/138-cherry-glen-way/euharlee/ga/jensen,6774
georgia,,https://www.fischerhomes.com/find-new-homes/ready-now/7695749/85-loon-lake-way/hoschton/ga/ivy,6785
georgia,,https://www.fischerhomes.com/find-new-homes/ready-now/7695757/222-loon-lake-way/hoschton/ga/avery,6786
georgia,,https://www.fischerhomes.com/find-new-homes/ready-now/7710232/58-gold-dust-dr/dawsonville/ga/wembley,6877
georgia,,https://www.fischerhomes.com/find-new-homes/ready-now/7710732/121-laurel-farms-lane/dallas/ga/maxwell,6879
georgia,,https://www.fischerhomes.com/find-new-homes/ready-now/7695547/122-tugaloo-circle-se/rome/ga/wesley,6781
georgia,,https://www.fischerhomes.com/find-new-homes/ready-now/7695439/718-conley-drive/canton/ga/winslow,6776
georgia,,https://www.fischerhomes.com/find-new-homes/ready-now/7612937/115-wood-grove-lane/canton/ga/pearson,6375
georgia,,https://www.fischerhomes.com/find-new-homes/ready-now/7725438/208-pickens-bluff-lane/hiram/ga/wyatt,6963
georgia,,https://www.fischerhomes.com/find-new-homes/ready-now/7726162/121-tugaloo-circle-se/rome/ga/jensen,6969
georgia,,https://www.fischerhomes.com/find-new-homes/ready-now/7695726/119-tugaloo-circle-se/rome/ga/breckenridge,6784
georgia,,https://www.fischerhomes.com/find-new-homes/ready-now/7745260/187-beulah-drive/hoschton/ga/paxton,7083
georgia,,https://www.fischerhomes.com/find-new-homes/ready-now/7744668/132-wood-grove-lane/canton/ga/leland,7074
georgia,,https://www.fischerhomes.com/find-new-homes/ready-now/7743675/167-wood-grove-lane/canton/ga/pearson,7064
georgia,,https://www.fischerhomes.com/find-new-homes/ready-now/7725475/103-wood-grove-lane/canton/ga/clay,6965
georgia,,https://www.fischerhomes.com/find-new-homes/ready-now/7745414/124-kerr-drive/hoschton/ga/pearson,7088
georgia,,https://www.fischerhomes.com/find-new-homes/ready-now/7745290/229-kerr-drive/hoschton/ga/margot,7082
georgia,,https://www.fischerhomes.com/find-new-homes/ready-now/7737299/159-hidden-fields-way/hoschton/ga/leland,7012
georgia,,https://www.fischerhomes.com/find-new-homes/ready-now/7744798/320-cherokee-rose-lane/hoschton/ga/clay,7072
indiana,,https://www.fischerhomes.com/find-new-homes/ready-now/22083228/15387-clearstream-drive/fishers/in/carrington,6908
indiana,,https://www.fischerhomes.com/find-new-homes/ready-now/22083219/12001-water-bluff-place/fishers/in/winston,6907
indiana,,https://www.fischerhomes.com/find-new-homes/ready-now/22090382/6171-hampton-walk-boulevard/mccordsville/in/carrington,7020
indiana,,https://www.fischerhomes.com/find-new-homes/ready-now/22090377/6179-hampton-walk-boulevard/mccordsville/in/winston,7019
indiana,,https://www.fischerhomes.com/find-new-homes/ready-now/22088980/6228-hampton-walk-boulevard/mccordsville/in/emmett,6998
indiana,,https://www.fischerhomes.com/find-new-homes/ready-now/22088977/9570-hemingway-drive/indianapolis/in/emmett,6993
indiana,,https://www.fischerhomes.com/find-new-homes/ready-now/22088981/615-firefly-court/greenfield/in/winston,6999
indiana,,https://www.fischerhomes.com/find-new-homes/ready-now/22084493/438-elite-street/westfield/in/tustin,6937
indiana,,https://www.fischerhomes.com/find-new-homes/ready-now/22089028/9541-jadestone-way/indianapolis/in/breckenridge,6994
indiana,,https://www.fischerhomes.com/find-new-homes/ready-now/22084727/436-elite-street/westfield/in/tustin,6938
indiana,,https://www.fischerhomes.com/find-new-homes/ready-now/22093805/9560-jadestone-way/indianapolis/in/fairfax,7104
indiana,,https://www.fischerhomes.com/find-new-homes/ready-now/22088982/783-oakleaf-trail/greenfield/in/greenbriar,7000
indiana,,https://www.fischerhomes.com/find-new-homes/ready-now/22090190/9564-hemingway-drive/indianapolis/in/carrington,7015
indiana,,https://www.fischerhomes.com/find-new-homes/ready-now/22090398/659-firefly-court/greenfield/in/avery,7023
indiana,,https://www.fischerhomes.com/find-new-homes/ready-now/22084873/434-elite-street/westfield/in/tustin,6939
indiana,,https://www.fischerhomes.com/find-new-homes/ready-now/22085424/430-elite-street/westfield/in/meridian,6946
indiana,,https://www.fischerhomes.com/find-new-homes/ready-now/22084487/432-elite-street/westfield/in/tustin,6940
indiana,,https://www.fischerhomes.com/find-new-homes/ready-now/22090373/9547-jadestone-way/indianapolis/in/wesley,7018
indiana,,https://www.fischerhomes.com/find-new-homes/ready-now/22094106/7434-broadview-lane/mccordsville/in/wembley,7118
indiana,,https://www.fischerhomes.com/find-new-homes/ready-now/22090404/869-rosebud-lane/greenfield/in/wembley,7024
ohio,,https://www.fischerhomes.com/find-new-homes/ready-now/226004855/12086-starling-street/plain-city/oh/denali,6944
ohio,,https://www.fischerhomes.com/find-new-homes/ready-now/226003928/8338-spenwood-way/sunbury/oh/amelia,6916
ohio,,https://www.fischerhomes.com/find-new-homes/ready-now/226005054/2170-sunny-view-court/marysville/oh/jensen,6950
ohio,,https://www.fischerhomes.com/find-new-homes/ready-now/226006984/5204-apple-lane/south-bloomfield/oh/jensen,6985
ohio,,https://www.fischerhomes.com/find-new-homes/ready-now/226004139/10290-fox-hill-court/plain-city/oh/paxton,6926
ohio,,https://www.fischerhomes.com/find-new-homes/ready-now/226004075/8356-tranquil-trail/canal-winchester/oh/grandin,6925
ohio,,https://www.fischerhomes.com/find-new-homes/ready-now/226009145/119-littondale-drive/delaware/oh/carrington,7051
ohio,,https://www.fischerhomes.com/find-new-homes/ready-now/226006948/216-painter-st/pickerington/oh/blair,6988
ohio,,https://www.fischerhomes.com/find-new-homes/ready-now/226005335/8352-tranquil-trail/canal-winchester/oh/wyatt,6960
ohio,,https://www.fischerhomes.com/find-new-homes/ready-now/226001933/116-gold-finch-st/pickerington/oh/avery,6858
ohio,,https://www.fischerhomes.com/find-new-homes/ready-now/226003953/8237-sycamore-hollow-drive/canal-winchester/oh/jensen,6918
ohio,,https://www.fischerhomes.com/find-new-homes/ready-now/226009136/4583-baltoro-rd/canal-winchester/oh/breckenridge,7045
ohio,,https://www.fischerhomes.com/find-new-homes/ready-now/226005364/8239-sycamore-hollow-drive/canal-winchester/oh/yosemite,6959
ohio,,https://www.fischerhomes.com/find-new-homes/ready-now/226008060/8244-sycamore-hollow-drive/canal-winchester/oh/fairfax,7013
ohio,,https://www.fischerhomes.com/find-new-homes/ready-now/226004047/6051-windcliff-drive-east/grove-city/oh/camden,6923
ohio,,https://www.fischerhomes.com/find-new-homes/ready-now/226006939/1539-georgia-road/circleville/oh/breckenridge,6987
ohio,,https://www.fischerhomes.com/find-new-homes/ready-now/226007448/8047-edgewater-crossing/canal-winchester/oh/wembley,7138
ohio,,https://www.fischerhomes.com/find-new-homes/ready-now/226008158/1338-blueberry-cove/grove-city/oh/mitchell,7016
ohio,,https://www.fischerhomes.com/find-new-homes/ready-now/226008034/116-encore-park-bend/powell/oh/oakley,7009
ohio,,https://www.fischerhomes.com/find-new-homes/ready-now/226010265/1292-hawthorne-parkway/grove-city/oh/avery,7090
ohio,,https://www.fischerhomes.com/find-new-homes/ready-now/226011792/359-isaac-tharp-street/pataskala/oh/cumberland,7136
ohio,,https://www.fischerhomes.com/find-new-homes/ready-now/940212/4208-n-golden-clove-bend/dayton/oh/monticello,6477
ohio,,https://www.fischerhomes.com/find-new-homes/ready-now/940207/4214-n-golden-clove-bend/dayton/oh/monticello,6476
ohio,,https://www.fischerhomes.com/find-new-homes/ready-now/942640/4236-apple-branch-drive/dayton/oh/monticello,6516
ohio,,https://www.fischerhomes.com/find-new-homes/ready-now/939204/2727-golden-leaf-drive/beavercreek/oh/kimbell-ac,6396
ohio,,https://www.fischerhomes.com/find-new-homes/ready-now/951766/6507-river-birch-street/tipp-city/oh/blair,6901
ohio,,https://www.fischerhomes.com/find-new-homes/ready-now/951757/6525-river-birch-street/tipp-city/oh/charles,6898
ohio,,https://www.fischerhomes.com/find-new-homes/ready-now/950746/6432-river-birch-street/tipp-city/oh/greenbriar,6837
ohio,,https://www.fischerhomes.com/find-new-homes/ready-now/947722/2653-verdant-lane/fairborn/oh/hayward,6648
ohio,,https://www.fischerhomes.com/find-new-homes/ready-now/947733/2657-verdant-lane/fairborn/oh/hayward,6650
ohio,,https://www.fischerhomes.com/find-new-homes/ready-now/947711/2651-verdant-lane/fairborn/oh/wexner,6647
ohio,,https://www.fischerhomes.com/find-new-homes/ready-now/947728/2655-verdant-lane/fairborn/oh/wexner,6649
ohio,,https://www.fischerhomes.com/find-new-homes/ready-now/952298/6495-river-birch-street/tipp-city/oh/winston,6930
ohio,,https://www.fischerhomes.com/find-new-homes/ready-now/951768/6501-river-birch-street/tipp-city/oh/calvin,6902
ohio,,https://www.fischerhomes.com/find-new-homes/ready-now/952302/6447-river-birch-street/tipp-city/oh/jensen,6931
ohio,,https://www.fischerhomes.com/find-new-homes/ready-now/951773/6438-river-birch-street/tipp-city/oh/yosemite,6903
ohio,,https://www.fischerhomes.com/find-new-homes/ready-now/955112/189-farmstead-blvd/springboro/oh/carrington,7053
ohio,,https://www.fischerhomes.com/find-new-homes/ready-now/954721/186-farmstead-blvd/springboro/oh/avery,7026
ohio,,https://www.fischerhomes.com/find-new-homes/ready-now/954845/178-farmstead-blvd/springboro/oh/wyatt,7032
ohio,,https://www.fischerhomes.com/find-new-homes/ready-now/955034/181-farmstead-blvd/springboro/oh/charles,7048
ohio,,https://www.fischerhomes.com/find-new-homes/ready-now/952112/6519-river-birch-street/tipp-city/oh/grandin,6922
ohio,,https://www.fischerhomes.com/find-new-homes/ready-now/951753/405-south-landon-lane/springfield/oh/winston,6900
kentucky,,https://www.fischerhomes.com/find-new-homes/ready-now/638220/886-walton-terrace-drive/walton/ky/wexner,6678
kentucky,,https://www.fischerhomes.com/find-new-homes/ready-now/634518/556-foxhill-drive/crescent-springs/ky/wexner,6422
kentucky,,https://www.fischerhomes.com/find-new-homes/ready-now/638274/882-walton-terrace-drive/walton/ky/wexner,6686
kentucky,,https://www.fischerhomes.com/find-new-homes/ready-now/638275/894-walton-terrace-drive/walton/ky/wexner,6685
kentucky,,https://www.fischerhomes.com/find-new-homes/ready-now/634458/754-crescent-landing/walton/ky/wexner,6413
kentucky,,https://www.fischerhomes.com/find-new-homes/ready-now/633167/810-walton-terrace-drive/walton/ky/wexner,6288
kentucky,,https://www.fischerhomes.com/find-new-homes/ready-now/638834/2477-ruthwood-lane/crescent-springs/ky/calvin,6794
kentucky,,https://www.fischerhomes.com/find-new-homes/ready-now/636583/4737-donegal-avenue/union/ky/mitchell,6603
kentucky,,https://www.fischerhomes.com/find-new-homes/ready-now/637451/714-willow-green-dr/independence/ky/jensen,6597
kentucky,,https://www.fischerhomes.com/find-new-homes/ready-now/634617/528-station-drive/ludlow/ky/monticello,6456
kentucky,,https://www.fischerhomes.com/find-new-homes/ready-now/639634/7716-otoole-street/union/ky/breckenridge,6897
kentucky,,https://www.fischerhomes.com/find-new-homes/ready-now/639605/6453-browning-trail/burlington/ky/yosemite,6887
kentucky,,https://www.fischerhomes.com/find-new-homes/ready-now/637455/718-willow-green-dr/independence/ky/preston,6598
kentucky,,https://www.fischerhomes.com/find-new-homes/ready-now/639502/1707-cherry-blossom-drive/independence/ky/danville,6878
kentucky,,https://www.fischerhomes.com/find-new-homes/ready-now/639811/916-walton-terrace-drive/walton/ky/hayward,6919
kentucky,,https://www.fischerhomes.com/find-new-homes/ready-now/639808/920-walton-terrace-drive/walton/ky/hayward,6920
kentucky,,https://www.fischerhomes.com/find-new-homes/ready-now/638784/548-station-drive/ludlow/ky/monticello,6775
kentucky,,https://www.fischerhomes.com/find-new-homes/ready-now/638787/552-station-drive/ludlow/ky/kimbell-ac,6779
kentucky,,https://www.fischerhomes.com/find-new-homes/ready-now/639805/928-walton-terrace-drive/walton/ky/kimbell-ac,6921
kentucky,,https://www.fischerhomes.com/find-new-homes/ready-now/636858/959-fairbanks-lane/southgate/ky/finley,6554
kentucky,,https://www.fischerhomes.com/find-new-homes/ready-now/639527/737-man-o-war-blvd/union/ky/teagan,6974
ohio,,https://www.fischerhomes.com/find-new-homes/ready-now/1832117/417-bethpage-way/lebanon/oh/wexner,5840
ohio,,https://www.fischerhomes.com/find-new-homes/ready-now/1816560/473-bethpage-way/lebanon/oh/wexner,5450
ohio,,https://www.fischerhomes.com/find-new-homes/ready-now/1842022/531-tradition-ridge/cincinnati/oh/wexner,6215
ohio,,https://www.fischerhomes.com/find-new-homes/ready-now/1832081/413-bethpage-way/lebanon/oh/kimbell-ac,5839
ohio,,https://www.fischerhomes.com/find-new-homes/ready-now/1842045/539-tradition-ridge/cincinnati/oh/monticello,6217
ohio,,https://www.fischerhomes.com/find-new-homes/ready-now/1831986/441-bethpage-way/lebanon/oh/kimbell-ac,6106
ohio,,https://www.fischerhomes.com/find-new-homes/ready-now/1839671/5883-parkview-lane-unit-305/milford/oh/kimbell-ac,6126
ohio,,https://www.fischerhomes.com/find-new-homes/ready-now/1835573/5883-parkview-lane-unit-300/milford/oh/kimbell-ac,5979
ohio,,https://www.fischerhomes.com/find-new-homes/ready-now/1862602/5165-rowan-drive/cincinnati/oh/wyatt,6677
ohio,,https://www.fischerhomes.com/find-new-homes/ready-now/1866865/7863-horizon-bend/maineville/oh/fairfax,6861
ohio,,https://www.fischerhomes.com/find-new-homes/ready-now/1864046/4002-highland-court/harrison/oh/emmett,6721
ohio,,https://www.fischerhomes.com/find-new-homes/ready-now/1866853/1204-buxton-oaks-drive/amelia/oh/jensen,6860
ohio,,https://www.fischerhomes.com/find-new-homes/ready-now/1864527/6780-crestbrook-drive/goshen/oh/fairfax,6856
ohio,,https://www.fischerhomes.com/find-new-homes/ready-now/1864466/6779-crestbrook-drive/goshen/oh/wesley,6855
ohio,,https://www.fischerhomes.com/find-new-homes/ready-now/1865384/5890-parkview-lane-unit-201/milford/oh/hayward,6810
ohio,,https://www.fischerhomes.com/find-new-homes/ready-now/1864456/5890-parkview-lane-unit-204/milford/oh/hayward,6763
ohio,,https://www.fischerhomes.com/find-new-homes/ready-now/1863897/1593-summerview-lane/milford/oh/hudson,6710
ohio,,https://www.fischerhomes.com/find-new-homes/ready-now/1864481/5890-parkview-lane-unit-301/milford/oh/hayward,6765
ohio,,https://www.fischerhomes.com/find-new-homes/ready-now/1864425/1062-olivewood-avenue/batavia/oh/wembley,6752
ohio,,https://www.fischerhomes.com/find-new-homes/ready-now/1863888/1591-summerview-lane/milford/oh/hudson,6711
ohio,,https://www.fischerhomes.com/find-new-homes/ready-now/1863880/1595-summerview-lane/milford/oh/hudson,6712
kentucky,,https://www.fischerhomes.com/find-new-homes/ready-now/1704817/716-learning-ridge/shelbyville/ky/yosemite,6698
kentucky,,https://www.fischerhomes.com/find-new-homes/ready-now/1713586/misty-green-court-homesite-422/mt-washington/ky/jensen,7106
kentucky,,https://www.fischerhomes.com/find-new-homes/ready-now/1713589/mud-hen-drive-homesite-316/shepherdsville/ky/jensen,7108
kentucky,,https://www.fischerhomes.com/find-new-homes/ready-now/1705010/17901-bridle-run-drive/louisville/ky/greenbriar,6703
kentucky,,https://www.fischerhomes.com/find-new-homes/ready-now/1713531/wildflower-avenue-homesite-195/mt-washington/ky/yosemite,7099
kentucky,,https://www.fischerhomes.com/find-new-homes/ready-now/1714057/68-hearthstone-lane/radcliff/ky/jensen,7128
kentucky,,https://www.fischerhomes.com/find-new-homes/ready-now/1713617/702-learning-ridge/shelbyville/ky/greenbriar,7110
kentucky,,https://www.fischerhomes.com/find-new-homes/ready-now/1713608/bethel-springs-drive-homesite-222/mt-washington/ky/jensen,7109
kentucky,,https://www.fischerhomes.com/find-new-homes/ready-now/1710077/108-hearthstone-lane/radcliff/ky/yosemite,6966
kentucky,,https://www.fischerhomes.com/find-new-homes/ready-now/1710708/sunset-way-homesite-214a/mt-washington/ky/wembley,6981
kentucky,,https://www.fischerhomes.com/find-new-homes/ready-now/1710889/sunset-way-homesite-214b/mt-washington/ky/wembley,6982
kentucky,,https://www.fischerhomes.com/find-new-homes/ready-now/1713346/bethel-springs-drive-homesite-219/mt-washington/ky/yosemite,7095
kentucky,,https://www.fischerhomes.com/find-new-homes/ready-now/1714056/98-hearthstone-lane/radcliff/ky/davinci,6970
kentucky,,https://www.fischerhomes.com/find-new-homes/ready-now/1710758/sunset-way-homesite-212a/mt-washington/ky/wembley,6979
kentucky,,https://www.fischerhomes.com/find-new-homes/ready-now/1710757/sunset-way-homesite-212b/mt-washington/ky/wembley,6980
kentucky,,https://www.fischerhomes.com/find-new-homes/ready-now/1710668/120-hearthstone-lane/radcliff/ky/wesley,6977
kentucky,,https://www.fischerhomes.com/find-new-homes/ready-now/1707271/160-exploration-path/shelbyville/ky/wembley,6840
kentucky,,https://www.fischerhomes.com/find-new-homes/ready-now/1714381/621-revelation-way/shelbyville/ky/wembley,7137
kentucky,,https://www.fischerhomes.com/find-new-homes/ready-now/1715023/623-revelation-way/shelbyville/ky/wembley,7149
kentucky,,https://www.fischerhomes.com/find-new-homes/ready-now/1712199/10015-windcrest-farms-lane/louisville/ky/wembley,7040
kentucky,,https://www.fischerhomes.com/find-new-homes/ready-now/1712196/10013-windcrest-farms-lane/louisville/ky/wembley,7039
georgia,,https://www.fischerhomes.com/find-new-homes/ready-now/7744809/34-park-village-bend/dallas/ga/ivy,7067
georgia,,https://www.fischerhomes.com/find-new-homes/ready-now/7743687/46-park-village-bend/dallas/ga/olive,7062
georgia,,https://www.fischerhomes.com/find-new-homes/ready-now/7725457/188-warrior-court/hoschton/ga/breckenridge,6964
georgia,,https://www.fischerhomes.com/find-new-homes/ready-now/7745636/40-park-village-bend/dallas/ga/linden,7084
georgia,,https://www.fischerhomes.com/find-new-homes/ready-now/7745640/47-park-village-bend/dallas/ga/morgan,7123
georgia,,https://www.fischerhomes.com/find-new-homes/ready-now/7745753/146-warrior-court/hoschton/ga/yosemite,7085
georgia,,https://www.fischerhomes.com/find-new-homes/ready-now/7737245/176-easton-park-boulevard/dallas/ga/wilmington,7010
georgia,,https://www.fischerhomes.com/find-new-homes/ready-now/7726156/27-village-drive/dawsonville/ga/wembley,6967
georgia,,https://www.fischerhomes.com/find-new-homes/ready-now/7725419/25-village-drive/dawsonville/ga/wembley,6961
georgia,,https://www.fischerhomes.com/find-new-homes/ready-now/7751826/43-gold-dust-dr/dawsonville/ga/wembley,7135
georgia,,https://www.fischerhomes.com/find-new-homes/ready-now/7751801/41-gold-dust-dr/dawsonville/ga/wembley,7134
georgia,,https://www.fischerhomes.com/find-new-homes/ready-now/7747728/5-tugaloo-circle-se/rome/ga/yosemite,7098
georgia,,https://www.fischerhomes.com/find-new-homes/ready-now/7751743/125-cherry-glen-way/euharlee/ga/wesley,7132
ohio,,https://www.fischerhomes.com/find-new-homes/ready-now/226010267/4589-baltoro-rd/canal-winchester/oh/cumberland,7091
ohio,,https://www.fischerhomes.com/find-new-homes/ready-now/226011794/5214-apple-lane/south-bloomfield/oh/fairfax,7133
ohio,,https://www.fischerhomes.com/find-new-homes/ready-now/226008160/8402-serenity-street/canal-winchester/oh/wembley,7017
ohio,,https://www.fischerhomes.com/find-new-homes/ready-now/226012308/1605-day-break-loop/marysville/oh/wembley,7142
ohio,,https://www.fischerhomes.com/find-new-homes/ready-now/954855/690-deerhurst-drive/vandalia/oh/jensen,7033
ohio,,https://www.fischerhomes.com/find-new-homes/ready-now/952880/101-meadowlark-lane/brookville/oh/wembley,6958
ohio,,https://www.fischerhomes.com/find-new-homes/ready-now/947925/415-pilot-point/vandalia/oh/hayward,6657
ohio,,https://www.fischerhomes.com/find-new-homes/ready-now/942871/485-pilot-point/vandalia/oh/hayward,6528
ohio,,https://www.fischerhomes.com/find-new-homes/ready-now/947954/445-pilot-point-1-203/vandalia/oh/wexner,6663
ohio,,https://www.fischerhomes.com/find-new-homes/ready-now/947949/435-pilot-point/vandalia/oh/wexner,6665
ohio,,https://www.fischerhomes.com/find-new-homes/ready-now/947926/425-pilot-point/vandalia/oh/kimbell-ac,6658
ohio,,https://www.fischerhomes.com/find-new-homes/ready-now/942844/475-pilot-point/vandalia/oh/kimbell-ac,6527
ohio,,https://www.fischerhomes.com/find-new-homes/ready-now/957230/2460-bent-grass-drive/beavercreek/oh/rhodes,7153
ohio,,https://www.fischerhomes.com/find-new-homes/ready-now/954771/deerpath-circle-homesite-40/bellbrook/oh/winston,7034
ohio,,https://www.fischerhomes.com/find-new-homes/ready-now/955433/deerpath-circle-homesite-41/bellbrook/oh/blair,7068
ohio,,https://www.fischerhomes.com/find-new-homes/ready-now/955042/deerpath-circle-homesite-42/bellbrook/oh/wyatt,7049
ohio,,https://www.fischerhomes.com/find-new-homes/ready-now/955117/tate-drive-homesite-50/bellbrook/oh/emmett,7054
ohio,,https://www.fischerhomes.com/find-new-homes/ready-now/954866/68-ed-knoll-bend/springboro/oh/calvin,7041
ohio,,https://www.fischerhomes.com/find-new-homes/ready-now/954810/2572-golden-leaf-drive/beavercreek/oh/charles,7030
ohio,,https://www.fischerhomes.com/find-new-homes/ready-now/957460/622-tulip-court/yellow-springs/oh/jensen,7167
ohio,,https://www.fischerhomes.com/find-new-homes/ready-now/957298/143-kenneth-hamilton-way/yellow-springs/oh/yosemite,7156
ohio,,https://www.fischerhomes.com/find-new-homes/ready-now/957304/154-kenneth-hamilton-way/yellow-springs/oh/greenbriar,7157
ohio,,https://www.fischerhomes.com/find-new-homes/ready-now/957309/540-iris-drive/yellow-springs/oh/davinci,7158
ohio,,https://www.fischerhomes.com/find-new-homes/ready-now/954839/6420-river-birch-street/tipp-city/oh/davinci,7031
ohio,,https://www.fischerhomes.com/find-new-homes/ready-now/955562/499-greendell-bend/fairborn/oh/hayward,7079
kentucky,,https://www.fischerhomes.com/find-new-homes/ready-now/639085/6914-green-isle-lane/union/ky/charles,6820
kentucky,,https://www.fischerhomes.com/find-new-homes/ready-now/640757/429-flightline-drive/union/ky/wyatt,7022
kentucky,,https://www.fischerhomes.com/find-new-homes/ready-now/638976/3888-emerald-isle-drive/union/ky/wyatt,6804
kentucky,,https://www.fischerhomes.com/find-new-homes/ready-now/640812/3570-bullittsville-rd/burlington/ky/charles,7028
kentucky,,https://www.fischerhomes.com/find-new-homes/ready-now/639100/262-meridian-way/fort-mitchell/ky/logan,6822
kentucky,,https://www.fischerhomes.com/find-new-homes/ready-now/639147/258-meridian-way/fort-mitchell/ky/logan,6827
kentucky,,https://www.fischerhomes.com/find-new-homes/ready-now/639146/260-meridian-way/fort-mitchell/ky/logan,6826
kentucky,,https://www.fischerhomes.com/find-new-homes/ready-now/639083/256-meridian-way/fort-mitchell/ky/logan,6975
kentucky,,https://www.fischerhomes.com/find-new-homes/ready-now/639918/6886-green-isle-lane/union/ky/maxwell,6936
kentucky,,https://www.fischerhomes.com/find-new-homes/ready-now/639988/10529-greenbrook-drive/independence/ky/jensen,6941
kentucky,,https://www.fischerhomes.com/find-new-homes/ready-now/639907/9543-los-alos-court/florence/ky/yosemite,6932
kentucky,,https://www.fischerhomes.com/find-new-homes/ready-now/639778/2309-oclery-avenue/union/ky/amelia,6911
kentucky,,https://www.fischerhomes.com/find-new-homes/ready-now/641038/4928-kerry-crossing/union/ky/greenbriar,7065
kentucky,,https://www.fischerhomes.com/find-new-homes/ready-now/639853/9530-los-alos-court/florence/ky/danville,6927
kentucky,,https://www.fischerhomes.com/find-new-homes/ready-now/640657/12105-aosta-valley-drive/walton/ky/jensen,7003
kentucky,,https://www.fischerhomes.com/find-new-homes/ready-now/641045/9510-los-alos-court/florence/ky/greenbriar,7071
kentucky,,https://www.fischerhomes.com/find-new-homes/ready-now/640758/12090-aosta-valley-drive/walton/ky/danville,7021
kentucky,,https://www.fischerhomes.com/find-new-homes/ready-now/639111/3955-volterra-lane/covington/ky/wembley,6825
kentucky,,https://www.fischerhomes.com/find-new-homes/ready-now/639090/3957-volterra-lane/covington/ky/wembley,6824
kentucky,,https://www.fischerhomes.com/find-new-homes/ready-now/639552/1346-parkside-dr/alexandria/ky/wembley,6885
kentucky,,https://www.fischerhomes.com/find-new-homes/ready-now/639547/1331-parkside-dr/alexandria/ky/wembley,6886
ohio,,https://www.fischerhomes.com/find-new-homes/ready-now/1864448/5890-parkview-lane/miami-twp/oh/wexner,6761
ohio,,https://www.fischerhomes.com/find-new-homes/ready-now/1864458/5890-parkview-lane/miami-twp/oh/kimbell-ac,6764
ohio,,https://www.fischerhomes.com/find-new-homes/ready-now/1866723/1978-salt-run-way/maineville/oh/carrington,6849
ohio,,https://www.fischerhomes.com/find-new-homes/ready-now/1868280/1290-trailhead-place/harrison/oh/charles,6909
ohio,,https://www.fischerhomes.com/find-new-homes/ready-now/1868276/1316-trailhead-place/harrison/oh/wyatt,6910
ohio,,https://www.fischerhomes.com/find-new-homes/ready-now/1865403/403-bandon-dunes-court/turtle-creek-twp/oh/waterton,6818
ohio,,https://www.fischerhomes.com/find-new-homes/ready-now/1864465/415-bandon-dunes-court/turtle-creek-twp/oh/saybrook,6757
ohio,,https://www.fischerhomes.com/find-new-homes/ready-now/1867914/8039-rock-island-drive/harrison/oh/fairfax,6896
ohio,,https://www.fischerhomes.com/find-new-homes/ready-now/1864762/407-bandon-dunes-court/turtle-creek-twp/oh/northport-ii,6789
ohio,,https://www.fischerhomes.com/find-new-homes/ready-now/1865418/5892-parkview-lane/miami-twp/oh/hayward,6811
ohio,,https://www.fischerhomes.com/find-new-homes/ready-now/1864472/411-bandon-dunes-court/turtle-creek-twp/oh/baypoint-ii,6758
ohio,,https://www.fischerhomes.com/find-new-homes/ready-now/1865472/5892-parkview-lane/miami-twp/oh/hayward,6813
ohio,,https://www.fischerhomes.com/find-new-homes/ready-now/1864456/5890-parkview-lane/miami-twp/oh/hayward,6763
ohio,,https://www.fischerhomes.com/find-new-homes/ready-now/1864663/5890-parkview-lane/miami-twp/oh/hayward,6783
ohio,,https://www.fischerhomes.com/find-new-homes/ready-now/1868785/5892-parkview-lane/miami-twp/oh/wexner,6929
ohio,,https://www.fischerhomes.com/find-new-homes/ready-now/1865420/5892-parkview-lane/miami-twp/oh/wexner,6812
ohio,,https://www.fischerhomes.com/find-new-homes/ready-now/1864453/5890-parkview-lane/miami-twp/oh/wexner,6762
ohio,,https://www.fischerhomes.com/find-new-homes/ready-now/1864780/5890-parkview-lane/miami-twp/oh/wexner,6800
ohio,,https://www.fischerhomes.com/find-new-homes/ready-now/1864618/5890-parkview-lane/miami-twp/oh/kimbell-ac,6778
ohio,,https://www.fischerhomes.com/find-new-homes/ready-now/1866746/3806-sturbridge-way/pierce-twp/oh/pearson,6857
ohio,,https://www.fischerhomes.com/find-new-homes/ready-now/1872526/5019-bunker-street/turtle-creek-twp/oh/finley,7029
kentucky,,https://www.fischerhomes.com/find-new-homes/ready-now/1710684/187-bethel-springs-drive/mt-washington/ky/wesley,6976
kentucky,,https://www.fischerhomes.com/find-new-homes/ready-now/1714083/bethel-springs-drive-homesite-223/mt-washington/ky/beacon,7130
kentucky,,https://www.fischerhomes.com/find-new-homes/ready-now/1705343/misty-green-court-homesite-423/mt-washington/ky/greenbriar,6869
kentucky,,https://www.fischerhomes.com/find-new-homes/ready-now/1713311/mud-hen-drive-homesite-306/shepherdsville/ky/beacon,7092
kentucky,,https://www.fischerhomes.com/find-new-homes/ready-now/1713553/615-falling-leaf-drive/mt-washington/ky/hudson,7100
kentucky,,https://www.fischerhomes.com/find-new-homes/ready-now/1713752/605-falling-leaf-drive/mt-washington/ky/hudson,7116
kentucky,,https://www.fischerhomes.com/find-new-homes/ready-now/1705330/11114-insight-drive/louisville/ky/beacon,6872
kentucky,,https://www.fischerhomes.com/find-new-homes/ready-now/1709918/21-hearthstone-lane/radcliff/ky/beacon,6962
kentucky,,https://www.fischerhomes.com/find-new-homes/ready-now/1705337/mud-hen-drive-homesite-313/shepherdsville/ky/beacon,6871
kentucky,,https://www.fischerhomes.com/find-new-homes/ready-now/1710136/maple-leaf-drive-homesite-307/mt-washington/ky/harper,7014
kentucky,,https://www.fischerhomes.com/find-new-homes/ready-now/1714396/619-revelation-way/shelbyville/ky/wembley,7140
kentucky,,https://www.fischerhomes.com/find-new-homes/ready-now/1714404/617-revelation-way/shelbyville/ky/wembley,7139
ohio,,https://www.fischerhomes.com/find-new-homes/ready-now/955464/493-greendell-bend/fairborn/oh/hayward,7070
ohio,,https://www.fischerhomes.com/find-new-homes/ready-now/954869/487-greendell-bend/fairborn/oh/wexner,7035
ohio,,https://www.fischerhomes.com/find-new-homes/ready-now/954734/485-greendell-bend/fairborn/oh/wexner,7027
ohio,,https://www.fischerhomes.com/find-new-homes/ready-now/953275/102-meadowlark-lane/brookville/oh/wilder,6971
ohio,,https://www.fischerhomes.com/find-new-homes/ready-now/957283/410-pilot-point/vandalia/oh/hayward,7159
ohio,,https://www.fischerhomes.com/find-new-homes/ready-now/952545/104-meadowlark-lane/brookville/oh/wilder,6948
ohio,,https://www.fischerhomes.com/find-new-homes/ready-now/955558/497-greendell-bend/fairborn/oh/wexner,7078
ohio,,https://www.fischerhomes.com/find-new-homes/ready-now/955127/495-greendell-bend/fairborn/oh/wexner,7055
ohio,,https://www.fischerhomes.com/find-new-homes/ready-now/957462/420-pilot-point/vandalia/oh/hayward,7170
ohio,,https://www.fischerhomes.com/find-new-homes/ready-now/955029/501-greendell-bend/fairborn/oh/kimbell-ac,7050
ohio,,https://www.fischerhomes.com/find-new-homes/ready-now/957290/450-pilot-point-2-202/vandalia/oh/wexner,7160
ohio,,https://www.fischerhomes.com/find-new-homes/ready-now/955445/491-greendell-bend/fairborn/oh/kimbell-ac,7069
ohio,,https://www.fischerhomes.com/find-new-homes/ready-now/957113/430-pilot-point/vandalia/oh/kimbell-ac,7152
kentucky,,https://www.fischerhomes.com/find-new-homes/ready-now/639530/1339-parkside-dr/alexandria/ky/wembley,6880
kentucky,,https://www.fischerhomes.com/find-new-homes/ready-now/639763/10020-cauthen-court/union/ky/winslow,6905
kentucky,,https://www.fischerhomes.com/find-new-homes/ready-now/639097/213-junction-way/ludlow/ky/clay,6821
kentucky,,https://www.fischerhomes.com/find-new-homes/ready-now/638480/2444-lillywood-way/crescent-springs/ky/winston,6699
kentucky,,https://www.fischerhomes.com/find-new-homes/ready-now/641115/4038-cullen-drive/union/ky/teagan,7077
kentucky,,https://www.fischerhomes.com/find-new-homes/ready-now/641368/13119-justify-drive/union/ky/charles,7124
kentucky,,https://www.fischerhomes.com/find-new-homes/ready-now/639982/3929-circollo-drive/covington/ky/blair,6945
kentucky,,https://www.fischerhomes.com/find-new-homes/ready-now/641406/3958-circollo-drive/covington/ky/calvin,7127
kentucky,,https://www.fischerhomes.com/find-new-homes/ready-now/640052/3965-circollo-drive/covington/ky/wyatt,6952
kentucky,,https://www.fischerhomes.com/find-new-homes/ready-now/640053/3921-circollo-drive/covington/ky/charles,6951
kentucky,,https://www.fischerhomes.com/find-new-homes/ready-now/639472/1372-independence-road/independence/ky/preston,6868
kentucky,,https://www.fischerhomes.com/find-new-homes/ready-now/641322/3044-belleglade-drive/covington/ky/danville,7121
kentucky,,https://www.fischerhomes.com/find-new-homes/ready-now/641165/3056-belleglade-drive/covington/ky/wesley,7094
kentucky,,https://www.fischerhomes.com/find-new-homes/ready-now/640078/1727-cherry-blossom-drive/independence/ky/beacon,6956
kentucky,,https://www.fischerhomes.com/find-new-homes/ready-now/641080/12073-aosta-valley-drive/walton/ky/wesley,7075
kentucky,,https://www.fischerhomes.com/find-new-homes/ready-now/641094/1350-parkside-dr/alexandria/ky/wembley,7080
kentucky,,https://www.fischerhomes.com/find-new-homes/ready-now/641098/1361-parkside-dr/alexandria/ky/wembley,7081
kentucky,,https://www.fischerhomes.com/find-new-homes/ready-now/640469/3959-volterra-lane/covington/ky/wembley,6991
kentucky,,https://www.fischerhomes.com/find-new-homes/ready-now/640468/3961-volterra-lane/covington/ky/wembley,6990
kentucky,,https://www.fischerhomes.com/find-new-homes/ready-now/641886/919-walton-terrace-drive/walton/ky/hayward,7163
kentucky,,https://www.fischerhomes.com/find-new-homes/ready-now/641818/883-walton-terrace-drive/walton/ky/hayward,7154
ohio,,https://www.fischerhomes.com/find-new-homes/ready-now/1863863/5371-sheldon-close/middletown/oh/mitchell,6706
ohio,,https://www.fischerhomes.com/find-new-homes/ready-now/1876642/7835-summit-court/maineville/oh/avery,7168
ohio,,https://www.fischerhomes.com/find-new-homes/ready-now/1876021/4518-renaissance-park-drive/franklin/oh/maxwell,7148
ohio,,https://www.fischerhomes.com/find-new-homes/ready-now/1873612/7716-carnoustie-court/cincinnati/oh/camden,7076
ohio,,https://www.fischerhomes.com/find-new-homes/ready-now/1864746/431-bandon-dunes-court/lebanon/oh/waterton,6788
ohio,,https://www.fischerhomes.com/find-new-homes/ready-now/1874347/9001-caprock-court/harrison/oh/jensen,7113
ohio,,https://www.fischerhomes.com/find-new-homes/ready-now/1874139/5220-long-meadow-drive/franklin/oh/amelia,7101
ohio,,https://www.fischerhomes.com/find-new-homes/ready-now/1874819/1674-whitewater-trails-boulevard/harrison/oh/breckenridge,7126
ohio,,https://www.fischerhomes.com/find-new-homes/ready-now/1865389/419-bandon-dunes-court/lebanon/oh/saybrook,6809
ohio,,https://www.fischerhomes.com/find-new-homes/ready-now/1873533/1203-buxton-oaks-drive/amelia/oh/davinci,7066
ohio,,https://www.fischerhomes.com/find-new-homes/ready-now/1873353/1201-buxton-oaks-drive/amelia/oh/wesley,7061
ohio,,https://www.fischerhomes.com/find-new-homes/ready-now/1864612/427-bandon-dunes-court/lebanon/oh/northport-ii,6777
ohio,,https://www.fischerhomes.com/find-new-homes/ready-now/1873334/4004-silverstone-lane/batavia/oh/wesley,7060
ohio,,https://www.fischerhomes.com/find-new-homes/ready-now/1874292/3355-ferngully-place/batavia/oh/wesley,7105
ohio,,https://www.fischerhomes.com/find-new-homes/ready-now/1866999/455-chambers-bay-place/lebanon/oh/hayward,6863
ohio,,https://www.fischerhomes.com/find-new-homes/ready-now/1866703/403-chambers-bay-place/lebanon/oh/hayward,6848
ohio,,https://www.fischerhomes.com/find-new-homes/ready-now/1864480/423-bandon-dunes-court/lebanon/oh/baypoint-ii,6759
ohio,,https://www.fischerhomes.com/find-new-homes/ready-now/1867295/411-chambers-bay-place/lebanon/oh/hayward,6875
ohio,,https://www.fischerhomes.com/find-new-homes/ready-now/1866705/447-chambers-bay-place/lebanon/oh/hayward,6854
ohio,,https://www.fischerhomes.com/find-new-homes/ready-now/1876003/1077-olivewood-avenue/batavia/oh/wembley,7147
ohio,,https://www.fischerhomes.com/find-new-homes/ready-now/1868793/2159-shallow-cove-court/goshen/oh/wembley,6935
kentucky,,https://www.fischerhomes.com/find-new-homes/ready-now/641384/588-station-drive/ludlow/ky/monticello,7122
kentucky,,https://www.fischerhomes.com/find-new-homes/ready-now/641884/895-walton-terrace-drive/walton/ky/wexner,7162
kentucky,,https://www.fischerhomes.com/find-new-homes/ready-now/641398/592-station-drive/ludlow/ky/kimbell-ac,7125
kentucky,,https://www.fischerhomes.com/find-new-homes/ready-now/641819/891-walton-terrace-drive/walton/ky/wexner,7155
kentucky,,https://www.fischerhomes.com/find-new-homes/ready-now/641164/572-station-drive/ludlow/ky/kimbell-ac,7089
ohio,,https://www.fischerhomes.com/find-new-homes/ready-now/1874468/2066-longmeadow-lane/batavia/oh/beacon,7117
ohio,,https://www.fischerhomes.com/find-new-homes/ready-now/1873226/1071-olivewood-avenue/batavia/oh/wembley,7057
ohio,,https://www.fischerhomes.com/find-new-homes/ready-now/1867107/427-chambers-bay-place/lebanon/oh/wexner,6865
ohio,,https://www.fischerhomes.com/find-new-homes/ready-now/1867520/431-chambers-bay-place/lebanon/oh/wexner,6883
ohio,,https://www.fischerhomes.com/find-new-homes/ready-now/1873525/3393-dewdrop-way/batavia/oh/somerset,7073
ohio,,https://www.fischerhomes.com/find-new-homes/ready-now/1866733/407-chambers-bay-place/lebanon/oh/hayward,6853
ohio,,https://www.fischerhomes.com/find-new-homes/ready-now/1873350/3345-dewdrop-way/batavia/oh/roseville,7063
ohio,,https://www.fischerhomes.com/find-new-homes/ready-now/1867244/419-chambers-bay-place/lebanon/oh/wexner,6873
ohio,,https://www.fischerhomes.com/find-new-homes/ready-now/1867115/439-chambers-bay-place/lebanon/oh/wexner,6866
ohio,,https://www.fischerhomes.com/find-new-homes/ready-now/1867509/423-chambers-bay-place/lebanon/oh/monticello,6881
ohio,,https://www.fischerhomes.com/find-new-homes/ready-now/1867512/435-chambers-bay-place/lebanon/oh/monticello,6882
ohio,,https://www.fischerhomes.com/find-new-homes/ready-now/1865476/5892-parkview-lane-unit-305/milford/oh/kimbell-ac,6814
ohio,,https://www.fischerhomes.com/find-new-homes/ready-now/1866668/443-chambers-bay-place/lebanon/oh/kimbell-ac,6845
ohio,,https://www.fischerhomes.com/find-new-homes/ready-now/1867005/415-chambers-bay-place/lebanon/oh/kimbell-ac,6864
