state,community_url,house_url
virginia,https://www.marondahomes.com/va/fredericksburg/colebrook-estates-22405.html,https://www.marondahomes.com/va/fredericksburg/colebrook-estates-22405/job-ce00101.html
ohio,https://www.marondahomes.com/oh/cleves/indian-walk-45002.html,https://www.marondahomes.com/oh/cleves/indian-walk-45002/job-iw026801.html
virginia,https://www.marondahomes.com/va/stafford/stafford-22554.html,https://www.marondahomes.com/va/stafford/stafford-22554/job-4sf00801.html
virginia,https://www.marondahomes.com/va/fredericksburg/colebrook-estates-22405.html,https://www.marondahomes.com/va/fredericksburg/colebrook-estates-22405/job-ce00201.html
ohio,https://www.marondahomes.com/oh/cleves/indian-walk-45002.html,https://www.marondahomes.com/oh/cleves/indian-walk-45002/job-iw025801.html
florida,https://www.marondahomes.com/fl/poinciana/poinciana-34759.html,https://www.marondahomes.com/fl/poinciana/poinciana-34759/job-2600361a.html
virginia,https://www.marondahomes.com/va/winchester/abrams-pointe-22602.html,https://www.marondahomes.com/va/winchester/abrams-pointe-22602/job-ap20301.html
florida,https://www.marondahomes.com/fl/alachua/briarwood-32615.html,https://www.marondahomes.com/fl/alachua/briarwood-32615/job-9ba00501.html
florida,https://www.marondahomes.com/fl/haines-city/hammock-reserve-33844.html,https://www.marondahomes.com/fl/haines-city/hammock-reserve-33844/job-2hm07301.html
florida,https://www.marondahomes.com/fl/port-charlotte/port-charlotte-33954.html,https://www.marondahomes.com/fl/port-charlotte/port-charlotte-33954/job-7pc43098.html
florida,https://www.marondahomes.com/fl/haines-city/hammock-reserve-33844.html,https://www.marondahomes.com/fl/haines-city/hammock-reserve-33844/job-2hm06201.html
florida,https://www.marondahomes.com/fl/haines-city/lake-deer-estates-33844.html,https://www.marondahomes.com/fl/haines-city/lake-deer-estates-33844/job-2ld1972a.html
florida,https://www.marondahomes.com/fl/cape-coral/cape-coral-33914.html,https://www.marondahomes.com/fl/cape-coral/cape-coral-33914/job-7k662600.html
florida,https://www.marondahomes.com/fl/haines-city/lake-deer-estates-33844.html,https://www.marondahomes.com/fl/haines-city/lake-deer-estates-33844/job-2ld2042a.html
florida,https://www.marondahomes.com/fl/citrus-springs/citrus-springs-34434.html,https://www.marondahomes.com/fl/citrus-springs/citrus-springs-34434/job-7ct12257.html
florida,https://www.marondahomes.com/fl/cape-coral/cape-coral-33914.html,https://www.marondahomes.com/fl/cape-coral/cape-coral-33914/job-7k044008.html
florida,https://www.marondahomes.com/fl/haines-city/hammock-reserve-33844.html,https://www.marondahomes.com/fl/haines-city/hammock-reserve-33844/job-2hm07601.html
florida,https://www.marondahomes.com/fl/haines-city/hammock-reserve-33844.html,https://www.marondahomes.com/fl/haines-city/hammock-reserve-33844/job-2hm06001.html
florida,https://www.marondahomes.com/fl/port-st-lucie/port-st-lucie-34983.html,https://www.marondahomes.com/fl/port-st-lucie/port-st-lucie-34983/job-51080570.html
florida,https://www.marondahomes.com/fl/punta-gorda/heritage-station-33955.html,https://www.marondahomes.com/fl/punta-gorda/heritage-station-33955/job-7hs00057.html
florida,https://www.marondahomes.com/fl/cape-coral/cape-coral-33914.html,https://www.marondahomes.com/fl/cape-coral/cape-coral-33914/job-7k283931.html
virginia,https://www.marondahomes.com/va/winchester/rossum-crossing-townhomes-22602.html,https://www.marondahomes.com/va/winchester/rossum-crossing-townhomes-22602/job-rsc00201.html
virginia,https://www.marondahomes.com/va/winchester/rossum-crossing-townhomes-22602.html,https://www.marondahomes.com/va/winchester/rossum-crossing-townhomes-22602/job-rsc00701.html
florida,https://www.marondahomes.com/fl/lehigh-acres/lehigh-acres-33971.html,https://www.marondahomes.com/fl/lehigh-acres/lehigh-acres-33971/job-7a250019.html
florida,https://www.marondahomes.com/fl/poinciana/poinciana-34759.html,https://www.marondahomes.com/fl/poinciana/poinciana-34759/job-2600241a.html
florida,https://www.marondahomes.com/fl/inverness/inverness-34452.html,https://www.marondahomes.com/fl/inverness/inverness-34452/job-7vs09376.html
florida,https://www.marondahomes.com/fl/gainesville/oakhaven-walk-32607.html,https://www.marondahomes.com/fl/gainesville/oakhaven-walk-32607/job-9ohmodel.html
florida,https://www.marondahomes.com/fl/cape-coral/cape-coral-33914.html,https://www.marondahomes.com/fl/cape-coral/cape-coral-33914/job-7k120871.html
florida,https://www.marondahomes.com/fl/cape-coral/cape-coral-33914.html,https://www.marondahomes.com/fl/cape-coral/cape-coral-33914/job-7k443629.html
florida,https://www.marondahomes.com/fl/haines-city/lake-deer-estates-33844.html,https://www.marondahomes.com/fl/haines-city/lake-deer-estates-33844/job-2ld1362b.html
florida,https://www.marondahomes.com/fl/san-antonio/mirada-townhomes-33576.html,https://www.marondahomes.com/fl/san-antonio/mirada-townhomes-33576/job-7mt13018.html
pennsylvania,https://www.marondahomes.com/pa/venetia/pemberley-manor-15367.html,https://www.marondahomes.com/pa/venetia/pemberley-manor-15367/job-pm208.html
florida,https://www.marondahomes.com/fl/san-antonio/mirada-townhomes-33576.html,https://www.marondahomes.com/fl/san-antonio/mirada-townhomes-33576/job-7mt13218.html
florida,https://www.marondahomes.com/fl/cape-coral/cape-coral-33914.html,https://www.marondahomes.com/fl/cape-coral/cape-coral-33914/job-7k211131.html
florida,https://www.marondahomes.com/fl/cape-coral/burnt-store-33914.html,https://www.marondahomes.com/fl/cape-coral/burnt-store-33914/job-7b212515.html
florida,https://www.marondahomes.com/fl/punta-gorda/heritage-station-33955.html,https://www.marondahomes.com/fl/punta-gorda/heritage-station-33955/job-7hs00002.html
florida,https://www.marondahomes.com/fl/cape-coral/cape-coral-33914.html,https://www.marondahomes.com/fl/cape-coral/cape-coral-33914/job-7k033630.html
florida,https://www.marondahomes.com/fl/san-antonio/mirada-townhomes-33576.html,https://www.marondahomes.com/fl/san-antonio/mirada-townhomes-33576/job-7mt21623.html
florida,https://www.marondahomes.com/fl/san-antonio/mirada-townhomes-33576.html,https://www.marondahomes.com/fl/san-antonio/mirada-townhomes-33576/job-7mt21823.html
florida,https://www.marondahomes.com/fl/palm-coast/enclave-at-seminole-palms-32164.html,https://www.marondahomes.com/fl/palm-coast/enclave-at-seminole-palms-32164/job-9es09301.html
florida,https://www.marondahomes.com/fl/punta-gorda/heritage-station-33955.html,https://www.marondahomes.com/fl/punta-gorda/heritage-station-33955/job-7hs00069.html
florida,https://www.marondahomes.com/fl/cape-coral/cape-coral-33914.html,https://www.marondahomes.com/fl/cape-coral/cape-coral-33914/job-7k194820.html
florida,https://www.marondahomes.com/fl/cape-coral/cape-coral-33914.html,https://www.marondahomes.com/fl/cape-coral/cape-coral-33914/job-7k132589.html
florida,https://www.marondahomes.com/fl/punta-gorda/heritage-station-33955.html,https://www.marondahomes.com/fl/punta-gorda/heritage-station-33955/job-7hs00121.html
virginia,https://www.marondahomes.com/va/rixeyville/blue-ridge-overlook-22737.html,https://www.marondahomes.com/va/rixeyville/blue-ridge-overlook-22737/job-blo02401.html
florida,https://www.marondahomes.com/fl/mt-plymouth/lake-county-communities-32776.html,https://www.marondahomes.com/fl/mt-plymouth/lake-county-communities-32776/job-2lc015mg.html
florida,https://www.marondahomes.com/fl/bokeelia/orchid-cove-townhomes-33922.html,https://www.marondahomes.com/fl/bokeelia/orchid-cove-townhomes-33922/job-7ov16c.html
florida,https://www.marondahomes.com/fl/bokeelia/orchid-cove-townhomes-33922.html,https://www.marondahomes.com/fl/bokeelia/orchid-cove-townhomes-33922/job-7ov16d.html
alabama,https://www.marondahomes.com/al/foley/foley-pointe-36535.html,https://www.marondahomes.com/al/foley/foley-pointe-36535/job-3cb00107.html
florida,https://www.marondahomes.com/fl/port-st-lucie/central-park-34987.html,https://www.marondahomes.com/fl/port-st-lucie/central-park-34987/job-3ck74521.html
pennsylvania,https://www.marondahomes.com/pa/butler/the-oaks-at-dutchtown-16002.html,https://www.marondahomes.com/pa/butler/the-oaks-at-dutchtown-16002/job-dut8.html
ohio,https://www.marondahomes.com/oh/troy/somerset-reserve-45373.html,https://www.marondahomes.com/oh/troy/somerset-reserve-45373/job-som75601.html
ohio,https://www.marondahomes.com/oh/troy/somerset-reserve-45373.html,https://www.marondahomes.com/oh/troy/somerset-reserve-45373/job-som75101.html
ohio,https://www.marondahomes.com/oh/columbus/chatterton-commons-townhomes-43232.html,https://www.marondahomes.com/oh/columbus/chatterton-commons-townhomes-43232/job-cc0019c.html
ohio,https://www.marondahomes.com/oh/columbus/chatterton-commons-townhomes-43232.html,https://www.marondahomes.com/oh/columbus/chatterton-commons-townhomes-43232/job-cc0019a.html
ohio,https://www.marondahomes.com/oh/columbus/chatterton-commons-townhomes-43232.html,https://www.marondahomes.com/oh/columbus/chatterton-commons-townhomes-43232/job-cc0019d.html
ohio,https://www.marondahomes.com/oh/columbus/chatterton-commons-townhomes-43232.html,https://www.marondahomes.com/oh/columbus/chatterton-commons-townhomes-43232/job-cc0019b.html
ohio,https://www.marondahomes.com/oh/columbus/chatterton-commons-townhomes-43232.html,https://www.marondahomes.com/oh/columbus/chatterton-commons-townhomes-43232/job-cc0019f.html
ohio,https://www.marondahomes.com/oh/columbus/chatterton-commons-townhomes-43232.html,https://www.marondahomes.com/oh/columbus/chatterton-commons-townhomes-43232/job-cc0019e.html
florida,https://www.marondahomes.com/fl/lakeland/applewood-reserve-33810.html,https://www.marondahomes.com/fl/lakeland/applewood-reserve-33810/job-7aw00201.html
virginia,https://www.marondahomes.com/va/winchester/abrams-pointe-22602.html,https://www.marondahomes.com/va/winchester/abrams-pointe-22602/job-ap2201.html
virginia,https://www.marondahomes.com/va/bealeton/bowens-run-22712.html,https://www.marondahomes.com/va/bealeton/bowens-run-22712/job-bo00101.html
ohio,https://www.marondahomes.com/oh/marysville/darby-run-43040.html,https://www.marondahomes.com/oh/marysville/darby-run-43040/job-dar003.html
florida,https://www.marondahomes.com/fl/palm-bay/palm-bay-32909.html,https://www.marondahomes.com/fl/palm-bay/palm-bay-32909/job-31052293.html
florida,https://www.marondahomes.com/fl/winter-haven/villamar-33884.html,https://www.marondahomes.com/fl/winter-haven/villamar-33884/job-2vm19401.html
florida,https://www.marondahomes.com/fl/lady-lake/the-reserve-at-hammock-oaks-32159.html,https://www.marondahomes.com/fl/lady-lake/the-reserve-at-hammock-oaks-32159/job-2ho03001.html
pennsylvania,https://www.marondahomes.com/pa/irwin/willow-estates-15642.html,https://www.marondahomes.com/pa/irwin/willow-estates-15642/job-wle2084b.html
florida,https://www.marondahomes.com/fl/punta-gorda/burnt-store-village-33955.html,https://www.marondahomes.com/fl/punta-gorda/burnt-store-village-33955/job-7bv05318.html
ohio,https://www.marondahomes.com/oh/grove-city/autumn-grove-43123.html,https://www.marondahomes.com/oh/grove-city/autumn-grove-43123/job-ag19505.html
ohio,https://www.marondahomes.com/oh/troy/somerset-reserve-45373.html,https://www.marondahomes.com/oh/troy/somerset-reserve-45373/job-som74501.html
pennsylvania,https://www.marondahomes.com/pa/sarver/ridgeview-estates-townhomes-16055.html,https://www.marondahomes.com/pa/sarver/ridgeview-estates-townhomes-16055/job-ret247a.html
pennsylvania,https://www.marondahomes.com/pa/sarver/ridgeview-estates-townhomes-16055.html,https://www.marondahomes.com/pa/sarver/ridgeview-estates-townhomes-16055/job-ret248a.html
florida,https://www.marondahomes.com/fl/punta-gorda/burnt-store-village-33955.html,https://www.marondahomes.com/fl/punta-gorda/burnt-store-village-33955/job-7bv12355.html
florida,https://www.marondahomes.com/fl/punta-gorda/burnt-store-village-33955.html,https://www.marondahomes.com/fl/punta-gorda/burnt-store-village-33955/job-7bv14303.html
pennsylvania,https://www.marondahomes.com/pa/mars/amherst-village-16046.html,https://www.marondahomes.com/pa/mars/amherst-village-16046/job-av6116.html
florida,https://www.marondahomes.com/fl/punta-gorda/burnt-store-village-33955.html,https://www.marondahomes.com/fl/punta-gorda/burnt-store-village-33955/job-7bv25416.html
florida,https://www.marondahomes.com/fl/punta-gorda/burnt-store-village-33955.html,https://www.marondahomes.com/fl/punta-gorda/burnt-store-village-33955/job-7bv02339.html
florida,https://www.marondahomes.com/fl/plant-city/bella-estates-33565.html,https://www.marondahomes.com/fl/plant-city/bella-estates-33565/job-7be05401.html
florida,https://www.marondahomes.com/fl/satellite-beach/the-vue-32937.html,https://www.marondahomes.com/fl/satellite-beach/the-vue-32937/job-3vu0020b.html
pennsylvania,https://www.marondahomes.com/pa/imperial/canterbury-woods-townhomes-15126.html,https://www.marondahomes.com/pa/imperial/canterbury-woods-townhomes-15126/job-cat214e.html
florida,https://www.marondahomes.com/fl/lakeland/oak-creek-preserve-townhomes-33803.html,https://www.marondahomes.com/fl/lakeland/oak-creek-preserve-townhomes-33803/job-7oc11324.html
florida,https://www.marondahomes.com/fl/port-st-lucie/port-st-lucie-34983.html,https://www.marondahomes.com/fl/port-st-lucie/port-st-lucie-34983/job-51161539.html
west-virginia,https://www.marondahomes.com/wv/inwood/south-brook-single-family-25428.html,https://www.marondahomes.com/wv/inwood/south-brook-single-family-25428/job-sk022701.html
virginia,https://www.marondahomes.com/va/bealeton/bowens-run-22712.html,https://www.marondahomes.com/va/bealeton/bowens-run-22712/job-bo00201.html
pennsylvania,https://www.marondahomes.com/pa/imperial/canterbury-woods-townhomes-15126.html,https://www.marondahomes.com/pa/imperial/canterbury-woods-townhomes-15126/job-cat214b.html
florida,https://www.marondahomes.com/fl/sebastian/sebastian-highlands-32958.html,https://www.marondahomes.com/fl/sebastian/sebastian-highlands-32958/job-52040150.html
florida,https://www.marondahomes.com/fl/palm-coast/enclave-at-seminole-palms-32164.html,https://www.marondahomes.com/fl/palm-coast/enclave-at-seminole-palms-32164/job-9es08101.html
florida,https://www.marondahomes.com/fl/edgewater/coastal-communities-32141.html,https://www.marondahomes.com/fl/edgewater/coastal-communities-32141/job-2cc030po.html
georgia,https://www.marondahomes.com/ga/st-marys/winding-river-31558.html,https://www.marondahomes.com/ga/st-marys/winding-river-31558/job-8wr49702.html
georgia,https://www.marondahomes.com/ga/st-marys/winding-river-31558.html,https://www.marondahomes.com/ga/st-marys/winding-river-31558/job-8wr49602.html
virginia,https://www.marondahomes.com/va/luray/luray-landing-villas-townhomes-22835.html,https://www.marondahomes.com/va/luray/luray-landing-villas-townhomes-22835/job-llv13801.html
ohio,https://www.marondahomes.com/oh/springboro/clearview-crossing-45066.html,https://www.marondahomes.com/oh/springboro/clearview-crossing-45066/job-cvc033.html
florida,https://www.marondahomes.com/fl/pensacola/seminole-bend-32526.html,https://www.marondahomes.com/fl/pensacola/seminole-bend-32526/job-4sb00135.html
pennsylvania,https://www.marondahomes.com/pa/sarver/ridgeview-estates-townhomes-16055.html,https://www.marondahomes.com/pa/sarver/ridgeview-estates-townhomes-16055/job-ret216.html
pennsylvania,https://www.marondahomes.com/pa/sarver/ridgeview-estates-townhomes-16055.html,https://www.marondahomes.com/pa/sarver/ridgeview-estates-townhomes-16055/job-ret217.html
pennsylvania,https://www.marondahomes.com/pa/sarver/ridgeview-estates-townhomes-16055.html,https://www.marondahomes.com/pa/sarver/ridgeview-estates-townhomes-16055/job-ret215.html
pennsylvania,https://www.marondahomes.com/pa/sarver/ridgeview-estates-townhomes-16055.html,https://www.marondahomes.com/pa/sarver/ridgeview-estates-townhomes-16055/job-ret219.html
pennsylvania,https://www.marondahomes.com/pa/irwin/willow-estates-15642.html,https://www.marondahomes.com/pa/irwin/willow-estates-15642/job-wle2083a.html
pennsylvania,https://www.marondahomes.com/pa/irwin/willow-estates-15642.html,https://www.marondahomes.com/pa/irwin/willow-estates-15642/job-wle2083b.html
florida,https://www.marondahomes.com/fl/weeki-wachee/royal-highlands-34613.html,https://www.marondahomes.com/fl/weeki-wachee/royal-highlands-34613/job-7h014381.html
florida,https://www.marondahomes.com/fl/lakeland/applewood-reserve-33810.html,https://www.marondahomes.com/fl/lakeland/applewood-reserve-33810/job-7aw01301.html
florida,https://www.marondahomes.com/fl/bellview/bellview-pointe-32526.html,https://www.marondahomes.com/fl/bellview/bellview-pointe-32526/job-4bv00132.html
ohio,https://www.marondahomes.com/oh/montgomery/hawley-farms-45140.html,https://www.marondahomes.com/oh/montgomery/hawley-farms-45140/job-hf0502.html
florida,https://www.marondahomes.com/fl/punta-gorda/harbour-heights-33983.html,https://www.marondahomes.com/fl/punta-gorda/harbour-heights-33983/job-7p033004.html
ohio,https://www.marondahomes.com/oh/cincinnati/north-ridge-45246.html,https://www.marondahomes.com/oh/cincinnati/north-ridge-45246/job-nrc036.html
ohio,https://www.marondahomes.com/oh/cincinnati/north-ridge-45246.html,https://www.marondahomes.com/oh/cincinnati/north-ridge-45246/job-nrc004.html
florida,https://www.marondahomes.com/fl/port-charlotte/south-gulf-cove-33954.html,https://www.marondahomes.com/fl/port-charlotte/south-gulf-cove-33954/job-7g123780.html
florida,https://www.marondahomes.com/fl/beverly-hills/pine-ridge-34465.html,https://www.marondahomes.com/fl/beverly-hills/pine-ridge-34465/job-7pr11320.html
virginia,https://www.marondahomes.com/va/culpeper/woodland-church-22701.html,https://www.marondahomes.com/va/culpeper/woodland-church-22701/job-wc00101.html
virginia,https://www.marondahomes.com/va/mt-crawford/wellford-park-townhomes-22841.html,https://www.marondahomes.com/va/mt-crawford/wellford-park-townhomes-22841/job-wpt03201.html
virginia,https://www.marondahomes.com/va/fredericksburg/colebrook-estates-22405.html,https://www.marondahomes.com/va/fredericksburg/colebrook-estates-22405/job-ce00801.html
florida,https://www.marondahomes.com/fl/lehigh-acres/lehigh-acres-33971.html,https://www.marondahomes.com/fl/lehigh-acres/lehigh-acres-33971/job-7a160051.html
virginia,https://www.marondahomes.com/va/winchester/winchester-ridge-townhomes-22602.html,https://www.marondahomes.com/va/winchester/winchester-ridge-townhomes-22602/job-act00501.html
virginia,https://www.marondahomes.com/va/winchester/winchester-ridge-townhomes-22602.html,https://www.marondahomes.com/va/winchester/winchester-ridge-townhomes-22602/job-act00201.html
virginia,https://www.marondahomes.com/va/winchester/winchester-ridge-townhomes-22602.html,https://www.marondahomes.com/va/winchester/winchester-ridge-townhomes-22602/job-act00401.html
alabama,https://www.marondahomes.com/al/foley/foley-pointe-36535.html,https://www.marondahomes.com/al/foley/foley-pointe-36535/job-3cb00112.html
west-virginia,https://www.marondahomes.com/wv/inwood/south-brook-single-family-25428.html,https://www.marondahomes.com/wv/inwood/south-brook-single-family-25428/job-sk022601.html
virginia,https://www.marondahomes.com/va/fredericksburg/lillian-estates-22406.html,https://www.marondahomes.com/va/fredericksburg/lillian-estates-22406/job-le00601.html
florida,https://www.marondahomes.com/fl/pensacola/seminole-bend-32526.html,https://www.marondahomes.com/fl/pensacola/seminole-bend-32526/job-4sb00126.html
florida,https://www.marondahomes.com/fl/pensacola/seminole-bend-32526.html,https://www.marondahomes.com/fl/pensacola/seminole-bend-32526/job-4sb00124.html
florida,https://www.marondahomes.com/fl/palm-bay/palm-bay-32909.html,https://www.marondahomes.com/fl/palm-bay/palm-bay-32909/job-31302533.html
florida,https://www.marondahomes.com/fl/alachua/briarwood-32615.html,https://www.marondahomes.com/fl/alachua/briarwood-32615/job-9ba30501.html
ohio,https://www.marondahomes.com/oh/columbus/spangler-farms-townhomes-43207.html,https://www.marondahomes.com/oh/columbus/spangler-farms-townhomes-43207/job-spt020e.html
ohio,https://www.marondahomes.com/oh/columbus/spangler-farms-townhomes-43207.html,https://www.marondahomes.com/oh/columbus/spangler-farms-townhomes-43207/job-spt020b.html
florida,https://www.marondahomes.com/fl/ocala/marion-oaks-34473.html,https://www.marondahomes.com/fl/ocala/marion-oaks-34473/job-mo078203.html
florida,https://www.marondahomes.com/fl/ocala/marion-oaks-34473.html,https://www.marondahomes.com/fl/ocala/marion-oaks-34473/job-mo078218.html
florida,https://www.marondahomes.com/fl/alachua/briarwood-32615.html,https://www.marondahomes.com/fl/alachua/briarwood-32615/job-9ba24001.html
florida,https://www.marondahomes.com/fl/pensacola/seminole-bend-32526.html,https://www.marondahomes.com/fl/pensacola/seminole-bend-32526/job-4sb00122.html
florida,https://www.marondahomes.com/fl/astatula/stillwater-cove-34705.html,https://www.marondahomes.com/fl/astatula/stillwater-cove-34705/job-6sw02901.html
florida,https://www.marondahomes.com/fl/edgewater/coastal-communities-32141.html,https://www.marondahomes.com/fl/edgewater/coastal-communities-32141/job-2cc029od.html
florida,https://www.marondahomes.com/fl/palm-bay/palm-bay-32909.html,https://www.marondahomes.com/fl/palm-bay/palm-bay-32909/job-31041174.html
florida,https://www.marondahomes.com/fl/leesburg/oakstone-farms-34788.html,https://www.marondahomes.com/fl/leesburg/oakstone-farms-34788/job-2hl01701.html
florida,https://www.marondahomes.com/fl/lady-lake/the-reserve-at-hammock-oaks-32159.html,https://www.marondahomes.com/fl/lady-lake/the-reserve-at-hammock-oaks-32159/job-2ho02701.html
florida,https://www.marondahomes.com/fl/winter-haven/villamar-33884.html,https://www.marondahomes.com/fl/winter-haven/villamar-33884/job-2vm18501.html
florida,https://www.marondahomes.com/fl/alachua/briarwood-32615.html,https://www.marondahomes.com/fl/alachua/briarwood-32615/job-9ba24601.html
florida,https://www.marondahomes.com/fl/pensacola/seminole-bend-32526.html,https://www.marondahomes.com/fl/pensacola/seminole-bend-32526/job-4sb00123.html
pennsylvania,https://www.marondahomes.com/pa/butler/the-oaks-at-dutchtown-16002.html,https://www.marondahomes.com/pa/butler/the-oaks-at-dutchtown-16002/job-dut22.html
florida,https://www.marondahomes.com/fl/lakeland/oak-creek-preserve-townhomes-33803.html,https://www.marondahomes.com/fl/lakeland/oak-creek-preserve-townhomes-33803/job-7oc09531.html
ohio,https://www.marondahomes.com/oh/columbus/spangler-farms-townhomes-43207.html,https://www.marondahomes.com/oh/columbus/spangler-farms-townhomes-43207/job-spt005c.html
ohio,https://www.marondahomes.com/oh/columbus/spangler-farms-townhomes-43207.html,https://www.marondahomes.com/oh/columbus/spangler-farms-townhomes-43207/job-spt005f.html
ohio,https://www.marondahomes.com/oh/columbus/spangler-farms-townhomes-43207.html,https://www.marondahomes.com/oh/columbus/spangler-farms-townhomes-43207/job-spt005e.html
ohio,https://www.marondahomes.com/oh/columbus/spangler-farms-townhomes-43207.html,https://www.marondahomes.com/oh/columbus/spangler-farms-townhomes-43207/job-spt005b.html
ohio,https://www.marondahomes.com/oh/columbus/spangler-farms-townhomes-43207.html,https://www.marondahomes.com/oh/columbus/spangler-farms-townhomes-43207/job-spt005d.html
ohio,https://www.marondahomes.com/oh/reynoldsburg/willow-reserve-townhomes-43068.html,https://www.marondahomes.com/oh/reynoldsburg/willow-reserve-townhomes-43068/job-wc020a01.html
ohio,https://www.marondahomes.com/oh/reynoldsburg/willow-reserve-townhomes-43068.html,https://www.marondahomes.com/oh/reynoldsburg/willow-reserve-townhomes-43068/job-wc020e01.html
ohio,https://www.marondahomes.com/oh/reynoldsburg/willow-reserve-townhomes-43068.html,https://www.marondahomes.com/oh/reynoldsburg/willow-reserve-townhomes-43068/job-wc020c01.html
florida,https://www.marondahomes.com/fl/punta-gorda/deep-creek-33983.html,https://www.marondahomes.com/fl/punta-gorda/deep-creek-33983/job-7dc15724.html
alabama,https://www.marondahomes.com/al/foley/foley-pointe-36535.html,https://www.marondahomes.com/al/foley/foley-pointe-36535/job-3cb00144.html
florida,https://www.marondahomes.com/fl/bellview/bellview-pointe-32526.html,https://www.marondahomes.com/fl/bellview/bellview-pointe-32526/job-4bv00150.html
florida,https://www.marondahomes.com/fl/bellview/bellview-pointe-32526.html,https://www.marondahomes.com/fl/bellview/bellview-pointe-32526/job-4bv00122.html
florida,https://www.marondahomes.com/fl/lakeland/oak-creek-preserve-townhomes-33803.html,https://www.marondahomes.com/fl/lakeland/oak-creek-preserve-townhomes-33803/job-7oc11726.html
florida,https://www.marondahomes.com/fl/lakeland/oak-creek-preserve-townhomes-33803.html,https://www.marondahomes.com/fl/lakeland/oak-creek-preserve-townhomes-33803/job-7oc11826.html
alabama,https://www.marondahomes.com/al/foley/foley-pointe-36535.html,https://www.marondahomes.com/al/foley/foley-pointe-36535/job-3cb00145.html
virginia,https://www.marondahomes.com/va/fredericksburg/colebrook-estates-22405.html,https://www.marondahomes.com/va/fredericksburg/colebrook-estates-22405/job-ce00501.html
virginia,https://www.marondahomes.com/va/rixeyville/blue-ridge-overlook-22737.html,https://www.marondahomes.com/va/rixeyville/blue-ridge-overlook-22737/job-blo00401.html
pennsylvania,https://www.marondahomes.com/pa/pittsburgh/the-bliss-15237.html,https://www.marondahomes.com/pa/pittsburgh/the-bliss-15237/job-bna10.html
florida,https://www.marondahomes.com/fl/inverness/inverness-34452.html,https://www.marondahomes.com/fl/inverness/inverness-34452/job-7vs07044.html
alabama,https://www.marondahomes.com/al/fairhope/hope-vineyard-36532.html,https://www.marondahomes.com/al/fairhope/hope-vineyard-36532/job-3hv01b19.html
ohio,https://www.marondahomes.com/oh/goshen/woodhall-crossing-45122.html,https://www.marondahomes.com/oh/goshen/woodhall-crossing-45122/job-wh00201.html
ohio,https://www.marondahomes.com/oh/goshen/woodhall-crossing-45122.html,https://www.marondahomes.com/oh/goshen/woodhall-crossing-45122/job-wh00701.html
florida,https://www.marondahomes.com/fl/port-st-lucie/port-st-lucie-34983.html,https://www.marondahomes.com/fl/port-st-lucie/port-st-lucie-34983/job-51150758.html
florida,https://www.marondahomes.com/fl/palm-coast/palm-coast-32164.html,https://www.marondahomes.com/fl/palm-coast/palm-coast-32164/job-p1004028.html
florida,https://www.marondahomes.com/fl/port-st-lucie/port-st-lucie-34983.html,https://www.marondahomes.com/fl/port-st-lucie/port-st-lucie-34983/job-51140758.html
florida,https://www.marondahomes.com/fl/ocala/marion-oaks-34473.html,https://www.marondahomes.com/fl/ocala/marion-oaks-34473/job-mo035601.html
florida,https://www.marondahomes.com/fl/port-st-lucie/port-st-lucie-34983.html,https://www.marondahomes.com/fl/port-st-lucie/port-st-lucie-34983/job-51021913.html
florida,https://www.marondahomes.com/fl/poinciana/poinciana-34759.html,https://www.marondahomes.com/fl/poinciana/poinciana-34759/job-2606001a.html
florida,https://www.marondahomes.com/fl/mt-dora/sorrento-mount-dora-32757.html,https://www.marondahomes.com/fl/mt-dora/sorrento-mount-dora-32757/job-2ps40001.html
florida,https://www.marondahomes.com/fl/poinciana/poinciana-34759.html,https://www.marondahomes.com/fl/poinciana/poinciana-34759/job-2600101a.html
florida,https://www.marondahomes.com/fl/deland/deland-32720.html,https://www.marondahomes.com/fl/deland/deland-32720/job-6dd19001.html
florida,https://www.marondahomes.com/fl/poinciana/poinciana-34759.html,https://www.marondahomes.com/fl/poinciana/poinciana-34759/job-2600141a.html
florida,https://www.marondahomes.com/fl/edgewater/coastal-communities-32141.html,https://www.marondahomes.com/fl/edgewater/coastal-communities-32141/job-2cc034od.html
florida,https://www.marondahomes.com/fl/poinciana/poinciana-34759.html,https://www.marondahomes.com/fl/poinciana/poinciana-34759/job-2600161a.html
florida,https://www.marondahomes.com/fl/ocala/marion-oaks-34473.html,https://www.marondahomes.com/fl/ocala/marion-oaks-34473/job-mo034411.html
florida,https://www.marondahomes.com/fl/ocala/marion-oaks-34473.html,https://www.marondahomes.com/fl/ocala/marion-oaks-34473/job-mo014809.html
florida,https://www.marondahomes.com/fl/sebastian/sebastian-highlands-32958.html,https://www.marondahomes.com/fl/sebastian/sebastian-highlands-32958/job-52024462.html
florida,https://www.marondahomes.com/fl/poinciana/poinciana-34759.html,https://www.marondahomes.com/fl/poinciana/poinciana-34759/job-2600072b.html
florida,https://www.marondahomes.com/fl/port-charlotte/port-charlotte-33954.html,https://www.marondahomes.com/fl/port-charlotte/port-charlotte-33954/job-7pc51096.html
florida,https://www.marondahomes.com/fl/port-charlotte/port-charlotte-33954.html,https://www.marondahomes.com/fl/port-charlotte/port-charlotte-33954/job-7pc199fc.html
kentucky,https://www.marondahomes.com/ky/independence/hickory-valley-41051.html,https://www.marondahomes.com/ky/independence/hickory-valley-41051/job-hv10902.html
florida,https://www.marondahomes.com/fl/inverness/inverness-34452.html,https://www.marondahomes.com/fl/inverness/inverness-34452/job-7vs09396.html
florida,https://www.marondahomes.com/fl/naples/golden-gate-34120.html,https://www.marondahomes.com/fl/naples/golden-gate-34120/job-7n085e95.html
florida,https://www.marondahomes.com/fl/citrus-springs/citrus-springs-34434.html,https://www.marondahomes.com/fl/citrus-springs/citrus-springs-34434/job-7ct11461.html
florida,https://www.marondahomes.com/fl/bokeelia/orchid-cove-townhomes-33922.html,https://www.marondahomes.com/fl/bokeelia/orchid-cove-townhomes-33922/job-7ov1304.html
florida,https://www.marondahomes.com/fl/bokeelia/orchid-cove-townhomes-33922.html,https://www.marondahomes.com/fl/bokeelia/orchid-cove-townhomes-33922/job-7ov1305.html
florida,https://www.marondahomes.com/fl/north-port/north-port-34286.html,https://www.marondahomes.com/fl/north-port/north-port-34286/job-072116fc.html
florida,https://www.marondahomes.com/fl/palm-bay/palm-bay-32909.html,https://www.marondahomes.com/fl/palm-bay/palm-bay-32909/job-31292047.html
florida,https://www.marondahomes.com/fl/bokeelia/orchid-cove-townhomes-33922.html,https://www.marondahomes.com/fl/bokeelia/orchid-cove-townhomes-33922/job-7ov1306.html
pennsylvania,https://www.marondahomes.com/pa/finleyville/millstone-village-reserve-15332.html,https://www.marondahomes.com/pa/finleyville/millstone-village-reserve-15332/job-miv168.html
florida,https://www.marondahomes.com/fl/palm-bay/palm-bay-32909.html,https://www.marondahomes.com/fl/palm-bay/palm-bay-32909/job-31220969.html
florida,https://www.marondahomes.com/fl/palm-bay/palm-bay-32909.html,https://www.marondahomes.com/fl/palm-bay/palm-bay-32909/job-31091131.html
florida,https://www.marondahomes.com/fl/palm-bay/palm-bay-32909.html,https://www.marondahomes.com/fl/palm-bay/palm-bay-32909/job-31181198.html
florida,https://www.marondahomes.com/fl/palm-bay/palm-bay-32909.html,https://www.marondahomes.com/fl/palm-bay/palm-bay-32909/job-31011489.html
florida,https://www.marondahomes.com/fl/port-charlotte/south-gulf-cove-33954.html,https://www.marondahomes.com/fl/port-charlotte/south-gulf-cove-33954/job-7g074942.html
florida,https://www.marondahomes.com/fl/lehigh-acres/lehigh-acres-33971.html,https://www.marondahomes.com/fl/lehigh-acres/lehigh-acres-33971/job-7a0440fc.html
florida,https://www.marondahomes.com/fl/vero-beach/vero-lake-estates-32967.html,https://www.marondahomes.com/fl/vero-beach/vero-lake-estates-32967/job-3vl004oh.html
florida,https://www.marondahomes.com/fl/port-charlotte/south-gulf-cove-33954.html,https://www.marondahomes.com/fl/port-charlotte/south-gulf-cove-33954/job-7g093469.html
florida,https://www.marondahomes.com/fl/lady-lake/the-reserve-at-hammock-oaks-32159.html,https://www.marondahomes.com/fl/lady-lake/the-reserve-at-hammock-oaks-32159/job-2ho22902.html
florida,https://www.marondahomes.com/fl/palm-bay/palm-bay-32909.html,https://www.marondahomes.com/fl/palm-bay/palm-bay-32909/job-31032290.html
florida,https://www.marondahomes.com/fl/lady-lake/the-reserve-at-hammock-oaks-32159.html,https://www.marondahomes.com/fl/lady-lake/the-reserve-at-hammock-oaks-32159/job-2ho23002.html
florida,https://www.marondahomes.com/fl/punta-gorda/tropical-gulf-acres-33955.html,https://www.marondahomes.com/fl/punta-gorda/tropical-gulf-acres-33955/job-7tg00147.html
florida,https://www.marondahomes.com/fl/port-charlotte/south-gulf-cove-33954.html,https://www.marondahomes.com/fl/port-charlotte/south-gulf-cove-33954/job-7g133809.html
florida,https://www.marondahomes.com/fl/lady-lake/the-reserve-at-hammock-oaks-32159.html,https://www.marondahomes.com/fl/lady-lake/the-reserve-at-hammock-oaks-32159/job-2ho22302.html
florida,https://www.marondahomes.com/fl/poinciana/poinciana-34759.html,https://www.marondahomes.com/fl/poinciana/poinciana-34759/job-2600221a.html
florida,https://www.marondahomes.com/fl/deland/deland-32720.html,https://www.marondahomes.com/fl/deland/deland-32720/job-6dd40001.html
florida,https://www.marondahomes.com/fl/naples/golden-gate-34120.html,https://www.marondahomes.com/fl/naples/golden-gate-34120/job-7n040e45.html
georgia,https://www.marondahomes.com/ga/st-marys/winding-river-31558.html,https://www.marondahomes.com/ga/st-marys/winding-river-31558/job-8wr46802.html
pennsylvania,https://www.marondahomes.com/pa/finleyville/millstone-village-reserve-15332.html,https://www.marondahomes.com/pa/finleyville/millstone-village-reserve-15332/job-miv165.html
florida,https://www.marondahomes.com/fl/naples/golden-gate-34120.html,https://www.marondahomes.com/fl/naples/golden-gate-34120/job-7n38tr07.html
florida,https://www.marondahomes.com/fl/naples/golden-gate-34120.html,https://www.marondahomes.com/fl/naples/golden-gate-34120/job-7n2433.html
florida,https://www.marondahomes.com/fl/lady-lake/the-reserve-at-hammock-oaks-32159.html,https://www.marondahomes.com/fl/lady-lake/the-reserve-at-hammock-oaks-32159/job-2ho02901.html
florida,https://www.marondahomes.com/fl/naples/golden-gate-34120.html,https://www.marondahomes.com/fl/naples/golden-gate-34120/job-7n74tr62.html
florida,https://www.marondahomes.com/fl/naples/golden-gate-34120.html,https://www.marondahomes.com/fl/naples/golden-gate-34120/job-7n47tr59.html
pennsylvania,https://www.marondahomes.com/pa/finleyville/millstone-village-reserve-15332.html,https://www.marondahomes.com/pa/finleyville/millstone-village-reserve-15332/job-miv166.html
florida,https://www.marondahomes.com/fl/vero-beach/vero-lake-estates-32967.html,https://www.marondahomes.com/fl/vero-beach/vero-lake-estates-32967/job-3vl012gr.html
florida,https://www.marondahomes.com/fl/punta-gorda/heritage-station-33955.html,https://www.marondahomes.com/fl/punta-gorda/heritage-station-33955/job-7hs00252.html
florida,https://www.marondahomes.com/fl/palm-bay/palm-bay-32909.html,https://www.marondahomes.com/fl/palm-bay/palm-bay-32909/job-31131161.html
florida,https://www.marondahomes.com/fl/labelle/labelle-33935.html,https://www.marondahomes.com/fl/labelle/labelle-33935/job-7lb9007.html
florida,https://www.marondahomes.com/fl/port-charlotte/port-charlotte-33954.html,https://www.marondahomes.com/fl/port-charlotte/port-charlotte-33954/job-7pc1919f.html
florida,https://www.marondahomes.com/fl/port-charlotte/port-charlotte-33954.html,https://www.marondahomes.com/fl/port-charlotte/port-charlotte-33954/job-7pc22082.html
virginia,https://www.marondahomes.com/va/mt-crawford/wellford-park-townhomes-22841.html,https://www.marondahomes.com/va/mt-crawford/wellford-park-townhomes-22841/job-wpt05201.html
virginia,https://www.marondahomes.com/va/mt-crawford/wellford-park-townhomes-22841.html,https://www.marondahomes.com/va/mt-crawford/wellford-park-townhomes-22841/job-wpt05101.html
virginia,https://www.marondahomes.com/va/mt-crawford/wellford-park-townhomes-22841.html,https://www.marondahomes.com/va/mt-crawford/wellford-park-townhomes-22841/job-wpt05001.html
virginia,https://www.marondahomes.com/va/mt-crawford/wellford-park-townhomes-22841.html,https://www.marondahomes.com/va/mt-crawford/wellford-park-townhomes-22841/job-wpt04901.html
florida,https://www.marondahomes.com/fl/north-port/north-port-34286.html,https://www.marondahomes.com/fl/north-port/north-port-34286/job-07011592.html
florida,https://www.marondahomes.com/fl/englewood/englewood-34224.html,https://www.marondahomes.com/fl/englewood/englewood-34224/job-7en7083.html
florida,https://www.marondahomes.com/fl/englewood/englewood-34224.html,https://www.marondahomes.com/fl/englewood/englewood-34224/job-7en7344.html
florida,https://www.marondahomes.com/fl/labelle/labelle-33935.html,https://www.marondahomes.com/fl/labelle/labelle-33935/job-7lb7003.html
virginia,https://www.marondahomes.com/va/mt-crawford/wellford-park-townhomes-22841.html,https://www.marondahomes.com/va/mt-crawford/wellford-park-townhomes-22841/job-wpt05301.html
pennsylvania,https://www.marondahomes.com/pa/pittsburgh/the-bliss-15237.html,https://www.marondahomes.com/pa/pittsburgh/the-bliss-15237/job-bna5.html
florida,https://www.marondahomes.com/fl/palm-bay/malabar-springs-32907.html,https://www.marondahomes.com/fl/palm-bay/malabar-springs-32907/job-3ms0130c.html
florida,https://www.marondahomes.com/fl/plant-city/bella-estates-33565.html,https://www.marondahomes.com/fl/plant-city/bella-estates-33565/job-7be05901.html
florida,https://www.marondahomes.com/fl/north-port/north-port-34286.html,https://www.marondahomes.com/fl/north-port/north-port-34286/job-07021529.html
florida,https://www.marondahomes.com/fl/palm-bay/malabar-springs-32907.html,https://www.marondahomes.com/fl/palm-bay/malabar-springs-32907/job-3ms0280i.html
florida,https://www.marondahomes.com/fl/palm-bay/malabar-springs-32907.html,https://www.marondahomes.com/fl/palm-bay/malabar-springs-32907/job-3ms0110i.html
florida,https://www.marondahomes.com/fl/palm-bay/malabar-springs-32907.html,https://www.marondahomes.com/fl/palm-bay/malabar-springs-32907/job-3ms0100i.html
florida,https://www.marondahomes.com/fl/lake-wales/woodland-ranch-33898.html,https://www.marondahomes.com/fl/lake-wales/woodland-ranch-33898/job-2wd13201.html
florida,https://www.marondahomes.com/fl/lake-wales/woodland-ranch-33898.html,https://www.marondahomes.com/fl/lake-wales/woodland-ranch-33898/job-2wd13001.html
florida,https://www.marondahomes.com/fl/labelle/labelle-33935.html,https://www.marondahomes.com/fl/labelle/labelle-33935/job-7lb2059.html
ohio,https://www.marondahomes.com/oh/columbus/worthington-preserve-townhomes-43085.html,https://www.marondahomes.com/oh/columbus/worthington-preserve-townhomes-43085/job-dc37.html
virginia,https://www.marondahomes.com/va/mt-crawford/wellford-park-townhomes-22841.html,https://www.marondahomes.com/va/mt-crawford/wellford-park-townhomes-22841/job-wpt05401.html
florida,https://www.marondahomes.com/fl/palm-coast/palm-coast-32164.html,https://www.marondahomes.com/fl/palm-coast/palm-coast-32164/job-p2805727.html
florida,https://www.marondahomes.com/fl/brooksville/benton-hills-34602.html,https://www.marondahomes.com/fl/brooksville/benton-hills-34602/job-7bh22301.html
florida,https://www.marondahomes.com/fl/palm-coast/palm-coast-32164.html,https://www.marondahomes.com/fl/palm-coast/palm-coast-32164/job-p0202509.html
florida,https://www.marondahomes.com/fl/palm-bay/palm-bay-32909.html,https://www.marondahomes.com/fl/palm-bay/palm-bay-32909/job-31150766.html
florida,https://www.marondahomes.com/fl/astatula/stillwater-cove-34705.html,https://www.marondahomes.com/fl/astatula/stillwater-cove-34705/job-6sw02001.html
florida,https://www.marondahomes.com/fl/palm-bay/palm-bay-32909.html,https://www.marondahomes.com/fl/palm-bay/palm-bay-32909/job-31160773.html
florida,https://www.marondahomes.com/fl/palm-bay/palm-bay-32909.html,https://www.marondahomes.com/fl/palm-bay/palm-bay-32909/job-31161501.html
florida,https://www.marondahomes.com/fl/bokeelia/orchid-cove-townhomes-33922.html,https://www.marondahomes.com/fl/bokeelia/orchid-cove-townhomes-33922/job-7ov1303.html
florida,https://www.marondahomes.com/fl/bokeelia/orchid-cove-townhomes-33922.html,https://www.marondahomes.com/fl/bokeelia/orchid-cove-townhomes-33922/job-7ov1302.html
florida,https://www.marondahomes.com/fl/bokeelia/orchid-cove-townhomes-33922.html,https://www.marondahomes.com/fl/bokeelia/orchid-cove-townhomes-33922/job-7ov1301.html
florida,https://www.marondahomes.com/fl/brooksville/benton-hills-34602.html,https://www.marondahomes.com/fl/brooksville/benton-hills-34602/job-7bh22101.html
florida,https://www.marondahomes.com/fl/brooksville/benton-hills-34602.html,https://www.marondahomes.com/fl/brooksville/benton-hills-34602/job-7bh22201.html
virginia,https://www.marondahomes.com/va/mt-crawford/wellford-park-townhomes-22841.html,https://www.marondahomes.com/va/mt-crawford/wellford-park-townhomes-22841/job-wpt05501.html
florida,https://www.marondahomes.com/fl/brooksville/benton-hills-34602.html,https://www.marondahomes.com/fl/brooksville/benton-hills-34602/job-7bh11201.html
florida,https://www.marondahomes.com/fl/palm-coast/palm-coast-32164.html,https://www.marondahomes.com/fl/palm-coast/palm-coast-32164/job-p0501310.html
ohio,https://www.marondahomes.com/oh/columbus/worthington-preserve-townhomes-43085.html,https://www.marondahomes.com/oh/columbus/worthington-preserve-townhomes-43085/job-dc40.html
ohio,https://www.marondahomes.com/oh/columbus/worthington-preserve-townhomes-43085.html,https://www.marondahomes.com/oh/columbus/worthington-preserve-townhomes-43085/job-dc42.html
ohio,https://www.marondahomes.com/oh/columbus/worthington-preserve-townhomes-43085.html,https://www.marondahomes.com/oh/columbus/worthington-preserve-townhomes-43085/job-dc41.html
florida,https://www.marondahomes.com/fl/leesburg/oakstone-farms-34788.html,https://www.marondahomes.com/fl/leesburg/oakstone-farms-34788/job-2hl02501.html
florida,https://www.marondahomes.com/fl/port-charlotte/port-charlotte-33954.html,https://www.marondahomes.com/fl/port-charlotte/port-charlotte-33954/job-7pc1081.html
florida,https://www.marondahomes.com/fl/port-charlotte/port-charlotte-33954.html,https://www.marondahomes.com/fl/port-charlotte/port-charlotte-33954/job-7pc20431.html
virginia,https://www.marondahomes.com/va/mt-crawford/wellford-park-townhomes-22841.html,https://www.marondahomes.com/va/mt-crawford/wellford-park-townhomes-22841/job-wpt06001.html
virginia,https://www.marondahomes.com/va/mt-crawford/wellford-park-townhomes-22841.html,https://www.marondahomes.com/va/mt-crawford/wellford-park-townhomes-22841/job-wpt05601.html
florida,https://www.marondahomes.com/fl/deland/deland-32720.html,https://www.marondahomes.com/fl/deland/deland-32720/job-6dd29301.html
florida,https://www.marondahomes.com/fl/palm-coast/enclave-at-seminole-palms-32164.html,https://www.marondahomes.com/fl/palm-coast/enclave-at-seminole-palms-32164/job-9es17801.html
georgia,https://www.marondahomes.com/ga/st-marys/winding-river-31558.html,https://www.marondahomes.com/ga/st-marys/winding-river-31558/job-8wr48902.html
florida,https://www.marondahomes.com/fl/punta-gorda/burnt-store-village-33955.html,https://www.marondahomes.com/fl/punta-gorda/burnt-store-village-33955/job-7bv17317.html
florida,https://www.marondahomes.com/fl/lehigh-acres/lehigh-acres-33971.html,https://www.marondahomes.com/fl/lehigh-acres/lehigh-acres-33971/job-7a2802.html
florida,https://www.marondahomes.com/fl/lehigh-acres/lehigh-acres-33971.html,https://www.marondahomes.com/fl/lehigh-acres/lehigh-acres-33971/job-7a2506fc.html
florida,https://www.marondahomes.com/fl/san-antonio/mirada-townhomes-33576.html,https://www.marondahomes.com/fl/san-antonio/mirada-townhomes-33576/job-7mt21021.html
ohio,https://www.marondahomes.com/oh/reynoldsburg/willow-reserve-townhomes-43068.html,https://www.marondahomes.com/oh/reynoldsburg/willow-reserve-townhomes-43068/job-wc017e01.html
florida,https://www.marondahomes.com/fl/punta-gorda/burnt-store-village-33955.html,https://www.marondahomes.com/fl/punta-gorda/burnt-store-village-33955/job-7bv20318.html
virginia,https://www.marondahomes.com/va/rixeyville/blue-ridge-overlook-22737.html,https://www.marondahomes.com/va/rixeyville/blue-ridge-overlook-22737/job-blo02201.html
virginia,https://www.marondahomes.com/va/rixeyville/blue-ridge-overlook-22737.html,https://www.marondahomes.com/va/rixeyville/blue-ridge-overlook-22737/job-blo02001.html
ohio,https://www.marondahomes.com/oh/canal-winchester/south-hampton-43110.html,https://www.marondahomes.com/oh/canal-winchester/south-hampton-43110/job-sham042.html
florida,https://www.marondahomes.com/fl/cape-coral/cape-coral-33914.html,https://www.marondahomes.com/fl/cape-coral/cape-coral-33914/job-7k65252f.html
florida,https://www.marondahomes.com/fl/inverness/inverness-34452.html,https://www.marondahomes.com/fl/inverness/inverness-34452/job-7vs30153.html
florida,https://www.marondahomes.com/fl/punta-gorda/burnt-store-village-33955.html,https://www.marondahomes.com/fl/punta-gorda/burnt-store-village-33955/job-7bv05322.html
florida,https://www.marondahomes.com/fl/ocala/silver-springs-shores-34472.html,https://www.marondahomes.com/fl/ocala/silver-springs-shores-34472/job-ss106513.html
florida,https://www.marondahomes.com/fl/edgewater/coastal-communities-32141.html,https://www.marondahomes.com/fl/edgewater/coastal-communities-32141/job-2cc271po.html
florida,https://www.marondahomes.com/fl/ocala/silver-springs-shores-34472.html,https://www.marondahomes.com/fl/ocala/silver-springs-shores-34472/job-ss108108.html
florida,https://www.marondahomes.com/fl/inverness/inverness-34452.html,https://www.marondahomes.com/fl/inverness/inverness-34452/job-7vs16126.html
ohio,https://www.marondahomes.com/oh/reynoldsburg/willow-reserve-townhomes-43068.html,https://www.marondahomes.com/oh/reynoldsburg/willow-reserve-townhomes-43068/job-wc017f01.html
florida,https://www.marondahomes.com/fl/north-port/north-port-34286.html,https://www.marondahomes.com/fl/north-port/north-port-34286/job-070flafc.html
florida,https://www.marondahomes.com/fl/edgewater/coastal-communities-32141.html,https://www.marondahomes.com/fl/edgewater/coastal-communities-32141/job-2cc101od.html
florida,https://www.marondahomes.com/fl/edgewater/coastal-communities-32141.html,https://www.marondahomes.com/fl/edgewater/coastal-communities-32141/job-2cc100od.html
florida,https://www.marondahomes.com/fl/punta-gorda/burnt-store-village-33955.html,https://www.marondahomes.com/fl/punta-gorda/burnt-store-village-33955/job-7bv03312.html
florida,https://www.marondahomes.com/fl/edgewater/coastal-communities-32141.html,https://www.marondahomes.com/fl/edgewater/coastal-communities-32141/job-2cc387ne.html
ohio,https://www.marondahomes.com/oh/reynoldsburg/willow-reserve-townhomes-43068.html,https://www.marondahomes.com/oh/reynoldsburg/willow-reserve-townhomes-43068/job-wc017d01.html
ohio,https://www.marondahomes.com/oh/reynoldsburg/willow-reserve-townhomes-43068.html,https://www.marondahomes.com/oh/reynoldsburg/willow-reserve-townhomes-43068/job-wc017b01.html
florida,https://www.marondahomes.com/fl/edgewater/coastal-communities-32141.html,https://www.marondahomes.com/fl/edgewater/coastal-communities-32141/job-2cc046ne.html
florida,https://www.marondahomes.com/fl/lehigh-acres/lehigh-acres-33971.html,https://www.marondahomes.com/fl/lehigh-acres/lehigh-acres-33971/job-7a140106.html
florida,https://www.marondahomes.com/fl/punta-gorda/heritage-station-33955.html,https://www.marondahomes.com/fl/punta-gorda/heritage-station-33955/job-7hs00242.html
florida,https://www.marondahomes.com/fl/punta-gorda/heritage-station-33955.html,https://www.marondahomes.com/fl/punta-gorda/heritage-station-33955/job-7hs00243.html
florida,https://www.marondahomes.com/fl/groveland/villa-pass-34736.html,https://www.marondahomes.com/fl/groveland/villa-pass-34736/job-2vp1342x.html
florida,https://www.marondahomes.com/fl/groveland/villa-pass-34736.html,https://www.marondahomes.com/fl/groveland/villa-pass-34736/job-2vp1332x.html
florida,https://www.marondahomes.com/fl/groveland/villa-pass-34736.html,https://www.marondahomes.com/fl/groveland/villa-pass-34736/job-2vp1322x.html
florida,https://www.marondahomes.com/fl/groveland/villa-pass-34736.html,https://www.marondahomes.com/fl/groveland/villa-pass-34736/job-2vp1402x.html
florida,https://www.marondahomes.com/fl/punta-gorda/heritage-station-33955.html,https://www.marondahomes.com/fl/punta-gorda/heritage-station-33955/job-7hs00006.html
florida,https://www.marondahomes.com/fl/punta-gorda/heritage-station-33955.html,https://www.marondahomes.com/fl/punta-gorda/heritage-station-33955/job-7hs00005.html
florida,https://www.marondahomes.com/fl/north-port/north-port-34286.html,https://www.marondahomes.com/fl/north-port/north-port-34286/job-070pet.html
florida,https://www.marondahomes.com/fl/punta-gorda/heritage-station-33955.html,https://www.marondahomes.com/fl/punta-gorda/heritage-station-33955/job-7hs00254.html
florida,https://www.marondahomes.com/fl/cape-coral/cape-coral-33914.html,https://www.marondahomes.com/fl/cape-coral/cape-coral-33914/job-7k1829fc.html
florida,https://www.marondahomes.com/fl/punta-gorda/harbour-heights-33983.html,https://www.marondahomes.com/fl/punta-gorda/harbour-heights-33983/job-7p540007.html
florida,https://www.marondahomes.com/fl/punta-gorda/harbour-heights-33983.html,https://www.marondahomes.com/fl/punta-gorda/harbour-heights-33983/job-7p011120.html
florida,https://www.marondahomes.com/fl/punta-gorda/heritage-station-33955.html,https://www.marondahomes.com/fl/punta-gorda/heritage-station-33955/job-7hs00286.html
florida,https://www.marondahomes.com/fl/punta-gorda/deep-creek-33983.html,https://www.marondahomes.com/fl/punta-gorda/deep-creek-33983/job-7dc06637.html
florida,https://www.marondahomes.com/fl/lehigh-acres/lehigh-acres-33971.html,https://www.marondahomes.com/fl/lehigh-acres/lehigh-acres-33971/job-7a3715fc.html
florida,https://www.marondahomes.com/fl/punta-gorda/deep-creek-33983.html,https://www.marondahomes.com/fl/punta-gorda/deep-creek-33983/job-7dc06772.html
florida,https://www.marondahomes.com/fl/cape-coral/cape-coral-33914.html,https://www.marondahomes.com/fl/cape-coral/cape-coral-33914/job-7k1225fc.html
florida,https://www.marondahomes.com/fl/cape-coral/cape-coral-33914.html,https://www.marondahomes.com/fl/cape-coral/cape-coral-33914/job-7k4723fc.html
florida,https://www.marondahomes.com/fl/punta-gorda/heritage-station-33955.html,https://www.marondahomes.com/fl/punta-gorda/heritage-station-33955/job-7hs00244.html
florida,https://www.marondahomes.com/fl/punta-gorda/heritage-station-33955.html,https://www.marondahomes.com/fl/punta-gorda/heritage-station-33955/job-7hs00265.html
florida,https://www.marondahomes.com/fl/edgewater/coastal-communities-32141.html,https://www.marondahomes.com/fl/edgewater/coastal-communities-32141/job-2cc216ne.html
georgia,https://www.marondahomes.com/ga/kingsland/brookshire-green-31548.html,https://www.marondahomes.com/ga/kingsland/brookshire-green-31548/job-8li05501.html
ohio,https://www.marondahomes.com/oh/cincinnati/birkdale-townhomes-45227.html,https://www.marondahomes.com/oh/cincinnati/birkdale-townhomes-45227/job-bk4a.html
ohio,https://www.marondahomes.com/oh/columbus/chatterton-commons-townhomes-43232.html,https://www.marondahomes.com/oh/columbus/chatterton-commons-townhomes-43232/job-cc0013b.html
florida,https://www.marondahomes.com/fl/haines-city/lake-deer-estates-33844.html,https://www.marondahomes.com/fl/haines-city/lake-deer-estates-33844/job-2ld2002a.html
florida,https://www.marondahomes.com/fl/haines-city/lake-deer-estates-33844.html,https://www.marondahomes.com/fl/haines-city/lake-deer-estates-33844/job-2ld1992a.html
florida,https://www.marondahomes.com/fl/deland/deland-32720.html,https://www.marondahomes.com/fl/deland/deland-32720/job-6dd28501.html
florida,https://www.marondahomes.com/fl/ocala/marion-oaks-34473.html,https://www.marondahomes.com/fl/ocala/marion-oaks-34473/job-mo040712.html
florida,https://www.marondahomes.com/fl/homosassa/sugarmill-woods-34446.html,https://www.marondahomes.com/fl/homosassa/sugarmill-woods-34446/job-7sw37191.html
florida,https://www.marondahomes.com/fl/homosassa/sugarmill-woods-34446.html,https://www.marondahomes.com/fl/homosassa/sugarmill-woods-34446/job-7sw05164.html
florida,https://www.marondahomes.com/fl/weeki-wachee/royal-highlands-34613.html,https://www.marondahomes.com/fl/weeki-wachee/royal-highlands-34613/job-7h001726.html
florida,https://www.marondahomes.com/fl/weeki-wachee/royal-highlands-34613.html,https://www.marondahomes.com/fl/weeki-wachee/royal-highlands-34613/job-7h005511.html
ohio,https://www.marondahomes.com/oh/columbus/chatterton-commons-townhomes-43232.html,https://www.marondahomes.com/oh/columbus/chatterton-commons-townhomes-43232/job-cc0013c.html
florida,https://www.marondahomes.com/fl/weeki-wachee/royal-highlands-34613.html,https://www.marondahomes.com/fl/weeki-wachee/royal-highlands-34613/job-7h016371.html
florida,https://www.marondahomes.com/fl/haines-city/lake-deer-estates-33844.html,https://www.marondahomes.com/fl/haines-city/lake-deer-estates-33844/job-2ld1982a.html
florida,https://www.marondahomes.com/fl/deland/deland-32720.html,https://www.marondahomes.com/fl/deland/deland-32720/job-6dd28901.html
florida,https://www.marondahomes.com/fl/palm-coast/enclave-at-seminole-palms-32164.html,https://www.marondahomes.com/fl/palm-coast/enclave-at-seminole-palms-32164/job-9es17901.html
florida,https://www.marondahomes.com/fl/lehigh-acres/lehigh-acres-33971.html,https://www.marondahomes.com/fl/lehigh-acres/lehigh-acres-33971/job-7a4012.html
florida,https://www.marondahomes.com/fl/deland/andover-ridge-32720.html,https://www.marondahomes.com/fl/deland/andover-ridge-32720/job-6ar00501.html
florida,https://www.marondahomes.com/fl/deland/deland-32720.html,https://www.marondahomes.com/fl/deland/deland-32720/job-6dd12001.html
florida,https://www.marondahomes.com/fl/homosassa/sugarmill-woods-34446.html,https://www.marondahomes.com/fl/homosassa/sugarmill-woods-34446/job-7sw23159.html
georgia,https://www.marondahomes.com/ga/st-marys/winding-river-31558.html,https://www.marondahomes.com/ga/st-marys/winding-river-31558/job-8wr49302.html
ohio,https://www.marondahomes.com/oh/cincinnati/birkdale-townhomes-45227.html,https://www.marondahomes.com/oh/cincinnati/birkdale-townhomes-45227/job-bk4e.html
ohio,https://www.marondahomes.com/oh/cincinnati/birkdale-townhomes-45227.html,https://www.marondahomes.com/oh/cincinnati/birkdale-townhomes-45227/job-bk4d.html
ohio,https://www.marondahomes.com/oh/cincinnati/birkdale-townhomes-45227.html,https://www.marondahomes.com/oh/cincinnati/birkdale-townhomes-45227/job-bk4c.html
florida,https://www.marondahomes.com/fl/haines-city/lake-deer-estates-33844.html,https://www.marondahomes.com/fl/haines-city/lake-deer-estates-33844/job-2ld1282b.html
florida,https://www.marondahomes.com/fl/haines-city/lake-deer-estates-33844.html,https://www.marondahomes.com/fl/haines-city/lake-deer-estates-33844/job-2ld2082a.html
georgia,https://www.marondahomes.com/ga/kingsland/brookshire-green-31548.html,https://www.marondahomes.com/ga/kingsland/brookshire-green-31548/job-8li03501.html
florida,https://www.marondahomes.com/fl/san-antonio/mirada-townhomes-33576.html,https://www.marondahomes.com/fl/san-antonio/mirada-townhomes-33576/job-7mt22534.html
georgia,https://www.marondahomes.com/ga/kingsland/brookshire-green-31548.html,https://www.marondahomes.com/ga/kingsland/brookshire-green-31548/job-8li03201.html
georgia,https://www.marondahomes.com/ga/kingsland/brookshire-green-31548.html,https://www.marondahomes.com/ga/kingsland/brookshire-green-31548/job-8li03101.html
florida,https://www.marondahomes.com/fl/north-port/north-port-34286.html,https://www.marondahomes.com/fl/north-port/north-port-34286/job-070beafc.html
florida,https://www.marondahomes.com/fl/san-antonio/mirada-townhomes-33576.html,https://www.marondahomes.com/fl/san-antonio/mirada-townhomes-33576/job-7mt21121.html
florida,https://www.marondahomes.com/fl/mt-plymouth/lake-county-communities-32776.html,https://www.marondahomes.com/fl/mt-plymouth/lake-county-communities-32776/job-2lc019ps.html
florida,https://www.marondahomes.com/fl/san-antonio/mirada-townhomes-33576.html,https://www.marondahomes.com/fl/san-antonio/mirada-townhomes-33576/job-7mt21221.html
florida,https://www.marondahomes.com/fl/san-antonio/mirada-townhomes-33576.html,https://www.marondahomes.com/fl/san-antonio/mirada-townhomes-33576/job-7mt22134.html
florida,https://www.marondahomes.com/fl/san-antonio/mirada-townhomes-33576.html,https://www.marondahomes.com/fl/san-antonio/mirada-townhomes-33576/job-7mt22234.html
florida,https://www.marondahomes.com/fl/san-antonio/mirada-townhomes-33576.html,https://www.marondahomes.com/fl/san-antonio/mirada-townhomes-33576/job-7mt22434.html
florida,https://www.marondahomes.com/fl/north-port/north-port-34286.html,https://www.marondahomes.com/fl/north-port/north-port-34286/job-07011971.html
florida,https://www.marondahomes.com/fl/san-antonio/mirada-townhomes-33576.html,https://www.marondahomes.com/fl/san-antonio/mirada-townhomes-33576/job-7mt22634.html
florida,https://www.marondahomes.com/fl/haines-city/lake-deer-estates-33844.html,https://www.marondahomes.com/fl/haines-city/lake-deer-estates-33844/job-2ld2092a.html
florida,https://www.marondahomes.com/fl/weeki-wachee/royal-highlands-34613.html,https://www.marondahomes.com/fl/weeki-wachee/royal-highlands-34613/job-7h003477.html
florida,https://www.marondahomes.com/fl/haines-city/lake-deer-estates-33844.html,https://www.marondahomes.com/fl/haines-city/lake-deer-estates-33844/job-2ld1322b.html
florida,https://www.marondahomes.com/fl/ocala/marion-oaks-34473.html,https://www.marondahomes.com/fl/ocala/marion-oaks-34473/job-mo111903.html
florida,https://www.marondahomes.com/fl/ocala/marion-oaks-34473.html,https://www.marondahomes.com/fl/ocala/marion-oaks-34473/job-mo111209.html
florida,https://www.marondahomes.com/fl/ocala/marion-oaks-34473.html,https://www.marondahomes.com/fl/ocala/marion-oaks-34473/job-mo105434.html
florida,https://www.marondahomes.com/fl/ocala/marion-oaks-34473.html,https://www.marondahomes.com/fl/ocala/marion-oaks-34473/job-mo089509.html
florida,https://www.marondahomes.com/fl/homosassa/sugarmill-woods-34446.html,https://www.marondahomes.com/fl/homosassa/sugarmill-woods-34446/job-7sw17204.html
florida,https://www.marondahomes.com/fl/beverly-hills/pine-ridge-34465.html,https://www.marondahomes.com/fl/beverly-hills/pine-ridge-34465/job-7pr00641.html
florida,https://www.marondahomes.com/fl/haines-city/lake-deer-estates-33844.html,https://www.marondahomes.com/fl/haines-city/lake-deer-estates-33844/job-2ld1932a.html
florida,https://www.marondahomes.com/fl/north-port/north-port-34286.html,https://www.marondahomes.com/fl/north-port/north-port-34286/job-70nan21.html
florida,https://www.marondahomes.com/fl/north-port/north-port-34286.html,https://www.marondahomes.com/fl/north-port/north-port-34286/job-07011664.html
