input_part_number,status,url,error
(MALEINLINE:10117140),NOT FOUND,,Not found in autocomplete
(MALEINLINE:10117194),NOT FOUND,,Not found in autocomplete
022821535,NOT FOUND,,Not found in autocomplete
09408621,NOT FOUND,,Not found in autocomplete
10092976,NOT FOUND,,Not found in autocomplete
10092977,NOT FOUND,,Not found in autocomplete
10092979,NOT FOUND,,Not found in autocomplete
10092980,NOT FOUND,,Not found in autocomplete
10092981,NOT FOUND,,Not found in autocomplete
10092983,NOT FOUND,,Not found in autocomplete
10092984,NOT FOUND,,Not found in autocomplete
10092985,NOT FOUND,,Not found in autocomplete
10093459,NOT FOUND,,Not found in autocomplete
10093460,NOT FOUND,,Not found in autocomplete
10093461,NOT FOUND,,Not found in autocomplete
10098876,NOT FOUND,,Not found in autocomplete
10117210,NOT FOUND,,Not found in autocomplete
10117274,NOT FOUND,,Not found in autocomplete
10117743,NOT FOUND,,Not found in autocomplete
10117745,NOT FOUND,,Not found in autocomplete
10117746,NOT FOUND,,Not found in autocomplete
10117747,NOT FOUND,,Not found in autocomplete
10117748,NOT FOUND,,Not found in autocomplete
10121498,NOT FOUND,,Not found in autocomplete
10121499,NOT FOUND,,Not found in autocomplete
114564262,NOT FOUND,,Not found in autocomplete
114564263,NOT FOUND,,Not found in autocomplete
114564264,NOT FOUND,,Not found in autocomplete
114564267,NOT FOUND,,Not found in autocomplete
114564268,NOT FOUND,,Not found in autocomplete
13782039,NOT FOUND,,Not found in autocomplete
13960977,NOT FOUND,,Not found in autocomplete
1456426,NOT FOUND,,Not found in autocomplete
14885335,NOT FOUND,,Not found in autocomplete
14885336,NOT FOUND,,Not found in autocomplete
1488991,NOT FOUND,,Not found in autocomplete
14889917,NOT FOUND,,Not found in autocomplete
15431080,NOT FOUND,,Not found in autocomplete
15431083,NOT FOUND,,Not found in autocomplete
15431085,NOT FOUND,,Not found in autocomplete
15512463,NOT FOUND,,Not found in autocomplete
15512464,NOT FOUND,,Not found in autocomplete
15512476,NOT FOUND,,Not found in autocomplete
15513506,NOT FOUND,,Not found in autocomplete
15513507,NOT FOUND,,Not found in autocomplete
15514475,NOT FOUND,,Not found in autocomplete
15514476,NOT FOUND,,Not found in autocomplete
15514526,NOT FOUND,,Not found in autocomplete
15514527,NOT FOUND,,Not found in autocomplete
15514574,NOT FOUND,,Not found in autocomplete
15514575,NOT FOUND,,Not found in autocomplete
15514577,NOT FOUND,,Not found in autocomplete
15514670,NOT FOUND,,Not found in autocomplete
15514764,NOT FOUND,,Not found in autocomplete
15514765,NOT FOUND,,Not found in autocomplete
1924067,NOT FOUND,,Not found in autocomplete
1924292,NOT FOUND,,Not found in autocomplete
19242922,NOT FOUND,,Not found in autocomplete
19242923,NOT FOUND,,Not found in autocomplete
2058252121,NOT FOUND,,Not found in autocomplete
2058252122,NOT FOUND,,Not found in autocomplete
2058252123,NOT FOUND,,Not found in autocomplete
2058252124,NOT FOUND,,Not found in autocomplete
2058252161,NOT FOUND,,Not found in autocomplete
2058252162,NOT FOUND,,Not found in autocomplete
2058252163,NOT FOUND,,Not found in autocomplete
2058252164,NOT FOUND,,Not found in autocomplete
2058252181,NOT FOUND,,Not found in autocomplete
2058252182,NOT FOUND,,Not found in autocomplete
2058252183,NOT FOUND,,Not found in autocomplete
2058252184,NOT FOUND,,Not found in autocomplete
2058252221,NOT FOUND,,Not found in autocomplete
2058252222,NOT FOUND,,Not found in autocomplete
2058252223,NOT FOUND,,Not found in autocomplete
2058252224,NOT FOUND,,Not found in autocomplete
2058272022,NOT FOUND,,Not found in autocomplete
2058272023,NOT FOUND,,Not found in autocomplete
2058272024,NOT FOUND,,Not found in autocomplete
2058272031,NOT FOUND,,Not found in autocomplete
2058272032,NOT FOUND,,Not found in autocomplete
2058272033,NOT FOUND,,Not found in autocomplete
2058272034,NOT FOUND,,Not found in autocomplete
2058272051,NOT FOUND,,Not found in autocomplete
2058272052,NOT FOUND,,Not found in autocomplete
2058272053,NOT FOUND,,Not found in autocomplete
2058272054,NOT FOUND,,Not found in autocomplete
2058272071,NOT FOUND,,Not found in autocomplete
2058272072,NOT FOUND,,Not found in autocomplete
2058272073,NOT FOUND,,Not found in autocomplete
2058272074,NOT FOUND,,Not found in autocomplete
2058272081,NOT FOUND,,Not found in autocomplete
2058272082,NOT FOUND,,Not found in autocomplete
2058272083,NOT FOUND,,Not found in autocomplete
2058272084,NOT FOUND,,Not found in autocomplete
2058272091,NOT FOUND,,Not found in autocomplete
2058272092,NOT FOUND,,Not found in autocomplete
2058272093,NOT FOUND,,Not found in autocomplete
2058272094,NOT FOUND,,Not found in autocomplete
2058272101,NOT FOUND,,Not found in autocomplete
2058272102,NOT FOUND,,Not found in autocomplete
2058272103,NOT FOUND,,Not found in autocomplete
2058272104,NOT FOUND,,Not found in autocomplete
2058272111,NOT FOUND,,Not found in autocomplete
2058272112,NOT FOUND,,Not found in autocomplete
2058272113,NOT FOUND,,Not found in autocomplete
2058272114,NOT FOUND,,Not found in autocomplete
2098557,NOT FOUND,,Not found in autocomplete
20985572,NOT FOUND,,Not found in autocomplete
20985573,NOT FOUND,,Not found in autocomplete
20985575,NOT FOUND,,Not found in autocomplete
20985576,NOT FOUND,,Not found in autocomplete
2098559,NOT FOUND,,Not found in autocomplete
20985591,NOT FOUND,,Not found in autocomplete
20985592,NOT FOUND,,Not found in autocomplete
20985593,NOT FOUND,,Not found in autocomplete
20985595,NOT FOUND,,Not found in autocomplete
20985596,NOT FOUND,,Not found in autocomplete
20985597,NOT FOUND,,Not found in autocomplete
22037751,NOT FOUND,,Not found in autocomplete
22037752,NOT FOUND,,Not found in autocomplete
22037753,NOT FOUND,,Not found in autocomplete
223576001,NOT FOUND,,Not found in autocomplete
22821502,NOT FOUND,,Not found in autocomplete
22821503,NOT FOUND,,Not found in autocomplete
22821504,NOT FOUND,,Not found in autocomplete
22821512,NOT FOUND,,Not found in autocomplete
22821513,NOT FOUND,,Not found in autocomplete
22821514,NOT FOUND,,Not found in autocomplete
22821515,NOT FOUND,,Not found in autocomplete
22821522,NOT FOUND,,Not found in autocomplete
22821523,NOT FOUND,,Not found in autocomplete
22821524,NOT FOUND,,Not found in autocomplete
22821532,NOT FOUND,,Not found in autocomplete
22821533,NOT FOUND,,Not found in autocomplete
22821534,NOT FOUND,,Not found in autocomplete
22821543,NOT FOUND,,Not found in autocomplete
22821544,NOT FOUND,,Not found in autocomplete
22821552,NOT FOUND,,Not found in autocomplete
22821553,NOT FOUND,,Not found in autocomplete
22821554,NOT FOUND,,Not found in autocomplete
228215553G0973711,NOT FOUND,,Not found in autocomplete
22821562,NOT FOUND,,Not found in autocomplete
22821563,NOT FOUND,,Not found in autocomplete
22821564,NOT FOUND,,Not found in autocomplete
22821572,NOT FOUND,,Not found in autocomplete
22821573,NOT FOUND,,Not found in autocomplete
22821574,NOT FOUND,,Not found in autocomplete
22822672,NOT FOUND,,Not found in autocomplete
22822673,NOT FOUND,,Not found in autocomplete
22822674,NOT FOUND,,Not found in autocomplete
22822682,NOT FOUND,,Not found in autocomplete
22822683,NOT FOUND,,Not found in autocomplete
22822684,NOT FOUND,,Not found in autocomplete
23024753,NOT FOUND,,Not found in autocomplete
23024754,NOT FOUND,,Not found in autocomplete
23025012,NOT FOUND,,Not found in autocomplete
23025013,NOT FOUND,,Not found in autocomplete
23025014,NOT FOUND,,Not found in autocomplete
23068681,NOT FOUND,,Not found in autocomplete
23101371,NOT FOUND,,Not found in autocomplete
23122122,NOT FOUND,,Not found in autocomplete
23122123,NOT FOUND,,Not found in autocomplete
23122124,NOT FOUND,,Not found in autocomplete
23200041,NOT FOUND,,Not found in autocomplete
23200042,NOT FOUND,,Not found in autocomplete
23200043,NOT FOUND,,Not found in autocomplete
23200044,NOT FOUND,,Not found in autocomplete
23200081,NOT FOUND,,Not found in autocomplete
23200082,NOT FOUND,,Not found in autocomplete
23200083,NOT FOUND,,Not found in autocomplete
23200084,NOT FOUND,,Not found in autocomplete
23200142,NOT FOUND,,Not found in autocomplete
23200143,NOT FOUND,,Not found in autocomplete
23200144,NOT FOUND,,Not found in autocomplete
23200161,NOT FOUND,,Not found in autocomplete
23200162,NOT FOUND,,Not found in autocomplete
23200163,NOT FOUND,,Not found in autocomplete
23200164,NOT FOUND,,Not found in autocomplete
23200181,NOT FOUND,,Not found in autocomplete
23200182,NOT FOUND,,Not found in autocomplete
23200183,NOT FOUND,,Not found in autocomplete
23200184,NOT FOUND,,Not found in autocomplete
23200202,NOT FOUND,,Not found in autocomplete
23200203,NOT FOUND,,Not found in autocomplete
23200204,NOT FOUND,,Not found in autocomplete
2327551123275501,NOT FOUND,,Not found in autocomplete
2327551123275503,NOT FOUND,,Not found in autocomplete
2327551223275501,NOT FOUND,,Not found in autocomplete
2327551223275503,NOT FOUND,,Not found in autocomplete
23431371,NOT FOUND,,Not found in autocomplete
23431391,NOT FOUND,,Not found in autocomplete
23576001,NOT FOUND,,Not found in autocomplete
314022200,NOT FOUND,,Not found in autocomplete
314022210,NOT FOUND,,Not found in autocomplete
314022700,NOT FOUND,,Not found in autocomplete
314036610,NOT FOUND,,Not found in autocomplete
314046100,NOT FOUND,,Not found in autocomplete
314046110,NOT FOUND,,Not found in autocomplete
314046200,NOT FOUND,,Not found in autocomplete
314046210,NOT FOUND,,Not found in autocomplete
314046800,NOT FOUND,,Not found in autocomplete
314081080,NOT FOUND,,Not found in autocomplete
314081081,NOT FOUND,,Not found in autocomplete
314081122,NOT FOUND,,Not found in autocomplete
314081201,NOT FOUND,,Not found in autocomplete
314081202,NOT FOUND,,Not found in autocomplete
314100120,NOT FOUND,,Not found in autocomplete
314100121,NOT FOUND,,Not found in autocomplete
314100122,NOT FOUND,,Not found in autocomplete
314100200,NOT FOUND,,Not found in autocomplete
314100201,NOT FOUND,,Not found in autocomplete
314100202,NOT FOUND,,Not found in autocomplete
314100203,NOT FOUND,,Not found in autocomplete
314101121,NOT FOUND,,Not found in autocomplete
314101122,NOT FOUND,,Not found in autocomplete
314101202,NOT FOUND,,Not found in autocomplete
314101203,NOT FOUND,,Not found in autocomplete
33116161,NOT FOUND,,Not found in autocomplete
33164011,NOT FOUND,,Not found in autocomplete
33174096,NOT FOUND,,Not found in autocomplete
33174097,NOT FOUND,,Not found in autocomplete
33174099,NOT FOUND,,Not found in autocomplete
33189092,NOT FOUND,,Not found in autocomplete
33194666,NOT FOUND,,Not found in autocomplete
33195181,NOT FOUND,,Not found in autocomplete
33380214,NOT FOUND,,Not found in autocomplete
334170302,NOT FOUND,,Not found in autocomplete
334710203,NOT FOUND,,Not found in autocomplete
334710204,NOT FOUND,,Not found in autocomplete
334710209,NOT FOUND,,Not found in autocomplete
334710301,NOT FOUND,,Not found in autocomplete
334710303,NOT FOUND,,Not found in autocomplete
334710304,NOT FOUND,,Not found in autocomplete
334710308,NOT FOUND,,Not found in autocomplete
334710309,NOT FOUND,,Not found in autocomplete
334710402,NOT FOUND,,Not found in autocomplete
334710403,NOT FOUND,,Not found in autocomplete
334710404,NOT FOUND,,Not found in autocomplete
334710407,NOT FOUND,,Not found in autocomplete
334710408,NOT FOUND,,Not found in autocomplete
334710409,NOT FOUND,,Not found in autocomplete
334720604,NOT FOUND,,Not found in autocomplete
334720608,NOT FOUND,,Not found in autocomplete
334720609,NOT FOUND,,Not found in autocomplete
334720701,NOT FOUND,,Not found in autocomplete
334720702,NOT FOUND,,Not found in autocomplete
334720703,NOT FOUND,,Not found in autocomplete
334720704,NOT FOUND,,Not found in autocomplete
334720705,NOT FOUND,,Not found in autocomplete
334720708,NOT FOUND,,Not found in autocomplete
334720801,NOT FOUND,,Not found in autocomplete
334720802,NOT FOUND,,Not found in autocomplete
334720803,NOT FOUND,,Not found in autocomplete
334720804,NOT FOUND,,Not found in autocomplete
334720807,NOT FOUND,,Not found in autocomplete
334720808,NOT FOUND,,Not found in autocomplete
334720809,NOT FOUND,,Not found in autocomplete
334720901,NOT FOUND,,Not found in autocomplete
334720902,NOT FOUND,,Not found in autocomplete
334720903,NOT FOUND,,Not found in autocomplete
334720904,NOT FOUND,,Not found in autocomplete
334720906,NOT FOUND,,Not found in autocomplete
334720907,NOT FOUND,,Not found in autocomplete
334720908,NOT FOUND,,Not found in autocomplete
334720909,NOT FOUND,,Not found in autocomplete
334721203,NOT FOUND,,Not found in autocomplete
334721204,NOT FOUND,,Not found in autocomplete
334721209,NOT FOUND,,Not found in autocomplete
334721303,NOT FOUND,,Not found in autocomplete
334721304,NOT FOUND,,Not found in autocomplete
334721307,NOT FOUND,,Not found in autocomplete
334721308,NOT FOUND,,Not found in autocomplete
334721309,NOT FOUND,,Not found in autocomplete
334721603,NOT FOUND,,Not found in autocomplete
334721604,NOT FOUND,,Not found in autocomplete
334721608,NOT FOUND,,Not found in autocomplete
334721609,NOT FOUND,,Not found in autocomplete
340620001,NOT FOUND,,Not found in autocomplete
340620002,NOT FOUND,,Not found in autocomplete
340620003,NOT FOUND,,Not found in autocomplete
34062000X,NOT FOUND,,Not found in autocomplete
347280081,NOT FOUND,,Not found in autocomplete
347280121,NOT FOUND,,Not found in autocomplete
347280122,NOT FOUND,,Not found in autocomplete
347280200,NOT FOUND,,Not found in autocomplete
347280201,NOT FOUND,,Not found in autocomplete
347280202,NOT FOUND,,Not found in autocomplete
347280203,NOT FOUND,,Not found in autocomplete
"347290120,",NOT FOUND,,Not found in autocomplete
"347290122,",NOT FOUND,,Not found in autocomplete
347910143,NOT FOUND,,Not found in autocomplete
347910182,NOT FOUND,,Not found in autocomplete
347915141,NOT FOUND,,Not found in autocomplete
347915143,NOT FOUND,,Not found in autocomplete
347915182,NOT FOUND,,Not found in autocomplete
348240126,NOT FOUND,,Not found in autocomplete
348241126,NOT FOUND,,Not found in autocomplete
348245125,NOT FOUND,,Not found in autocomplete
348245126,NOT FOUND,,Not found in autocomplete
349002002,NOT FOUND,,Not found in autocomplete
349002003,NOT FOUND,,Not found in autocomplete
349002020,NOT FOUND,,Not found in autocomplete
349002021,NOT FOUND,,Not found in autocomplete
349002022,NOT FOUND,,Not found in autocomplete
349002102,NOT FOUND,,Not found in autocomplete
349002103,NOT FOUND,,Not found in autocomplete
349002123,NOT FOUND,,Not found in autocomplete
349003101,NOT FOUND,,Not found in autocomplete
349003103,NOT FOUND,,Not found in autocomplete
349003104,NOT FOUND,,Not found in autocomplete
349003121,NOT FOUND,,Not found in autocomplete
349003122,NOT FOUND,,Not found in autocomplete
349003123,NOT FOUND,,Not found in autocomplete
349004110,NOT FOUND,,Not found in autocomplete
349004111,NOT FOUND,,Not found in autocomplete
349004112,NOT FOUND,,Not found in autocomplete
349004113,NOT FOUND,,Not found in autocomplete
349004122,NOT FOUND,,Not found in autocomplete
349004123,NOT FOUND,,Not found in autocomplete
349006010,NOT FOUND,,Not found in autocomplete
349006011,NOT FOUND,,Not found in autocomplete
349006012,NOT FOUND,,Not found in autocomplete
349006019,NOT FOUND,,Not found in autocomplete
349006021,NOT FOUND,,Not found in autocomplete
349006028,NOT FOUND,,Not found in autocomplete
349006040,NOT FOUND,,Not found in autocomplete
349006041,NOT FOUND,,Not found in autocomplete
349006042,NOT FOUND,,Not found in autocomplete
35020436,NOT FOUND,,Not found in autocomplete
35020437,NOT FOUND,,Not found in autocomplete
35029308,NOT FOUND,,Not found in autocomplete
35029311,NOT FOUND,,Not found in autocomplete
35063641,NOT FOUND,,Not found in autocomplete
35068219,NOT FOUND,,Not found in autocomplete
35068230,NOT FOUND,,Not found in autocomplete
35068231,NOT FOUND,,Not found in autocomplete
35068240,NOT FOUND,,Not found in autocomplete
35068241,NOT FOUND,,Not found in autocomplete
35087440,NOT FOUND,,Not found in autocomplete
35126370,NOT FOUND,,Not found in autocomplete
35126371,NOT FOUND,,Not found in autocomplete
35126372,NOT FOUND,,Not found in autocomplete
35126378,NOT FOUND,,Not found in autocomplete
35126383,NOT FOUND,,Not found in autocomplete
35126384,NOT FOUND,,Not found in autocomplete
35126385,NOT FOUND,,Not found in autocomplete
35126449,NOT FOUND,,Not found in autocomplete
35126450,NOT FOUND,,Not found in autocomplete
35126451,NOT FOUND,,Not found in autocomplete
35225462,NOT FOUND,,Not found in autocomplete
35258941,NOT FOUND,,Not found in autocomplete
35264699,NOT FOUND,,Not found in autocomplete
35311666,NOT FOUND,,Not found in autocomplete
35327186,NOT FOUND,,Not found in autocomplete
35354195,NOT FOUND,,Not found in autocomplete
35357164,NOT FOUND,,Not found in autocomplete
35357167,NOT FOUND,,Not found in autocomplete
35357169,NOT FOUND,,Not found in autocomplete
35387382,NOT FOUND,,Not found in autocomplete
35387385,NOT FOUND,,Not found in autocomplete
35387386,NOT FOUND,,Not found in autocomplete
35387389,NOT FOUND,,Not found in autocomplete
35387390,NOT FOUND,,Not found in autocomplete
35387391,NOT FOUND,,Not found in autocomplete
35387392,NOT FOUND,,Not found in autocomplete
35387395,NOT FOUND,,Not found in autocomplete
35387396,NOT FOUND,,Not found in autocomplete
35390637,NOT FOUND,,Not found in autocomplete
35390639,NOT FOUND,,Not found in autocomplete
35446705,NOT FOUND,,Not found in autocomplete
35446706,NOT FOUND,,Not found in autocomplete
35477104,NOT FOUND,,Not found in autocomplete
35477650,NOT FOUND,,Not found in autocomplete
35477654,NOT FOUND,,Not found in autocomplete
35501481,NOT FOUND,,Not found in autocomplete
35506369,NOT FOUND,,Not found in autocomplete
35506370,NOT FOUND,,Not found in autocomplete
35506381,NOT FOUND,,Not found in autocomplete
35506488,NOT FOUND,,Not found in autocomplete
35506490,NOT FOUND,,Not found in autocomplete
35508680,NOT FOUND,,Not found in autocomplete
35512451,NOT FOUND,,Not found in autocomplete
35521020,NOT FOUND,,Not found in autocomplete
35521163,NOT FOUND,,Not found in autocomplete
35525626,NOT FOUND,,Not found in autocomplete
35525634,NOT FOUND,,Not found in autocomplete
35525639,NOT FOUND,,Not found in autocomplete
35525640,NOT FOUND,,Not found in autocomplete
35525641,NOT FOUND,,Not found in autocomplete
35533051,NOT FOUND,,Not found in autocomplete
35533052,NOT FOUND,,Not found in autocomplete
35533053,NOT FOUND,,Not found in autocomplete
35533075,NOT FOUND,,Not found in autocomplete
35533076,NOT FOUND,,Not found in autocomplete
35533077,NOT FOUND,,Not found in autocomplete
35533078,NOT FOUND,,Not found in autocomplete
35533079,NOT FOUND,,Not found in autocomplete
35533080,NOT FOUND,,Not found in autocomplete
35546261,NOT FOUND,,Not found in autocomplete
35547127,NOT FOUND,,Not found in autocomplete
35547323,NOT FOUND,,Not found in autocomplete
35552923,NOT FOUND,,Not found in autocomplete
35552924,NOT FOUND,,Not found in autocomplete
35552925,NOT FOUND,,Not found in autocomplete
35555386,NOT FOUND,,Not found in autocomplete
35578548,NOT FOUND,,Not found in autocomplete
35584334,NOT FOUND,,Not found in autocomplete
35584335,NOT FOUND,,Not found in autocomplete
35592334,NOT FOUND,,Not found in autocomplete
35592357,NOT FOUND,,Not found in autocomplete
35594252,NOT FOUND,,Not found in autocomplete
35594253,NOT FOUND,,Not found in autocomplete
35594254,NOT FOUND,,Not found in autocomplete
35594255,NOT FOUND,,Not found in autocomplete
35602195,NOT FOUND,,Not found in autocomplete
35602237,NOT FOUND,,Not found in autocomplete
35602523,NOT FOUND,,Not found in autocomplete
35602537,NOT FOUND,,Not found in autocomplete
35602594,NOT FOUND,,Not found in autocomplete
35602601,NOT FOUND,,Not found in autocomplete
35602608,NOT FOUND,,Not found in autocomplete
35602614,NOT FOUND,,Not found in autocomplete
35602626,NOT FOUND,,Not found in autocomplete
35602638,NOT FOUND,,Not found in autocomplete
35602652,NOT FOUND,,Not found in autocomplete
35602681,NOT FOUND,,Not found in autocomplete
35602706,NOT FOUND,,Not found in autocomplete
35602720,NOT FOUND,,Not found in autocomplete
35610597,NOT FOUND,,Not found in autocomplete
35610604,NOT FOUND,,Not found in autocomplete
35610612,NOT FOUND,,Not found in autocomplete
35644181,NOT FOUND,,Not found in autocomplete
35649946,NOT FOUND,,Not found in autocomplete
35650354,NOT FOUND,,Not found in autocomplete
35650361,NOT FOUND,,Not found in autocomplete
35677343,NOT FOUND,,Not found in autocomplete
35677441,NOT FOUND,,Not found in autocomplete
35690266,NOT FOUND,,Not found in autocomplete
35694041,NOT FOUND,,Not found in autocomplete
35706480,NOT FOUND,,Not found in autocomplete
35706487,NOT FOUND,,Not found in autocomplete
35706814,NOT FOUND,,Not found in autocomplete
35706824,NOT FOUND,,Not found in autocomplete
35709353,NOT FOUND,,Not found in autocomplete
35719600,NOT FOUND,,Not found in autocomplete
35719721,NOT FOUND,,Not found in autocomplete
35719723,NOT FOUND,,Not found in autocomplete
35719725,NOT FOUND,,Not found in autocomplete
35719728,NOT FOUND,,Not found in autocomplete
35719730,NOT FOUND,,Not found in autocomplete
35719735,NOT FOUND,,Not found in autocomplete
35719761,NOT FOUND,,Not found in autocomplete
35719762,NOT FOUND,,Not found in autocomplete
35719839,NOT FOUND,,Not found in autocomplete
35726467,NOT FOUND,,Not found in autocomplete
35726767,NOT FOUND,,Not found in autocomplete
35726795,NOT FOUND,,Not found in autocomplete
35735939,NOT FOUND,,Not found in autocomplete
35747312,NOT FOUND,,Not found in autocomplete
35747314,NOT FOUND,,Not found in autocomplete
35747315,NOT FOUND,,Not found in autocomplete
35747316,NOT FOUND,,Not found in autocomplete
35747317,NOT FOUND,,Not found in autocomplete
35747322,NOT FOUND,,Not found in autocomplete
35747323,NOT FOUND,,Not found in autocomplete
35747324,NOT FOUND,,Not found in autocomplete
35747325,NOT FOUND,,Not found in autocomplete
35747326,NOT FOUND,,Not found in autocomplete
35748519,NOT FOUND,,Not found in autocomplete
35748524,NOT FOUND,,Not found in autocomplete
35748526,NOT FOUND,,Not found in autocomplete
35748527,NOT FOUND,,Not found in autocomplete
35748532,NOT FOUND,,Not found in autocomplete
35748533,NOT FOUND,,Not found in autocomplete
35748536,NOT FOUND,,Not found in autocomplete
35748537,NOT FOUND,,Not found in autocomplete
35748538,NOT FOUND,,Not found in autocomplete
35748642,NOT FOUND,,Not found in autocomplete
35748643,NOT FOUND,,Not found in autocomplete
35748644,NOT FOUND,,Not found in autocomplete
35748645,NOT FOUND,,Not found in autocomplete
35748646,NOT FOUND,,Not found in autocomplete
35748647,NOT FOUND,,Not found in autocomplete
35748648,NOT FOUND,,Not found in autocomplete
35748651,NOT FOUND,,Not found in autocomplete
35748652,NOT FOUND,,Not found in autocomplete
35748653,NOT FOUND,,Not found in autocomplete
35748654,NOT FOUND,,Not found in autocomplete
35748655,NOT FOUND,,Not found in autocomplete
35748657,NOT FOUND,,Not found in autocomplete
35755885,NOT FOUND,,Not found in autocomplete
35761437,NOT FOUND,,Not found in autocomplete
35761445,NOT FOUND,,Not found in autocomplete
35773252,NOT FOUND,,Not found in autocomplete
35773273,NOT FOUND,,Not found in autocomplete
35773538,NOT FOUND,,Not found in autocomplete
35777375,NOT FOUND,,Not found in autocomplete
35777376,NOT FOUND,,Not found in autocomplete
35777402,NOT FOUND,,Not found in autocomplete
35777403,NOT FOUND,,Not found in autocomplete
35777404,NOT FOUND,,Not found in autocomplete
35777405,NOT FOUND,,Not found in autocomplete
35777406,NOT FOUND,,Not found in autocomplete
35777407,NOT FOUND,,Not found in autocomplete
35777408,NOT FOUND,,Not found in autocomplete
35777409,NOT FOUND,,Not found in autocomplete
35777410,NOT FOUND,,Not found in autocomplete
35777411,NOT FOUND,,Not found in autocomplete
35777412,NOT FOUND,,Not found in autocomplete
35777413,NOT FOUND,,Not found in autocomplete
35784410,NOT FOUND,,Not found in autocomplete
35793824,NOT FOUND,,Not found in autocomplete
35798317,NOT FOUND,,Not found in autocomplete
35798334,NOT FOUND,,Not found in autocomplete
35805034,NOT FOUND,,Not found in autocomplete
35811498,NOT FOUND,,Not found in autocomplete
35812563,NOT FOUND,,Not found in autocomplete
35812590,NOT FOUND,,Not found in autocomplete
35823200,NOT FOUND,,Not found in autocomplete
35827621,NOT FOUND,,Not found in autocomplete
35827647,NOT FOUND,,Not found in autocomplete
35827653,NOT FOUND,,Not found in autocomplete
35827666,NOT FOUND,,Not found in autocomplete
35827690,NOT FOUND,,Not found in autocomplete
35827703,NOT FOUND,,Not found in autocomplete
35827745,NOT FOUND,,Not found in autocomplete
35830290,NOT FOUND,,Not found in autocomplete
35837614,NOT FOUND,,Not found in autocomplete
35837618,NOT FOUND,,Not found in autocomplete
35837619,NOT FOUND,,Not found in autocomplete
35838091,NOT FOUND,,Not found in autocomplete
35839349,NOT FOUND,,Not found in autocomplete
35865979,NOT FOUND,,Not found in autocomplete
35865987,NOT FOUND,,Not found in autocomplete
35865995,NOT FOUND,,Not found in autocomplete
35866003,NOT FOUND,,Not found in autocomplete
35875590,NOT FOUND,,Not found in autocomplete
35875629,NOT FOUND,,Not found in autocomplete
35876856,NOT FOUND,,Not found in autocomplete
35876886,NOT FOUND,,Not found in autocomplete
35879706,NOT FOUND,,Not found in autocomplete
35894299,NOT FOUND,,Not found in autocomplete
35894560,NOT FOUND,,Not found in autocomplete
42211000,NOT FOUND,,Not found in autocomplete
42211100,NOT FOUND,,Not found in autocomplete
42211200,NOT FOUND,,Not found in autocomplete
42211300,NOT FOUND,,Not found in autocomplete
423064981,NOT FOUND,,Not found in autocomplete
423101381,NOT FOUND,,Not found in autocomplete
60984610,NOT FOUND,,Not found in autocomplete
60984798,NOT FOUND,,Not found in autocomplete
60985237,NOT FOUND,,Not found in autocomplete
60985240,NOT FOUND,,Not found in autocomplete
60985264,NOT FOUND,,Not found in autocomplete
60986420,NOT FOUND,,Not found in autocomplete
60988153,NOT FOUND,,Not found in autocomplete
60988435,NOT FOUND,,Not found in autocomplete
60988443,NOT FOUND,,Not found in autocomplete
60988828,NOT FOUND,,Not found in autocomplete
60988988,NOT FOUND,,Not found in autocomplete
60989004,NOT FOUND,,Not found in autocomplete
60989012,NOT FOUND,,Not found in autocomplete
60989046,NOT FOUND,,Not found in autocomplete
60989079,NOT FOUND,,Not found in autocomplete
60989120,NOT FOUND,,Not found in autocomplete
60989129,NOT FOUND,,Not found in autocomplete
60989148,NOT FOUND,,Not found in autocomplete
60990610,NOT FOUND,,Not found in autocomplete
61897456,NOT FOUND,,Not found in autocomplete
61897457,NOT FOUND,,Not found in autocomplete
61897458,NOT FOUND,,Not found in autocomplete
61897459,NOT FOUND,,Not found in autocomplete
61897460,NOT FOUND,,Not found in autocomplete
61897685,NOT FOUND,,Not found in autocomplete
7283074390,NOT FOUND,,Not found in autocomplete
7283074480,NOT FOUND,,Not found in autocomplete
7283344040,NOT FOUND,,Not found in autocomplete
7283344130,NOT FOUND,,Not found in autocomplete
7283344140,NOT FOUND,,Not found in autocomplete
7283344240,NOT FOUND,,Not found in autocomplete
7283344260,NOT FOUND,,Not found in autocomplete
7283344270,NOT FOUND,,Not found in autocomplete
7283401660,NOT FOUND,,Not found in autocomplete
7283580760,NOT FOUND,,Not found in autocomplete
7283596730,NOT FOUND,,Not found in autocomplete
7283643030,NOT FOUND,,Not found in autocomplete
7283644340,NOT FOUND,,Not found in autocomplete
7283644350,NOT FOUND,,Not found in autocomplete
7283645360,NOT FOUND,,Not found in autocomplete
7283645440,NOT FOUND,,Not found in autocomplete
7283645450,NOT FOUND,,Not found in autocomplete
7283645540,NOT FOUND,,Not found in autocomplete
7283645570,NOT FOUND,,Not found in autocomplete
7283645680,NOT FOUND,,Not found in autocomplete
7283645690,NOT FOUND,,Not found in autocomplete
7283646610,NOT FOUND,,Not found in autocomplete
7283649830,NOT FOUND,,Not found in autocomplete
7283664510,NOT FOUND,,Not found in autocomplete
7283664730,NOT FOUND,,Not found in autocomplete
7283840730,NOT FOUND,,Not found in autocomplete
7283849230,NOT FOUND,,Not found in autocomplete
7283859630,NOT FOUND,,Not found in autocomplete
7283901630,NOT FOUND,,Not found in autocomplete
7283902830,NOT FOUND,,Not found in autocomplete
7283902940,NOT FOUND,,Not found in autocomplete
7283904030,NOT FOUND,,Not found in autocomplete
7283904360,NOT FOUND,,Not found in autocomplete
72839045,NOT FOUND,,Not found in autocomplete
7283905230,NOT FOUND,,Not found in autocomplete
7283911030,NOT FOUND,,Not found in autocomplete
7283911140,NOT FOUND,,Not found in autocomplete
7283911280,NOT FOUND,,Not found in autocomplete
7287159530,NOT FOUND,,Not found in autocomplete
7287159630,NOT FOUND,,Not found in autocomplete
7287159730,NOT FOUND,,Not found in autocomplete
7287159830,NOT FOUND,,Not found in autocomplete
7287596730,NOT FOUND,,Not found in autocomplete
7287837840,NOT FOUND,,Not found in autocomplete
99K1HC1BZZ5A,NOT FOUND,,Not found in autocomplete
99K1HG1BZZ5A,NOT FOUND,,Not found in autocomplete
AIT(*)PB121A2K,NOT FOUND,,Not found in autocomplete
AITPB101A2K,NOT FOUND,,Not found in autocomplete
AITPBC081AK,NOT FOUND,,Not found in autocomplete
AITWSB102AK,NOT FOUND,,Not found in autocomplete
AMK11D102Z5A,NOT FOUND,,Not found in autocomplete
AMK12A10222Z,NOT FOUND,,Not found in autocomplete
AMK12A10240Z,NOT FOUND,,Not found in autocomplete
AMK12A10290Z,NOT FOUND,,Not found in autocomplete
AMK12A1AX21Z,NOT FOUND,,Not found in autocomplete
AMK12A1AX41Z,NOT FOUND,,Not found in autocomplete
AMK12A1AX90Z,NOT FOUND,,Not found in autocomplete
AMK12A1M426Z,NOT FOUND,,Not found in autocomplete
AMK12A1M440Z,NOT FOUND,,Not found in autocomplete
AMK12A1M441Z,NOT FOUND,,Not found in autocomplete
AMK12A1M493Z,NOT FOUND,,Not found in autocomplete
AMK12D102Z5A,NOT FOUND,,Not found in autocomplete
AMK141102Z5A,NOT FOUND,,Not found in autocomplete
AMK1411M4Z5A,NOT FOUND,,Not found in autocomplete
AMK148102Z5A,NOT FOUND,,Not found in autocomplete
AMK1481M4Z5A,NOT FOUND,,Not found in autocomplete
AMK14G102Z5A,NOT FOUND,,Not found in autocomplete
AMK14G1M4Z5A,NOT FOUND,,Not found in autocomplete
AMK14K102Z5A,NOT FOUND,,Not found in autocomplete
AMK14K1M4Z5A,NOT FOUND,,Not found in autocomplete
AMK16A102Z5A,NOT FOUND,,Not found in autocomplete
AMK16B102Z5A,NOT FOUND,,Not found in autocomplete
AMK16C102Z5A,NOT FOUND,,Not found in autocomplete
AMK17A102Z5A,NOT FOUND,,Not found in autocomplete
AMK17B102Z5A,NOT FOUND,,Not found in autocomplete
AMK17C102Z5A,NOT FOUND,,Not found in autocomplete
AMK21A102Z5A,NOT FOUND,,Not found in autocomplete
AMK21A1AX21Z,NOT FOUND,,Not found in autocomplete
AMK21A1AXZ5,NOT FOUND,,Not found in autocomplete
AMK21A1M421Z,NOT FOUND,,Not found in autocomplete
AMK21A1M4Z5,NOT FOUND,,Not found in autocomplete
AMK21D1AX21Z,NOT FOUND,,Not found in autocomplete
AMK21D1AXZ5,NOT FOUND,,Not found in autocomplete
AMK21D1M421Z,NOT FOUND,,Not found in autocomplete
AMK21D1M4Z5,NOT FOUND,,Not found in autocomplete
AMK23A102Z5A,NOT FOUND,,Not found in autocomplete
AMS11A10222Z,NOT FOUND,,Not found in autocomplete
AMS11A10290Z,NOT FOUND,,Not found in autocomplete
AMS11A102Z5A,NOT FOUND,,Not found in autocomplete
AMS11A1AX21Z,NOT FOUND,,Not found in autocomplete
AMS11A1AX90Z,NOT FOUND,,Not found in autocomplete
AMS11A1M421Z,NOT FOUND,,Not found in autocomplete
AMS11A1M490Z,NOT FOUND,,Not found in autocomplete
AMS11B102Z5A,NOT FOUND,,Not found in autocomplete
AMS11D102Z5,NOT FOUND,,Not found in autocomplete
AMS12A102Z5A,NOT FOUND,,Not found in autocomplete
AMS141102Z5A,NOT FOUND,,Not found in autocomplete
AMS1411M4Z5A,NOT FOUND,,Not found in autocomplete
AMS14D102Z5A,NOT FOUND,,Not found in autocomplete
AMS14D1M4Z5A,NOT FOUND,,Not found in autocomplete
AMS19D40MZ5A,NOT FOUND,,Not found in autocomplete
AMS29A40MZ5A,NOT FOUND,,Not found in autocomplete
AMS29B40MZ5A,NOT FOUND,,Not found in autocomplete
AMS29C40MZ5A,NOT FOUND,,Not found in autocomplete
AMS29D40MZ5A,NOT FOUND,,Not found in autocomplete
B20B2AITA2AKS(M),NOT FOUND,,Not found in autocomplete
B20B2AITA2CKS(M),NOT FOUND,,Not found in autocomplete
E6K10A1BZ40,NOT FOUND,,Not found in autocomplete
E6K10A1BZZ5,NOT FOUND,,Not found in autocomplete
E6K10A1BZZ5A,NOT FOUND,,Not found in autocomplete
E6K10A1CA20L,NOT FOUND,,Not found in autocomplete
E6K10A1CA90Z,NOT FOUND,,Not found in autocomplete
E6K10B1BZZ5A,NOT FOUND,,Not found in autocomplete
E6K10D1BZZ5A,NOT FOUND,,Not found in autocomplete
E6K10F1BZZ5A,NOT FOUND,,Not found in autocomplete
E6K11A1BZZ5A,NOT FOUND,,Not found in autocomplete
E6K11B1BZZ5A,NOT FOUND,,Not found in autocomplete
E6K11D1BZZ5A,NOT FOUND,,Not found in autocomplete
E6K11F1BZZ5A,NOT FOUND,,Not found in autocomplete
E6K14A1BZZ5A,NOT FOUND,,Not found in autocomplete
E6K14D1BZZ5A,NOT FOUND,,Not found in autocomplete
E6K14J1BZZ5A,NOT FOUND,,Not found in autocomplete
E6K14L1BZZ5A,NOT FOUND,,Not found in autocomplete
E6K14M1BZZ5A,NOT FOUND,,Not found in autocomplete
E6S10A1BZZ5,NOT FOUND,,Not found in autocomplete
E6S10A1BZZ5A,NOT FOUND,,Not found in autocomplete
E6S10A1CA20L,NOT FOUND,,Not found in autocomplete
E6S10A1CA90Z,NOT FOUND,,Not found in autocomplete
E6S10A40MT5A,NOT FOUND,,Not found in autocomplete
E6S10B40MT5A,NOT FOUND,,Not found in autocomplete
E6S10C1BZZ5A,NOT FOUND,,Not found in autocomplete
E6S10D40MT5A,NOT FOUND,,Not found in autocomplete
E6S10F40MT5A,NOT FOUND,,Not found in autocomplete
E6S14A40MT5A,NOT FOUND,,Not found in autocomplete
E6S14E1BZZ5A,NOT FOUND,,Not found in autocomplete
E6S14M40MT5A,NOT FOUND,,Not found in autocomplete
E6S20A40MT5A,NOT FOUND,,Not found in autocomplete
E6S20B40MT5A,NOT FOUND,,Not found in autocomplete
E6S20D40MT5A,NOT FOUND,,Not found in autocomplete
E6S20F40MT5A,NOT FOUND,,Not found in autocomplete
E6S24D40MT5A,NOT FOUND,,Not found in autocomplete
NAN,NOT FOUND,,Not found in autocomplete
PRJ16903772221,NOT FOUND,,Not found in autocomplete
PRJ16903772222,NOT FOUND,,Not found in autocomplete
PRJ16903772223,NOT FOUND,,Not found in autocomplete
PRJ16903772224,NOT FOUND,,Not found in autocomplete
S04B1AITA1AKS,NOT FOUND,,Not found in autocomplete
S20B1AITA2AKS,NOT FOUND,,Not found in autocomplete
S20B1AITA2BHS,NOT FOUND,,Not found in autocomplete
S20BAITA2AKS,NOT FOUND,,Not found in autocomplete
S20BAITA2BHS,NOT FOUND,,Not found in autocomplete
X41387AH87,NOT FOUND,,Not found in autocomplete
X41387AH88,NOT FOUND,,Not found in autocomplete
