city,state,market_type,event_url
Atlanta,GA,Tegna Market,https://10times.com/e1zx-4zr0-h4h3
Atlanta,GA,Tegna Market,https://10times.com/gift-homefurnishings-market
Atlanta,GA,Tegna Market,https://10times.com/e1k1-p2dr-4s1z
Atlanta,GA,Tegna Market,https://10times.com/e12h-kgh6-sff0-5-home-textile-sourcing-los-angeles
Atlanta,GA,Tegna Market,https://10times.com/texworld-usa
Atlanta,GA,Tegna Market,https://10times.com/home-textiles-market-ney-york
Atlanta,GA,Tegna Market,https://10times.com/e1hr-h402-sdx4-p-kb4-con
Atlanta,GA,Tegna Market,https://10times.com/e1s4-k1k1-f2gp
Atlanta,GA,Tegna Market,https://10times.com/louisiana-energy-conference
Atlanta,GA,Tegna Market,https://10times.com/newyork-shoe-expo
Atlanta,GA,Tegna Market,https://10times.com/e1h5-s5z4-5srs-p
Atlanta,GA,Tegna Market,https://10times.com/jewellery-exhibition-kobe
Atlanta,GA,Tegna Market,https://10times.com/e11h-rf8p-hz0s-3-nigeria-industries-manufacturing-summit
Atlanta,GA,Tegna Market,https://10times.com/bakery-china
Atlanta,GA,Tegna Market,https://10times.com/e1kh-574r-9kpf
Atlanta,GA,Tegna Market,https://10times.com/e1d3-d9k3-ffr2-p
Atlanta,GA,Tegna Market,https://10times.com/blade-show
Atlanta,GA,Tegna Market,https://10times.com/e1zp-xr54-x1r4
Atlanta,GA,Tegna Market,https://10times.com/aaa-trade-show
Atlanta,GA,Tegna Market,https://10times.com/great-american-franchise-expo-atlanta
Atlanta,GA,Tegna Market,https://10times.com/e1x0-631g-zsgx
Atlanta,GA,Tegna Market,https://10times.com/southeast-ria-summit
Atlanta,GA,Tegna Market,https://10times.com/e1sx-dr30-2d4s
Atlanta,GA,Tegna Market,https://10times.com/e1sk-rs12-r2f0
Atlanta,GA,Tegna Market,https://10times.com/svg-college-summit
Atlanta,GA,Tegna Market,https://10times.com/e1rp-2710-xpfh
Atlanta,GA,Tegna Market,https://10times.com/ciso-summit-yu
Atlanta,GA,Tegna Market,https://10times.com/lpca-annual-convention-regional-conference-atlanta
Atlanta,GA,Tegna Market,https://10times.com/boma-
Atlanta,GA,Tegna Market,https://10times.com/e14k-kdk2-g2s2
Atlanta,GA,Tegna Market,https://10times.com/e1zk-13s3-hps0
Atlanta,GA,Tegna Market,https://10times.com/e12z-zfh2-kh43
Atlanta,GA,Tegna Market,https://10times.com/e1x0-p8d5-xdd4
Atlanta,GA,Tegna Market,https://10times.com/national-adult-and-influenza-immunization-summit
Atlanta,GA,Tegna Market,https://10times.com/fire-safety-daegu
Atlanta,GA,Tegna Market,https://10times.com/aluminium-china
Atlanta,GA,Tegna Market,https://10times.com/copperchina
Atlanta,GA,Tegna Market,https://10times.com/cbd
Atlanta,GA,Tegna Market,https://10times.com/paace-automechanika-mexico
Atlanta,GA,Tegna Market,https://10times.com/e15x-fpr0-f4s3
Atlanta,GA,Tegna Market,https://10times.com/texworld-france
Atlanta,GA,Tegna Market,https://10times.com/fishex
Atlanta,GA,Tegna Market,https://10times.com/pet-istanbul
Atlanta,GA,Tegna Market,https://10times.com/e1h2-k2d0-hh1s-h-beyond-blueprint
Atlanta,GA,Tegna Market,https://10times.com/e1r3-4z00-xxdg
Atlanta,GA,Tegna Market,https://10times.com/sdpe
Atlanta,GA,Tegna Market,https://10times.com/e11d-dzrx-8k0r-4
Atlanta,GA,Tegna Market,https://10times.com/national-planning-conference
Atlanta,GA,Tegna Market,https://10times.com/gpma-georgia-summit
Atlanta,GA,Tegna Market,https://10times.com/e1s0-13s4-xgzd
Atlanta,GA,Tegna Market,https://10times.com/e1xh-1k6s-0fh0
Atlanta,GA,Tegna Market,https://10times.com/jesus-culture-conference-atlanta
Atlanta,GA,Tegna Market,https://10times.com/e1s4-x7x4-r7kf
Atlanta,GA,Tegna Market,https://10times.com/e1dd-532r-k3hk-g
Atlanta,GA,Tegna Market,https://10times.com/atlanta-ciso-executive
Atlanta,GA,Tegna Market,https://10times.com/atlanta-hr-leadership-summit
Atlanta,GA,Tegna Market,https://10times.com/forward-conference-duluth
Atlanta,GA,Tegna Market,https://10times.com/repairing-ruins-conference-atlanta
Atlanta,GA,Tegna Market,https://10times.com/cio-finance-summit
Austin,TX,Tegna Market,https://10times.com/central-texas-buildexpo
Austin,TX,Tegna Market,https://10times.com/annual-airborne-neonatal-and-pediatric-transport-conference
Austin,TX,Tegna Market,https://10times.com/e1dd-3zk0-k5k7-s
Austin,TX,Tegna Market,https://10times.com/ashrae-annual-conference-austin
Austin,TX,Tegna Market,https://10times.com/conferences-on-college-and-university-teaching-and-learning
Austin,TX,Tegna Market,https://10times.com/e1df-s0p8-sr0s-7
Austin,TX,Tegna Market,https://10times.com/e1dd-g13h-gp2h-7
Austin,TX,Tegna Market,https://10times.com/inno-tech-austin
Austin,TX,Tegna Market,https://10times.com/e1kx-40dr-08kd
Austin,TX,Tegna Market,https://10times.com/e1sg-d2z2-r4g7
Austin,TX,Tegna Market,https://10times.com/texas-digital-government
Austin,TX,Tegna Market,https://10times.com/knowbility
Austin,TX,Tegna Market,https://10times.com/e11r-zx0f-3zf2
Austin,TX,Tegna Market,https://10times.com/e1dd-0dx7-pd4s-4
Austin,TX,Tegna Market,https://10times.com/e1dd-48sd-05zk-h
Austin,TX,Tegna Market,https://10times.com/e1xf-10x1-ffx1
Austin,TX,Tegna Market,https://10times.com/digital-libraries-texascity
Austin,TX,Tegna Market,https://10times.com/tamioc
Austin,TX,Tegna Market,https://10times.com/labor-and-employment-law
Austin,TX,Tegna Market,https://10times.com/e1kd-zss0-63z3
Austin,TX,Tegna Market,https://10times.com/e1x2-h1r5-z7gx
Austin,TX,Tegna Market,https://10times.com/e1x4-h2p2-k7gk
Austin,TX,Tegna Market,https://10times.com/dcac-austin
Austin,TX,Tegna Market,https://10times.com/e1dd-dx15-1rhx-6
Austin,TX,Tegna Market,https://10times.com/e1x2-h4p0-8rsx
Austin,TX,Tegna Market,https://10times.com/e1kf-0d0p-h4g7
Austin,TX,Tegna Market,https://10times.com/e1rg-g51f-g42r
Austin,TX,Tegna Market,https://10times.com/small-business-expo-austin
Austin,TX,Tegna Market,https://10times.com/e1rh-k221-sd3r
Atlanta,GA,Tegna Market,https://10times.com/e1hs-0rf0-f2x0-d
Atlanta,GA,Tegna Market,https://10times.com/r-t-asia
Atlanta,GA,Tegna Market,https://10times.com/e1hk-1gh4-hf18-h-india-international-cargo-show
Atlanta,GA,Tegna Market,https://10times.com/e1d5-d3p3-7xsf-g
Atlanta,GA,Tegna Market,https://10times.com/e1k0-f3h1-8fdp
Atlanta,GA,Tegna Market,https://10times.com/my-beauty-expo
Atlanta,GA,Tegna Market,https://10times.com/e1rs-18xg-13sd
Atlanta,GA,Tegna Market,https://10times.com/e1rg-5xp3-f2s1
Atlanta,GA,Tegna Market,https://10times.com/e1xd-x553-x0dx
Atlanta,GA,Tegna Market,https://10times.com/e1hp-3z7s-zh1f-2
Atlanta,GA,Tegna Market,https://10times.com/steubenville-atlanta-conference
Atlanta,GA,Tegna Market,https://10times.com/e1df-0241-sdfp-g
Atlanta,GA,Tegna Market,https://10times.com/e1k1-5z5k-3ppd
Atlanta,GA,Tegna Market,https://10times.com/renderatl-atlanta
Atlanta,GA,Tegna Market,https://10times.com/fintech-south
Atlanta,GA,Tegna Market,https://10times.com/georgia-digital-government-atlanta
Atlanta,GA,Tegna Market,https://10times.com/e1d2-d2d4-r0pk-s
Atlanta,GA,Tegna Market,https://10times.com/e1s3-x8f0-4zpz
Atlanta,GA,Tegna Market,https://10times.com/atl-jewelry-show
Atlanta,GA,Tegna Market,https://10times.com/steel-summit
Atlanta,GA,Tegna Market,https://10times.com/taste-of-atlanta
Atlanta,GA,Tegna Market,https://10times.com/kessa-conference
Atlanta,GA,Tegna Market,https://10times.com/e1k2-x2f0-k3dk
Atlanta,GA,Tegna Market,https://10times.com/mogulcon-atlanta
Atlanta,GA,Tegna Market,https://10times.com/student-sales-marketing-conference
Atlanta,GA,Tegna Market,https://10times.com/e12x-fg8h-hp54
Atlanta,GA,Tegna Market,https://10times.com/acpc-conference
Atlanta,GA,Tegna Market,https://10times.com/e1x0-2r2h-d0zs
Atlanta,GA,Tegna Market,https://10times.com/vietnam-fisheries-exhibition
Atlanta,GA,Tegna Market,https://10times.com/e1h5-r4g5-hf7r-d-viv-select-china
Atlanta,GA,Tegna Market,https://10times.com/e12h-rfsg-9zf0-2-foodist-food-beverage-fair
Atlanta,GA,Tegna Market,https://10times.com/e1k4-4p11-pkhk
Atlanta,GA,Tegna Market,https://10times.com/ime-bangalore
Atlanta,GA,Tegna Market,https://10times.com/paper-middle-east
Atlanta,GA,Tegna Market,https://10times.com/e1z4-0k3d-3kss
Atlanta,GA,Tegna Market,https://10times.com/malaysia-largest-cat-expo-kuala-lumpur
Atlanta,GA,Tegna Market,https://10times.com/miapex
Atlanta,GA,Tegna Market,https://10times.com/plastic-industry-moscow
Atlanta,GA,Tegna Market,https://10times.com/automechanika-middle-east
Atlanta,GA,Tegna Market,https://10times.com/e1r0-44f1-fkpr
Atlanta,GA,Tegna Market,https://10times.com/gacis-fall-conference
Atlanta,GA,Tegna Market,https://10times.com/e1kx-49p4-g0fr
Atlanta,GA,Tegna Market,https://10times.com/midexpo-atlanta
Atlanta,GA,Tegna Market,https://10times.com/old-fourth-ward-arts-festival
Atlanta,GA,Tegna Market,https://10times.com/cable-tec-atlanta
Atlanta,GA,Tegna Market,https://10times.com/pri-med-regional-conference-atlanta
Atlanta,GA,Tegna Market,https://10times.com/dsatlconf-atlanta
Atlanta,GA,Tegna Market,https://10times.com/marble-festival
Atlanta,GA,Tegna Market,https://10times.com/hacker-halted-conference
Atlanta,GA,Tegna Market,https://10times.com/labor-employment-law
Atlanta,GA,Tegna Market,https://10times.com/secureworld-expo-atlanta
Atlanta,GA,Tegna Market,https://10times.com/e1z3-9s36-krds
Atlanta,GA,Tegna Market,https://10times.com/e1r0-d3h4-r2ks
Atlanta,GA,Tegna Market,https://10times.com/e1k0-r7d0-h2zs
Atlanta,GA,Tegna Market,https://10times.com/the-atlanta-hair-loss-conference-atlanta
Atlanta,GA,Tegna Market,https://10times.com/e1x0-8s3f-0fsr
Atlanta,GA,Tegna Market,https://10times.com/e12x-dd1g-gg28
Austin,TX,Tegna Market,https://10times.com/gls-austin
Austin,TX,Tegna Market,https://10times.com/e1dd-393k-1drr-h
Austin,TX,Tegna Market,https://10times.com/e1zp-4g0r-4sh7
Austin,TX,Tegna Market,https://10times.com/e10k-zz6s-g4h4
Austin,TX,Tegna Market,https://10times.com/iadc-advanced-rig-technology-conference-exhibiti
Austin,TX,Tegna Market,https://10times.com/e1d4-0d10-rdxg-h
Austin,TX,Tegna Market,https://10times.com/tac-legislative-conference
Austin,TX,Tegna Market,https://10times.com/e1kp-rk13-r32h
Austin,TX,Tegna Market,https://10times.com/ut-energy-week
Austin,TX,Tegna Market,https://10times.com/e1d2-d7g3-k0gk-f
Austin,TX,Tegna Market,https://10times.com/texas-style-conference
Austin,TX,Tegna Market,https://10times.com/techlearn-conference-austin
Austin,TX,Tegna Market,https://10times.com/e1zk-0pk3-z2f6
Austin,TX,Tegna Market,https://10times.com/isoj
Austin,TX,Tegna Market,https://10times.com/e1zk-5gd4-g0k1
Austin,TX,Tegna Market,https://10times.com/advanced-texas-administrative-law-seminar
Austin,TX,Tegna Market,https://10times.com/texas-dnp-conference
Austin,TX,Tegna Market,https://10times.com/e1d4-d7g4-h9pd-z
Austin,TX,Tegna Market,https://10times.com/http-www-marketsgroup-org-forums-texas-instituti
Austin,TX,Tegna Market,https://10times.com/texas-conference-forwomen
Austin,TX,Tegna Market,https://10times.com/e1zf-pr38-17rp
Austin,TX,Tegna Market,https://10times.com/accounting-education-conference-austin
Austin,TX,Tegna Market,https://10times.com/texas-gis-forum
Austin,TX,Tegna Market,https://10times.com/e14k-krkg-5p40
Austin,TX,Tegna Market,https://10times.com/essential-cybersecurity-law
Austin,TX,Tegna Market,https://10times.com/e12r-gp4g-kh53
Austin,TX,Tegna Market,https://10times.com/lascon-austin
Austin,TX,Tegna Market,https://10times.com/tsla-annual-meeting
Austin,TX,Tegna Market,https://10times.com/spiceworks-annual-conference
Austin,TX,Tegna Market,https://10times.com/aaa-trade-show-austin
Austin,TX,Tegna Market,https://10times.com/e1z1-g7p1-h7pg
Austin,TX,Tegna Market,https://10times.com/nasp-conference-qa
Austin,TX,Tegna Market,https://10times.com/e1x5-d7h2-g7hd
Austin,TX,Tegna Market,https://10times.com/texas-it-leadership-forum-austin
Austin,TX,Tegna Market,https://10times.com/e1rp-070x-f1zs
Austin,TX,Tegna Market,https://10times.com/taxation-conference
Austin,TX,Tegna Market,https://10times.com/healthcare-providers-transformation-austin
Austin,TX,Tegna Market,https://10times.com/e1s1-k4ds-0z8s
Austin,TX,Tegna Market,https://10times.com/naemsp-meeting
Austin,TX,Tegna Market,https://10times.com/e1rr-2h2g-k1g1
Atlanta,GA,Tegna Market,https://10times.com/financial-institutions-conference-atlanta
Atlanta,GA,Tegna Market,https://10times.com/e13s-k1rs-2gp5
Atlanta,GA,Tegna Market,https://10times.com/e1xg-g484-4hks
Atlanta,GA,Tegna Market,https://10times.com/ep-shanghai
Atlanta,GA,Tegna Market,https://10times.com/india-med-expo
Atlanta,GA,Tegna Market,https://10times.com/e1kz-z411-x6df
Atlanta,GA,Tegna Market,https://10times.com/franchise-business-opportunities-atlanta
Atlanta,GA,Tegna Market,https://10times.com/access-services
Atlanta,GA,Tegna Market,https://10times.com/srmun
Atlanta,GA,Tegna Market,https://10times.com/hope-global-forums
Atlanta,GA,Tegna Market,https://10times.com/e108-zkp4-sdg3
Atlanta,GA,Tegna Market,https://10times.com/small-business-expo-atlanta
Atlanta,GA,Tegna Market,https://10times.com/e1d5-f4s3-k5dx-f
Atlanta,GA,Tegna Market,https://10times.com/georgia-home-garden-show
Atlanta,GA,Tegna Market,https://10times.com/atlanta-breast-surgery-symposium
Atlanta,GA,Tegna Market,https://10times.com/cities-united-summit-atlanta
Atlanta,GA,Tegna Market,https://10times.com/spotlight-on-art-artist-market
Atlanta,GA,Tegna Market,https://10times.com/npfda-annual-convention-and-showcase
Atlanta,GA,Tegna Market,https://10times.com/e1s1-03k1-rphd
Atlanta,GA,Tegna Market,https://10times.com/jump-start
Atlanta,GA,Tegna Market,https://10times.com/in-service-conference-and-expo
Atlanta,GA,Tegna Market,https://10times.com/atlanta-acg-capital
Atlanta,GA,Tegna Market,https://10times.com/metro-atlanta-ems-conference
Atlanta,GA,Tegna Market,https://10times.com/e1z4-3k0k-1krz
Atlanta,GA,Tegna Market,https://10times.com/e1kp-h0x2-k39s
Atlanta,GA,Tegna Market,https://10times.com/seco
Atlanta,GA,Tegna Market,https://10times.com/e1z4-6k25-kxfr
Atlanta,GA,Tegna Market,https://10times.com/slc-q-o
Atlanta,GA,Tegna Market,https://10times.com/atlanta-pet-fair
Atlanta,GA,Tegna Market,https://10times.com/e1xr-gx39-50sx
Atlanta,GA,Tegna Market,https://10times.com/thomas-p-hinman-dental-meeting-exhibition
Atlanta,GA,Tegna Market,https://10times.com/e1x1-4d4k-3rps
Atlanta,GA,Tegna Market,https://10times.com/icdc
Atlanta,GA,Tegna Market,https://10times.com/e1k3-54p3-hhdz
Atlanta,GA,Tegna Market,https://10times.com/e1df-sx51-dg43-s
Atlanta,GA,Tegna Market,https://10times.com/e1d3-32d7-zzkk-s
Atlanta,GA,Tegna Market,https://10times.com/texprocess-americas
Atlanta,GA,Tegna Market,https://10times.com/e1ks-k053-r8xh
Atlanta,GA,Tegna Market,https://10times.com/nacs-show
Atlanta,GA,Tegna Market,https://10times.com/sepa-annual-meeting
Atlanta,GA,Tegna Market,https://10times.com/pelice-expo-atlanta
Atlanta,GA,Tegna Market,https://10times.com/the-nafem-show-atlanta
Atlanta,GA,Tegna Market,https://10times.com/e1z5-25k5-dkfr
Austin,TX,Tegna Market,https://10times.com/awbd-mid-winter-conference
Austin,TX,Tegna Market,https://10times.com/e1rf-16kz-22fd
Austin,TX,Tegna Market,https://10times.com/joe-vincent-management-seminar
Austin,TX,Tegna Market,https://10times.com/e1z2-p4r1-d9rd
Austin,TX,Tegna Market,https://10times.com/texas-optometric-associationaustin
Austin,TX,Tegna Market,https://10times.com/mmsms
Austin,TX,Tegna Market,https://10times.com/e1d4-2d5h-4skr-g
Austin,TX,Tegna Market,https://10times.com/sales-enablement-summit-austin
Austin,TX,Tegna Market,https://10times.com/e1rg-381z-h9sd
Austin,TX,Tegna Market,https://10times.com/e12r-x9rz-1gr1
Austin,TX,Tegna Market,https://10times.com/sxswedu
Austin,TX,Tegna Market,https://10times.com/sxsw-expo-austin
Austin,TX,Tegna Market,https://10times.com/electronic-resources
Austin,TX,Tegna Market,https://10times.com/e1x2-p1d3-h3zx
Austin,TX,Tegna Market,https://10times.com/aci-national-home-performance-conference
Austin,TX,Tegna Market,https://10times.com/aohc-austin
Austin,TX,Tegna Market,https://10times.com/e1sx-hg34-xk41
Austin,TX,Tegna Market,https://10times.com/alta-one-austin
Austin,TX,Tegna Market,https://10times.com/ahp-international-conference-austin
Austin,TX,Tegna Market,https://10times.com/e1sx-0fx4-h56x
Austin,TX,Tegna Market,https://10times.com/e1d0-d2k3-3spx-h
Austin,TX,Tegna Market,https://10times.com/midwinter-conference-education
Austin,TX,Tegna Market,https://10times.com/e1xz-1r7k-0x2d
Austin,TX,Tegna Market,https://10times.com/e11x-psh8-rf30
Austin,TX,Tegna Market,https://10times.com/world-innovation-conf-expo
Austin,TX,Tegna Market,https://10times.com/e1kf-h02h-2x4d
Austin,TX,Tegna Market,https://10times.com/napeo-annual-conference-marketplace
Austin,TX,Tegna Market,https://10times.com/e120-sssr-pg40
Austin,TX,Tegna Market,https://10times.com/armadillo-con
Austin,TX,Tegna Market,https://10times.com/e1k3-7h4g-1rpr
Austin,TX,Tegna Market,https://10times.com/e1xh-kr28-57fx
Austin,TX,Tegna Market,https://10times.com/e1rf-zxf3-03g7
Austin,TX,Tegna Market,https://10times.com/ifma-facility-fusion-conference-expo-boston
Austin,TX,Tegna Market,https://10times.com/heti
Austin,TX,Tegna Market,https://10times.com/tchmb
Austin,TX,Tegna Market,https://10times.com/e1z2-x8rf-5dg8
Austin,TX,Tegna Market,https://10times.com/arvo-annual-meeting-austin
Austin,TX,Tegna Market,https://10times.com/adso
Austin,TX,Tegna Market,https://10times.com/phm-austin
Austin,TX,Tegna Market,https://10times.com/e13x-skpr-9z46
Orlando,FL,Non-Tegna Market,https://10times.com/premiere-orlando
Orlando,FL,Non-Tegna Market,https://10times.com/e1xh-k262-g5hd
Orlando,FL,Non-Tegna Market,https://10times.com/gem-lapidary-show
Orlando,FL,Non-Tegna Market,https://10times.com/btoes
Orlando,FL,Non-Tegna Market,https://10times.com/asug-annual-conference
Orlando,FL,Non-Tegna Market,https://10times.com/fiber-connect
Orlando,FL,Non-Tegna Market,https://10times.com/e1ks-10f1-h5ps
Orlando,FL,Non-Tegna Market,https://10times.com/loyalty-expo
Orlando,FL,Non-Tegna Market,https://10times.com/e1d4-d5d1-r8kr-x
Orlando,FL,Non-Tegna Market,https://10times.com/appna-convention
Orlando,FL,Non-Tegna Market,https://10times.com/e1rk-d41z-2s6r
Orlando,FL,Non-Tegna Market,https://10times.com/cookiecon-orlando-orlando
Orlando,FL,Non-Tegna Market,https://10times.com/florida-national-dental-convention
Orlando,FL,Non-Tegna Market,https://10times.com/ieee-electronic-components
Orlando,FL,Non-Tegna Market,https://10times.com/florida-state-ffa
Orlando,FL,Non-Tegna Market,https://10times.com/florida-model-schools-conference
Orlando,FL,Non-Tegna Market,https://10times.com/ipmi
Orlando,FL,Non-Tegna Market,https://10times.com/e1r3-24f8-ghsx
Orlando,FL,Non-Tegna Market,https://10times.com/e13d-dzkf-1d1s-3
Orlando,FL,Non-Tegna Market,https://10times.com/e1zx-rf26-s1s5
Orlando,FL,Non-Tegna Market,https://10times.com/annual-cfo-symposium
Orlando,FL,Non-Tegna Market,https://10times.com/fccma-conference
Orlando,FL,Non-Tegna Market,https://10times.com/fgwa-convention-trade-show
Orlando,FL,Non-Tegna Market,https://10times.com/frcna
Orlando,FL,Non-Tegna Market,https://10times.com/scw-florida-mania
Orlando,FL,Non-Tegna Market,https://10times.com/e15r-g1sh-2zh1
Orlando,FL,Non-Tegna Market,https://10times.com/e1kz-1g3f-4dx1
Orlando,FL,Non-Tegna Market,https://10times.com/e1r0-84g7-sxzx
Orlando,FL,Non-Tegna Market,https://10times.com/eastern-fuel-buyers
Orlando,FL,Non-Tegna Market,https://10times.com/florida-library-association-conference
Orlando,FL,Non-Tegna Market,https://10times.com/fac
Orlando,FL,Non-Tegna Market,https://10times.com/nasw-florida
Orlando,FL,Non-Tegna Market,https://10times.com/office-orthopedics-for-primary-care-florida
Orlando,FL,Non-Tegna Market,https://10times.com/e1z1-s2z3-d6kx
Orlando,FL,Non-Tegna Market,https://10times.com/fafp-family-medicine-forum
Orlando,FL,Non-Tegna Market,https://10times.com/e13z-pr9d-2ph1
Orlando,FL,Non-Tegna Market,https://10times.com/awhonn-convention
Orlando,FL,Non-Tegna Market,https://10times.com/e1r1-10x3-rxxz
Orlando,FL,Non-Tegna Market,https://10times.com/department-convention
Nashville,TN,Non-Tegna Market,https://10times.com/annual-congress-american-payroll-association
Nashville,TN,Non-Tegna Market,https://10times.com/insurance-innovators-usa
Nashville,TN,Non-Tegna Market,https://10times.com/apic-annual-conference
Nashville,TN,Non-Tegna Market,https://10times.com/scale-nashville
Nashville,TN,Non-Tegna Market,https://10times.com/e1z5-03x1-grhp
Nashville,TN,Non-Tegna Market,https://10times.com/southeast-ecommerce-summit
Nashville,TN,Non-Tegna Market,https://10times.com/build-expo-nashville
Nashville,TN,Non-Tegna Market,https://10times.com/e1z0-x6g4-r2gp
Nashville,TN,Non-Tegna Market,https://10times.com/e1r0-g7d3-g8pd
Nashville,TN,Non-Tegna Market,https://10times.com/cx-north-america
Nashville,TN,Non-Tegna Market,https://10times.com/factoringconference
Nashville,TN,Non-Tegna Market,https://10times.com/e1x5-d2s1-z7xz
Nashville,TN,Non-Tegna Market,https://10times.com/e1z2-10s2-gphz
Nashville,TN,Non-Tegna Market,https://10times.com/e12r-fr4h-g4r3
Nashville,TN,Non-Tegna Market,https://10times.com/bowl-expo
Nashville,TN,Non-Tegna Market,https://10times.com/e1d0-f8s5-g7kp-g
Nashville,TN,Non-Tegna Market,https://10times.com/music-city-dental
Nashville,TN,Non-Tegna Market,https://10times.com/e1kg-d48p-3ds4
Nashville,TN,Non-Tegna Market,https://10times.com/e14r-rgpx-g759
Nashville,TN,Non-Tegna Market,https://10times.com/tennessee-digital-government-summit
Nashville,TN,Non-Tegna Market,https://10times.com/e1x2-p0kf-4kh3
Nashville,TN,Non-Tegna Market,https://10times.com/bsides-nashville-usa
Nashville,TN,Non-Tegna Market,https://10times.com/epicor-insights
Nashville,TN,Non-Tegna Market,https://10times.com/e1dd-xz37-49rf-f
Nashville,TN,Non-Tegna Market,https://10times.com/nashville-job-fair-nashville
Nashville,TN,Non-Tegna Market,https://10times.com/e1x1-h2f0-p5ps
Nashville,TN,Non-Tegna Market,https://10times.com/e1zz-313f-7rrg
Nashville,TN,Non-Tegna Market,https://10times.com/e1dd-sg21-k27h-g
Nashville,TN,Non-Tegna Market,https://10times.com/e1x2-d9hh-5f7x
Nashville,TN,Non-Tegna Market,https://10times.com/e1k1-x9h1-z3hf
Nashville,TN,Non-Tegna Market,https://10times.com/tn-wc-educational-conference-murfreesboro
Nashville,TN,Non-Tegna Market,https://10times.com/e1zk-x4z6-d2r9
Nashville,TN,Non-Tegna Market,https://10times.com/nadcp-rise-nashville
Orlando,FL,Non-Tegna Market,https://10times.com/fgfoac
Orlando,FL,Non-Tegna Market,https://10times.com/sfc-er
Orlando,FL,Non-Tegna Market,https://10times.com/ascd-conference-on-teaching-excellence-orlando
Orlando,FL,Non-Tegna Market,https://10times.com/conga-connect-kissimmee
Orlando,FL,Non-Tegna Market,https://10times.com/e1kz-gxr4-45z3
Orlando,FL,Non-Tegna Market,https://10times.com/e15d-dzgr-s6z0-8
Orlando,FL,Non-Tegna Market,https://10times.com/e1rd-13xz-2p9h
Orlando,FL,Non-Tegna Market,https://10times.com/florida-media-conference
Orlando,FL,Non-Tegna Market,https://10times.com/e1r1-32d0-xfgf
Orlando,FL,Non-Tegna Market,https://10times.com/e1k0-6d41-zgpz
Orlando,FL,Non-Tegna Market,https://10times.com/e11z-xdrg-2d46
Orlando,FL,Non-Tegna Market,https://10times.com/e1z2-x2r0-z6gh
Orlando,FL,Non-Tegna Market,https://10times.com/e1d4-d5k3-z3zf-f
Orlando,FL,Non-Tegna Market,https://10times.com/e1k1-r0d1-x1kh
Orlando,FL,Non-Tegna Market,https://10times.com/e1x4-s2pp-2dg9
Orlando,FL,Non-Tegna Market,https://10times.com/e1dd-110z-z3hs-g
Orlando,FL,Non-Tegna Market,https://10times.com/entreleadership-summit-orlando
Orlando,FL,Non-Tegna Market,https://10times.com/nexxus-national-conference
Orlando,FL,Non-Tegna Market,https://10times.com/symposium-on-traffic-safety
Orlando,FL,Non-Tegna Market,https://10times.com/homeschool-kissimmee
Orlando,FL,Non-Tegna Market,https://10times.com/momentum
Orlando,FL,Non-Tegna Market,https://10times.com/nafsa-annual-conference-expo
Orlando,FL,Non-Tegna Market,https://10times.com/acec-fl
Orlando,FL,Non-Tegna Market,https://10times.com/southern-states-symposium-expo
Orlando,FL,Non-Tegna Market,https://10times.com/aamd
Orlando,FL,Non-Tegna Market,https://10times.com/ics-summit
Orlando,FL,Non-Tegna Market,https://10times.com/e1dd-x522-6hxx-p
Orlando,FL,Non-Tegna Market,https://10times.com/e1z5-k4r4-s5zp
Orlando,FL,Non-Tegna Market,https://10times.com/jrnc
Orlando,FL,Non-Tegna Market,https://10times.com/anfp
Orlando,FL,Non-Tegna Market,https://10times.com/ltenconference
Orlando,FL,Non-Tegna Market,https://10times.com/tsis-orlando
Orlando,FL,Non-Tegna Market,https://10times.com/e1z4-x0g2-f6kh
Orlando,FL,Non-Tegna Market,https://10times.com/e1rh-074x-r3kg
Orlando,FL,Non-Tegna Market,https://10times.com/florida-realtors-convention-trade-expo
Nashville,TN,Non-Tegna Market,https://10times.com/e1k4-5g4f-6hgk
Nashville,TN,Non-Tegna Market,https://10times.com/making-schools-work-conference-nashville
Nashville,TN,Non-Tegna Market,https://10times.com/e1x0-350s-fksx
Nashville,TN,Non-Tegna Market,https://10times.com/e111-kkgr-sx53
Nashville,TN,Non-Tegna Market,https://10times.com/e11r-p1pd-5zz5
Nashville,TN,Non-Tegna Market,https://10times.com/e1dd-r31d-xx11-d
Nashville,TN,Non-Tegna Market,https://10times.com/e1z3-828x-grhx
Nashville,TN,Non-Tegna Market,https://10times.com/e1r3-6k2h-2ggf
Nashville,TN,Non-Tegna Market,https://10times.com/siofe
Nashville,TN,Non-Tegna Market,https://10times.com/e1ss-2k5g-4xk7
Nashville,TN,Non-Tegna Market,https://10times.com/e1rf-sppx-5800
Nashville,TN,Non-Tegna Market,https://10times.com/e1dd-dr45-rp2k-9
Nashville,TN,Non-Tegna Market,https://10times.com/taba-annual-conference-nashville
Nashville,TN,Non-Tegna Market,https://10times.com/e15r-fkdp-8h13
Nashville,TN,Non-Tegna Market,https://10times.com/e1rh-0fz0-h2h4
Nashville,TN,Non-Tegna Market,https://10times.com/e1x3-f4d3-h3dx
Nashville,TN,Non-Tegna Market,https://10times.com/e1xg-h33s-dr34
Nashville,TN,Non-Tegna Market,https://10times.com/e10k-zp2s-rr59
Nashville,TN,Non-Tegna Market,https://10times.com/e14z-rpx2-xs38
Nashville,TN,Non-Tegna Market,https://10times.com/e15r-d1z2-rdz4
Nashville,TN,Non-Tegna Market,https://10times.com/e134-3zxr-xhx7
Nashville,TN,Non-Tegna Market,https://10times.com/e1sg-5k8f-0sf4
Nashville,TN,Non-Tegna Market,https://10times.com/story-nashville
Nashville,TN,Non-Tegna Market,https://10times.com/e1x1-1g4r-k1hh
Nashville,TN,Non-Tegna Market,https://10times.com/iebac
Nashville,TN,Non-Tegna Market,https://10times.com/advantage-roadshow-nashville
Nashville,TN,Non-Tegna Market,https://10times.com/e1xz-p125-1zpp
Nashville,TN,Non-Tegna Market,https://10times.com/e1x2-g4xs-4rp0
Orlando,FL,Non-Tegna Market,https://10times.com/florida-writers-youth-conference-and-expo
Orlando,FL,Non-Tegna Market,https://10times.com/reimaginehr-orlando
Orlando,FL,Non-Tegna Market,https://10times.com/ypso
Orlando,FL,Non-Tegna Market,https://10times.com/iwc-orlando
Orlando,FL,Non-Tegna Market,https://10times.com/ai-live-orlando
Orlando,FL,Non-Tegna Market,https://10times.com/sloanc
Orlando,FL,Non-Tegna Market,https://10times.com/blueprint
Orlando,FL,Non-Tegna Market,https://10times.com/advances-in-inflammatory-bowel-diseases
Orlando,FL,Non-Tegna Market,https://10times.com/ccjr
Orlando,FL,Non-Tegna Market,https://10times.com/the-asi-show-orlando
Orlando,FL,Non-Tegna Market,https://10times.com/heckerling-institute
Orlando,FL,Non-Tegna Market,https://10times.com/icr-xchange
Orlando,FL,Non-Tegna Market,https://10times.com/e1s4-75r4-ddgx
Orlando,FL,Non-Tegna Market,https://10times.com/card-conference
Orlando,FL,Non-Tegna Market,https://10times.com/aed-summit
Orlando,FL,Non-Tegna Market,https://10times.com/fetc-conference-expo
Orlando,FL,Non-Tegna Market,https://10times.com/scope-vc
Orlando,FL,Non-Tegna Market,https://10times.com/aci-meetings
Orlando,FL,Non-Tegna Market,https://10times.com/e1k3-s4g1-h9kd
Orlando,FL,Non-Tegna Market,https://10times.com/training-conference-expo-orlando
Orlando,FL,Non-Tegna Market,https://10times.com/southern-exposure-orlando
Orlando,FL,Non-Tegna Market,https://10times.com/gartner-data-analytics-summit-orlando
Orlando,FL,Non-Tegna Market,https://10times.com/international-battery-seminar-exhibit-orlando
Orlando,FL,Non-Tegna Market,https://10times.com/exponential
Orlando,FL,Non-Tegna Market,https://10times.com/annual-cpse-excellence-conference
Orlando,FL,Non-Tegna Market,https://10times.com/coalition-for-hemophilia-b-symposium
Orlando,FL,Non-Tegna Market,https://10times.com/mda-clinical-scientific-conference
Orlando,FL,Non-Tegna Market,https://10times.com/florida-tow-show
Orlando,FL,Non-Tegna Market,https://10times.com/e1zk-114f-3gsg
Orlando,FL,Non-Tegna Market,https://10times.com/ibba-conference
Orlando,FL,Non-Tegna Market,https://10times.com/e1zk-2fg3-s1r4
Orlando,FL,Non-Tegna Market,https://10times.com/ashrae-winter-conference-orlando
Orlando,FL,Non-Tegna Market,https://10times.com/e111-xfkp-d1p3
Orlando,FL,Non-Tegna Market,https://10times.com/ahr-expo-orlando
Orlando,FL,Non-Tegna Market,https://10times.com/food-shippers
Orlando,FL,Non-Tegna Market,https://10times.com/iacp-conference-and-exposition
Orlando,FL,Non-Tegna Market,https://10times.com/e1zf-r5g6-z0g0
Orlando,FL,Non-Tegna Market,https://10times.com/friends-for-life-annual-conference
Orlando,FL,Non-Tegna Market,https://10times.com/super-corr-expo-orlando
Orlando,FL,Non-Tegna Market,https://10times.com/e1sx-r5z9-h5r0
Nashville,TN,Non-Tegna Market,https://10times.com/e1zx-hz06-21rh
Nashville,TN,Non-Tegna Market,https://10times.com/sao-s-annual-meeting-nashville
Nashville,TN,Non-Tegna Market,https://10times.com/e1r0-z6h3-x4dg
Nashville,TN,Non-Tegna Market,https://10times.com/eclinical-works
Nashville,TN,Non-Tegna Market,https://10times.com/e1rp-0k6g-17hg
Nashville,TN,Non-Tegna Market,https://10times.com/e1zp-r524-dp3k
Nashville,TN,Non-Tegna Market,https://10times.com/phreaknic
Nashville,TN,Non-Tegna Market,https://10times.com/emerging-franchisor-conference-nashville
Nashville,TN,Non-Tegna Market,https://10times.com/e1x1-42p3-drhh
Nashville,TN,Non-Tegna Market,https://10times.com/e1zr-p592-1xxx
Nashville,TN,Non-Tegna Market,https://10times.com/docks-expoa
Nashville,TN,Non-Tegna Market,https://10times.com/e1z0-z2d0-p1zs
Nashville,TN,Non-Tegna Market,https://10times.com/digiday-programmatic-summit-nashville
Nashville,TN,Non-Tegna Market,https://10times.com/e1rs-15z2-f3xs
Nashville,TN,Non-Tegna Market,https://10times.com/e13d-dgr0-gxf4-1
Nashville,TN,Non-Tegna Market,https://10times.com/antiques-show-nashville
Nashville,TN,Non-Tegna Market,https://10times.com/e10r-kxkz-6h59
Nashville,TN,Non-Tegna Market,https://10times.com/e11x-hzss-k759
Nashville,TN,Non-Tegna Market,https://10times.com/e1rp-r06x-d3z0
Nashville,TN,Non-Tegna Market,https://10times.com/e1d4-f3z3-f3rg-f
Nashville,TN,Non-Tegna Market,https://10times.com/southeast-pool-spa-show2015
Nashville,TN,Non-Tegna Market,https://10times.com/nwtf
Nashville,TN,Non-Tegna Market,https://10times.com/e1d1-755d-pksz-z
Nashville,TN,Non-Tegna Market,https://10times.com/e1xg-h2d4-f1x4
Nashville,TN,Non-Tegna Market,https://10times.com/hpbexpo
Nashville,TN,Non-Tegna Market,https://10times.com/e11z-xggs-f352
Nashville,TN,Non-Tegna Market,https://10times.com/feed-mill-management-seminar-nashville
Nashville,TN,Non-Tegna Market,https://10times.com/e1r4-d7rd-5dx7
Nashville,TN,Non-Tegna Market,https://10times.com/e1s3-4p54-rrzs
Nashville,TN,Non-Tegna Market,https://10times.com/country-radio-seminar
Nashville,TN,Non-Tegna Market,https://10times.com/e1d1-0d34-zssf-x
Nashville,TN,Non-Tegna Market,https://10times.com/propane-expo
Nashville,TN,Non-Tegna Market,https://10times.com/e1k0-d2p4-g3rx
Nashville,TN,Non-Tegna Market,https://10times.com/crossroads-nashville
Nashville,TN,Non-Tegna Market,https://10times.com/swfc-nashville
Nashville,TN,Non-Tegna Market,https://10times.com/travel-trade-nashville
Nashville,TN,Non-Tegna Market,https://10times.com/svc-technical-conference-nashville
Nashville,TN,Non-Tegna Market,https://10times.com/sna-annual-national-conference-nashville
Nashville,TN,Non-Tegna Market,https://10times.com/pestworld-nashville
Nashville,TN,Non-Tegna Market,https://10times.com/national-high-school-journalism-nashville
