Zip,Market,City/Town,State
28902,Atlanta,CLAY,NC
28904,Atlanta,CLAY,NC
28909,Atlanta,CLAY,NC
30002,Atlanta,DEKALB,GA
30003,Atlanta,GWINNETT,GA
30004,Atlanta,CHEROKEE,GA
30004,Atlanta,FORSYTH,GA
30004,Atlanta,FULTON,GA
30005,Atlanta,FORSYTH,GA
30005,Atlanta,FULTON,GA
30006,Atlanta,COBB,GA
30007,Atlanta,COBB,GA
30008,Atlanta,COBB,GA
30009,Atlanta,FULTON,GA
30010,Atlanta,GWINNETT,GA
30011,Atlanta,BARROW,GA
30011,Atlanta,GWINNETT,GA
30012,Atlanta,DEKALB,GA
30012,Atlanta,GWINNETT,GA
30012,Atlanta,ROCKDALE,GA
30012,Atlanta,WALTON,GA
30013,Atlanta,NEWTON,GA
30013,Atlanta,ROCKDALE,GA
30014,Atlanta,JASPER,GA
30014,Atlanta,NEWTON,GA
30014,Atlanta,WALTON,GA
30015,Atlanta,NEWTON,GA
30016,Atlanta,NEWTON,GA
30016,Atlanta,ROCKDALE,GA
30017,Atlanta,GWINNETT,GA
30018,Atlanta,WALTON,GA
30019,Atlanta,GWINNETT,GA
30019,Atlanta,WALTON,GA
30021,Atlanta,DEKALB,GA
30022,Atlanta,FULTON,GA
30023,Atlanta,FULTON,GA
30024,Atlanta,FORSYTH,GA
30024,Atlanta,FULTON,GA
30024,Atlanta,GWINNETT,GA
30025,Atlanta,MORGAN,GA
30025,Atlanta,NEWTON,GA
30025,Atlanta,WALTON,GA
30026,Atlanta,GWINNETT,GA
30028,Atlanta,CHEROKEE,GA
30028,Atlanta,FORSYTH,GA
30029,Atlanta,GWINNETT,GA
30030,Atlanta,DEKALB,GA
30031,Atlanta,DEKALB,GA
30032,Atlanta,DEKALB,GA
30033,Atlanta,DEKALB,GA
30034,Atlanta,DEKALB,GA
30035,Atlanta,DEKALB,GA
30036,Atlanta,DEKALB,GA
30037,Atlanta,DEKALB,GA
30038,Atlanta,DEKALB,GA
30039,Atlanta,DEKALB,GA
30039,Atlanta,GWINNETT,GA
30039,Atlanta,ROCKDALE,GA
30040,Atlanta,CHEROKEE,GA
30040,Atlanta,FORSYTH,GA
30041,Atlanta,FORSYTH,GA
30042,Atlanta,GWINNETT,GA
30043,Atlanta,GWINNETT,GA
30044,Atlanta,GWINNETT,GA
30045,Atlanta,GWINNETT,GA
30046,Atlanta,GWINNETT,GA
30047,Atlanta,GWINNETT,GA
30048,Atlanta,GWINNETT,GA
30049,Atlanta,GWINNETT,GA
30052,Atlanta,GWINNETT,GA
30052,Atlanta,NEWTON,GA
30052,Atlanta,ROCKDALE,GA
30052,Atlanta,WALTON,GA
30054,Atlanta,NEWTON,GA
30054,Atlanta,WALTON,GA
30055,Atlanta,JASPER,GA
30055,Atlanta,MORGAN,GA
30055,Atlanta,NEWTON,GA
30056,Atlanta,JASPER,GA
30056,Atlanta,MORGAN,GA
30056,Atlanta,NEWTON,GA
30058,Atlanta,DEKALB,GA
30058,Atlanta,ROCKDALE,GA
30060,Atlanta,COBB,GA
30061,Atlanta,COBB,GA
30062,Atlanta,COBB,GA
30063,Atlanta,COBB,GA
30064,Atlanta,COBB,GA
30065,Atlanta,COBB,GA
30066,Atlanta,COBB,GA
30067,Atlanta,COBB,GA
30068,Atlanta,COBB,GA
30069,Atlanta,COBB,GA
30070,Atlanta,NEWTON,GA
30071,Atlanta,GWINNETT,GA
30072,Atlanta,DEKALB,GA
30074,Atlanta,DEKALB,GA
30075,Atlanta,CHEROKEE,GA
30075,Atlanta,COBB,GA
30075,Atlanta,FULTON,GA
30076,Atlanta,FULTON,GA
30077,Atlanta,FULTON,GA
30078,Atlanta,GWINNETT,GA
30079,Atlanta,DEKALB,GA
30080,Atlanta,COBB,GA
30081,Atlanta,COBB,GA
30082,Atlanta,COBB,GA
30083,Atlanta,DEKALB,GA
30084,Atlanta,DEKALB,GA
30084,Atlanta,GWINNETT,GA
30085,Atlanta,DEKALB,GA
30086,Atlanta,DEKALB,GA
30087,Atlanta,DEKALB,GA
30087,Atlanta,GWINNETT,GA
30088,Atlanta,DEKALB,GA
30090,Atlanta,COBB,GA
30091,Atlanta,GWINNETT,GA
30092,Atlanta,FULTON,GA
30092,Atlanta,GWINNETT,GA
30093,Atlanta,GWINNETT,GA
30094,Atlanta,DEKALB,GA
30094,Atlanta,ROCKDALE,GA
30095,Atlanta,GWINNETT,GA
30096,Atlanta,GWINNETT,GA
30097,Atlanta,FORSYTH,GA
30097,Atlanta,FULTON,GA
30097,Atlanta,GWINNETT,GA
30098,Atlanta,FULTON,GA
30099,Atlanta,GWINNETT,GA
30101,Atlanta,BARTOW,GA
30101,Atlanta,CHEROKEE,GA
30101,Atlanta,COBB,GA
30101,Atlanta,PAULDING,GA
30102,Atlanta,BARTOW,GA
30102,Atlanta,CHEROKEE,GA
30102,Atlanta,COBB,GA
30103,Atlanta,BARTOW,GA
30103,Atlanta,FLOYD,GA
30103,Atlanta,GORDON,GA
30104,Atlanta,BARTOW,GA
30104,Atlanta,FLOYD,GA
30104,Atlanta,POLK,GA
30105,Atlanta,CHATTOOGA,GA
30105,Atlanta,FLOYD,GA
30106,Atlanta,COBB,GA
30106,Atlanta,DOUGLAS,GA
30107,Atlanta,CHEROKEE,GA
30107,Atlanta,FORSYTH,GA
30107,Atlanta,PICKENS,GA
30108,Atlanta,CARROLL,GA
30108,Atlanta,HEARD,GA
30109,Atlanta,CARROLL,GA
30110,Atlanta,CARROLL,GA
30110,Atlanta,HARALSON,GA
30111,Atlanta,COBB,GA
30112,Atlanta,CARROLL,GA
30113,Atlanta,HARALSON,GA
30113,Atlanta,POLK,GA
30114,Atlanta,CHEROKEE,GA
30115,Atlanta,CHEROKEE,GA
30116,Atlanta,CARROLL,GA
30116,Atlanta,HEARD,GA
30117,Atlanta,CARROLL,GA
30118,Atlanta,CARROLL,GA
30119,Atlanta,CARROLL,GA
30120,Atlanta,BARTOW,GA
30120,Atlanta,PAULDING,GA
30121,Atlanta,BARTOW,GA
30122,Atlanta,DOUGLAS,GA
30123,Atlanta,BARTOW,GA
30124,Atlanta,FLOYD,GA
30124,Atlanta,POLK,GA
30125,Atlanta,FLOYD,GA
30125,Atlanta,HARALSON,GA
30125,Atlanta,POLK,GA
30126,Atlanta,COBB,GA
30127,Atlanta,COBB,GA
30127,Atlanta,DOUGLAS,GA
30127,Atlanta,PAULDING,GA
30129,Atlanta,FLOYD,GA
30132,Atlanta,PAULDING,GA
30133,Atlanta,DOUGLAS,GA
30134,Atlanta,DOUGLAS,GA
30134,Atlanta,PAULDING,GA
30135,Atlanta,DOUGLAS,GA
30137,Atlanta,BARTOW,GA
30138,Atlanta,POLK,GA
30139,Atlanta,BARTOW,GA
30139,Atlanta,GORDON,GA
30139,Atlanta,PICKENS,GA
30140,Atlanta,HARALSON,GA
30141,Atlanta,COBB,GA
30141,Atlanta,PAULDING,GA
30142,Atlanta,CHEROKEE,GA
30143,Atlanta,CHEROKEE,GA
30143,Atlanta,DAWSON,GA
30143,Atlanta,PICKENS,GA
30144,Atlanta,COBB,GA
30145,Atlanta,BARTOW,GA
30145,Atlanta,FLOYD,GA
30146,Atlanta,CHEROKEE,GA
30147,Atlanta,FLOYD,GA
30147,Atlanta,POLK,GA
30148,Atlanta,DAWSON,GA
30148,Atlanta,PICKENS,GA
30149,Atlanta,FLOYD,GA
30150,Atlanta,CARROLL,GA
30151,Atlanta,CHEROKEE,GA
30152,Atlanta,COBB,GA
30153,Atlanta,HARALSON,GA
30153,Atlanta,PAULDING,GA
30153,Atlanta,POLK,GA
30154,Atlanta,DOUGLAS,GA
30156,Atlanta,COBB,GA
30157,Atlanta,COBB,GA
30157,Atlanta,PAULDING,GA
30160,Atlanta,COBB,GA
30161,Atlanta,BARTOW,GA
30161,Atlanta,FLOYD,GA
30162,Atlanta,FLOYD,GA
30164,Atlanta,FLOYD,GA
30165,Atlanta,FLOYD,GA
30168,Atlanta,COBB,GA
30168,Atlanta,DOUGLAS,GA
30169,Atlanta,CHEROKEE,GA
30170,Atlanta,CARROLL,GA
30170,Atlanta,HEARD,GA
30171,Atlanta,BARTOW,GA
30171,Atlanta,CHEROKEE,GA
30171,Atlanta,GORDON,GA
30172,Atlanta,FLOYD,GA
30173,Atlanta,FLOYD,GA
30173,Atlanta,POLK,GA
30175,Atlanta,GILMER,GA
30175,Atlanta,PICKENS,GA
30176,Atlanta,HARALSON,GA
30177,Atlanta,PICKENS,GA
30178,Atlanta,BARTOW,GA
30178,Atlanta,PAULDING,GA
30178,Atlanta,POLK,GA
30179,Atlanta,CARROLL,GA
30179,Atlanta,HARALSON,GA
30179,Atlanta,PAULDING,GA
30180,Atlanta,CARROLL,GA
30180,Atlanta,DOUGLAS,GA
30180,Atlanta,PAULDING,GA
30182,Atlanta,CARROLL,GA
30182,Atlanta,HARALSON,GA
30183,Atlanta,BARTOW,GA
30183,Atlanta,CHEROKEE,GA
30183,Atlanta,PICKENS,GA
30184,Atlanta,BARTOW,GA
30184,Atlanta,CHEROKEE,GA
30185,Atlanta,CARROLL,GA
30185,Atlanta,DOUGLAS,GA
30187,Atlanta,DOUGLAS,GA
30188,Atlanta,CHEROKEE,GA
30188,Atlanta,COBB,GA
30189,Atlanta,CHEROKEE,GA
30204,Atlanta,LAMAR,GA
30204,Atlanta,UPSON,GA
30205,Atlanta,FAYETTE,GA
30205,Atlanta,PIKE,GA
30205,Atlanta,SPALDING,GA
30206,Atlanta,PIKE,GA
30212,Atlanta,SPALDING,GA
30213,Atlanta,FULTON,GA
30214,Atlanta,FAYETTE,GA
30214,Atlanta,FULTON,GA
30215,Atlanta,CLAYTON,GA
30215,Atlanta,FAYETTE,GA
30216,Atlanta,BUTTS,GA
30217,Atlanta,HEARD,GA
30217,Atlanta,TROUP,GA
30218,Atlanta,MERIWETHER,GA
30220,Atlanta,COWETA,GA
30220,Atlanta,MERIWETHER,GA
30222,Atlanta,MERIWETHER,GA
30223,Atlanta,BUTTS,GA
30223,Atlanta,SPALDING,GA
30224,Atlanta,LAMAR,GA
30224,Atlanta,PIKE,GA
30224,Atlanta,SPALDING,GA
30228,Atlanta,CLAYTON,GA
30228,Atlanta,HENRY,GA
30228,Atlanta,SPALDING,GA
30229,Atlanta,COWETA,GA
30230,Atlanta,COWETA,GA
30230,Atlanta,HEARD,GA
30230,Atlanta,MERIWETHER,GA
30230,Atlanta,TROUP,GA
30233,Atlanta,BUTTS,GA
30233,Atlanta,HENRY,GA
30233,Atlanta,LAMAR,GA
30233,Atlanta,NEWTON,GA
30234,Atlanta,BUTTS,GA
30234,Atlanta,HENRY,GA
30236,Atlanta,CLAYTON,GA
30236,Atlanta,HENRY,GA
30237,Atlanta,CLAYTON,GA
30238,Atlanta,CLAYTON,GA
30238,Atlanta,FAYETTE,GA
30240,Atlanta,TROUP,GA
30241,Atlanta,MERIWETHER,GA
30241,Atlanta,TROUP,GA
30248,Atlanta,BUTTS,GA
30248,Atlanta,HENRY,GA
30248,Atlanta,SPALDING,GA
30250,Atlanta,CLAYTON,GA
30251,Atlanta,MERIWETHER,GA
30252,Atlanta,HENRY,GA
30252,Atlanta,ROCKDALE,GA
30253,Atlanta,HENRY,GA
30256,Atlanta,LAMAR,GA
30256,Atlanta,PIKE,GA
30256,Atlanta,UPSON,GA
30257,Atlanta,LAMAR,GA
30257,Atlanta,PIKE,GA
30258,Atlanta,PIKE,GA
30258,Atlanta,UPSON,GA
30259,Atlanta,COWETA,GA
30260,Atlanta,CLAYTON,GA
30261,Atlanta,TROUP,GA
30263,Atlanta,COWETA,GA
30263,Atlanta,HEARD,GA
30264,Atlanta,COWETA,GA
30265,Atlanta,COWETA,GA
30266,Atlanta,SPALDING,GA
30268,Atlanta,COWETA,GA
30268,Atlanta,FULTON,GA
30269,Atlanta,FAYETTE,GA
30270,Atlanta,FAYETTE,GA
30271,Atlanta,COWETA,GA
30272,Atlanta,FULTON,GA
30273,Atlanta,CLAYTON,GA
30273,Atlanta,HENRY,GA
30274,Atlanta,CLAYTON,GA
30275,Atlanta,COWETA,GA
30276,Atlanta,COWETA,GA
30276,Atlanta,FAYETTE,GA
30276,Atlanta,MERIWETHER,GA
30277,Atlanta,COWETA,GA
30281,Atlanta,CLAYTON,GA
30281,Atlanta,HENRY,GA
30281,Atlanta,ROCKDALE,GA
30284,Atlanta,SPALDING,GA
30285,Atlanta,LAMAR,GA
30285,Atlanta,PIKE,GA
30285,Atlanta,UPSON,GA
30286,Atlanta,UPSON,GA
30287,Atlanta,CLAYTON,GA
30288,Atlanta,CLAYTON,GA
30288,Atlanta,DEKALB,GA
30289,Atlanta,COWETA,GA
30290,Atlanta,FAYETTE,GA
30291,Atlanta,FULTON,GA
30292,Atlanta,PIKE,GA
30292,Atlanta,SPALDING,GA
30293,Atlanta,MERIWETHER,GA
30294,Atlanta,CLAYTON,GA
30294,Atlanta,DEKALB,GA
30294,Atlanta,HENRY,GA
30294,Atlanta,ROCKDALE,GA
30295,Atlanta,LAMAR,GA
30295,Atlanta,PIKE,GA
30296,Atlanta,CLAYTON,GA
30296,Atlanta,FAYETTE,GA
30296,Atlanta,FULTON,GA
30297,Atlanta,CLAYTON,GA
30298,Atlanta,CLAYTON,GA
30301,Atlanta,FULTON,GA
30302,Atlanta,FULTON,GA
30303,Atlanta,FULTON,GA
30304,Atlanta,FULTON,GA
30305,Atlanta,FULTON,GA
30306,Atlanta,DEKALB,GA
30306,Atlanta,FULTON,GA
30307,Atlanta,DEKALB,GA
30307,Atlanta,FULTON,GA
30308,Atlanta,FULTON,GA
30309,Atlanta,FULTON,GA
30310,Atlanta,FULTON,GA
30311,Atlanta,FULTON,GA
30312,Atlanta,FULTON,GA
30313,Atlanta,FULTON,GA
30314,Atlanta,FULTON,GA
30315,Atlanta,FULTON,GA
30316,Atlanta,DEKALB,GA
30316,Atlanta,FULTON,GA
30317,Atlanta,DEKALB,GA
30317,Atlanta,FULTON,GA
30318,Atlanta,FULTON,GA
30319,Atlanta,DEKALB,GA
30319,Atlanta,FULTON,GA
30320,Atlanta,FULTON,GA
30321,Atlanta,FULTON,GA
30322,Atlanta,DEKALB,GA
30324,Atlanta,DEKALB,GA
30324,Atlanta,FULTON,GA
30325,Atlanta,FULTON,GA
30326,Atlanta,FULTON,GA
30327,Atlanta,FULTON,GA
30328,Atlanta,DEKALB,GA
30328,Atlanta,FULTON,GA
30329,Atlanta,DEKALB,GA
30331,Atlanta,FULTON,GA
30332,Atlanta,FULTON,GA
30333,Atlanta,DEKALB,GA
30334,Atlanta,FULTON,GA
30336,Atlanta,FULTON,GA
30337,Atlanta,FULTON,GA
30338,Atlanta,DEKALB,GA
30338,Atlanta,FULTON,GA
30339,Atlanta,COBB,GA
30340,Atlanta,DEKALB,GA
30340,Atlanta,GWINNETT,GA
30341,Atlanta,DEKALB,GA
30342,Atlanta,FULTON,GA
30343,Atlanta,FULTON,GA
30344,Atlanta,FULTON,GA
30345,Atlanta,DEKALB,GA
30346,Atlanta,DEKALB,GA
30348,Atlanta,FULTON,GA
30349,Atlanta,CLAYTON,GA
30349,Atlanta,FULTON,GA
30350,Atlanta,DEKALB,GA
30350,Atlanta,FULTON,GA
30350,Atlanta,GWINNETT,GA
30353,Atlanta,FULTON,GA
30354,Atlanta,CLAYTON,GA
30354,Atlanta,FULTON,GA
30355,Atlanta,FULTON,GA
30356,Atlanta,DEKALB,GA
30357,Atlanta,FULTON,GA
30358,Atlanta,FULTON,GA
30359,Atlanta,DEKALB,GA
30360,Atlanta,DEKALB,GA
30360,Atlanta,GWINNETT,GA
30361,Atlanta,FULTON,GA
30362,Atlanta,DEKALB,GA
30363,Atlanta,FULTON,GA
30364,Atlanta,FULTON,GA
30366,Atlanta,DEKALB,GA
30368,Atlanta,FULTON,GA
30369,Atlanta,FULTON,GA
30370,Atlanta,FULTON,GA
30371,Atlanta,FULTON,GA
30374,Atlanta,FULTON,GA
30375,Atlanta,FULTON,GA
30377,Atlanta,FULTON,GA
30378,Atlanta,FULTON,GA
30380,Atlanta,FULTON,GA
30384,Atlanta,FULTON,GA
30385,Atlanta,FULTON,GA
30388,Atlanta,FULTON,GA
30392,Atlanta,FULTON,GA
30394,Atlanta,FULTON,GA
30396,Atlanta,FULTON,GA
30398,Atlanta,FULTON,GA
30501,Atlanta,HALL,GA
30502,Atlanta,HALL,GA
30503,Atlanta,HALL,GA
30504,Atlanta,HALL,GA
30506,Atlanta,FORSYTH,GA
30506,Atlanta,HALL,GA
30507,Atlanta,HALL,GA
30510,Atlanta,BANKS,GA
30510,Atlanta,HABERSHAM,GA
30510,Atlanta,HALL,GA
30511,Atlanta,BANKS,GA
30511,Atlanta,HABERSHAM,GA
30512,Atlanta,FANNIN,GA
30512,Atlanta,UNION,GA
30513,Atlanta,FANNIN,GA
30513,Atlanta,GILMER,GA
30514,Atlanta,UNION,GA
30515,Atlanta,GWINNETT,GA
30517,Atlanta,BARROW,GA
30517,Atlanta,GWINNETT,GA
30517,Atlanta,HALL,GA
30517,Atlanta,JACKSON,GA
30518,Atlanta,GWINNETT,GA
30518,Atlanta,HALL,GA
30519,Atlanta,GWINNETT,GA
30519,Atlanta,HALL,GA
30521,Atlanta,BANKS,GA
30522,Atlanta,FANNIN,GA
30522,Atlanta,GILMER,GA
30523,Atlanta,HABERSHAM,GA
30523,Atlanta,RABUN,GA
30523,Atlanta,WHITE,GA
30525,Atlanta,RABUN,GA
30525,Atlanta,TOWNS,GA
30527,Atlanta,HALL,GA
30527,Atlanta,WHITE,GA
30528,Atlanta,HALL,GA
30528,Atlanta,LUMPKIN,GA
30528,Atlanta,WHITE,GA
30529,Atlanta,BANKS,GA
30529,Atlanta,JACKSON,GA
30530,Atlanta,BANKS,GA
30530,Atlanta,JACKSON,GA
30530,Atlanta,MADISON,GA
30531,Atlanta,HABERSHAM,GA
30531,Atlanta,HALL,GA
30533,Atlanta,DAWSON,GA
30533,Atlanta,HALL,GA
30533,Atlanta,LUMPKIN,GA
30533,Atlanta,WHITE,GA
30534,Atlanta,CHEROKEE,GA
30534,Atlanta,DAWSON,GA
30534,Atlanta,FORSYTH,GA
30534,Atlanta,LUMPKIN,GA
30535,Atlanta,HABERSHAM,GA
30536,Atlanta,DAWSON,GA
30536,Atlanta,GILMER,GA
30537,Atlanta,RABUN,GA
30539,Atlanta,GILMER,GA
30540,Atlanta,GILMER,GA
30541,Atlanta,FANNIN,GA
30542,Atlanta,HALL,GA
30543,Atlanta,BANKS,GA
30543,Atlanta,HALL,GA
30543,Atlanta,JACKSON,GA
30545,Atlanta,WHITE,GA
30546,Atlanta,TOWNS,GA
30547,Atlanta,BANKS,GA
30548,Atlanta,BARROW,GA
30548,Atlanta,GWINNETT,GA
30548,Atlanta,HALL,GA
30548,Atlanta,JACKSON,GA
30549,Atlanta,JACKSON,GA
30552,Atlanta,RABUN,GA
30554,Atlanta,BANKS,GA
30554,Atlanta,HALL,GA
30555,Atlanta,FANNIN,GA
30558,Atlanta,BANKS,GA
30558,Atlanta,JACKSON,GA
30559,Atlanta,FANNIN,GA
30560,Atlanta,FANNIN,GA
30560,Atlanta,UNION,GA
30562,Atlanta,RABUN,GA
30563,Atlanta,HABERSHAM,GA
30564,Atlanta,HALL,GA
30564,Atlanta,LUMPKIN,GA
30564,Atlanta,WHITE,GA
30565,Atlanta,JACKSON,GA
30565,Atlanta,MADISON,GA
30566,Atlanta,HALL,GA
30567,Atlanta,HALL,GA
30567,Atlanta,JACKSON,GA
30568,Atlanta,RABUN,GA
30571,Atlanta,HABERSHAM,GA
30571,Atlanta,WHITE,GA
30572,Atlanta,FANNIN,GA
30572,Atlanta,UNION,GA
30573,Atlanta,RABUN,GA
30575,Atlanta,HALL,GA
30575,Atlanta,JACKSON,GA
30576,Atlanta,RABUN,GA
30577,Atlanta,BANKS,GA
30577,Atlanta,HABERSHAM,GA
30580,Atlanta,HABERSHAM,GA
30581,Atlanta,RABUN,GA
30582,Atlanta,TOWNS,GA
30582,Atlanta,UNION,GA
30597,Atlanta,LUMPKIN,GA
30599,Atlanta,JACKSON,GA
30601,Atlanta,CLARKE,GA
30601,Atlanta,JACKSON,GA
30601,Atlanta,MADISON,GA
30602,Atlanta,CLARKE,GA
30603,Atlanta,CLARKE,GA
30604,Atlanta,CLARKE,GA
30605,Atlanta,CLARKE,GA
30605,Atlanta,OCONEE,GA
30606,Atlanta,CLARKE,GA
30606,Atlanta,OCONEE,GA
30607,Atlanta,CLARKE,GA
30607,Atlanta,JACKSON,GA
30608,Atlanta,CLARKE,GA
30609,Atlanta,CLARKE,GA
30612,Atlanta,CLARKE,GA
30619,Atlanta,OCONEE,GA
30619,Atlanta,OGLETHORPE,GA
30620,Atlanta,BARROW,GA
30620,Atlanta,GWINNETT,GA
30620,Atlanta,WALTON,GA
30621,Atlanta,MORGAN,GA
30621,Atlanta,OCONEE,GA
30622,Atlanta,BARROW,GA
30622,Atlanta,CLARKE,GA
30622,Atlanta,JACKSON,GA
30622,Atlanta,OCONEE,GA
30623,Atlanta,MORGAN,GA
30624,Atlanta,MADISON,GA
30625,Atlanta,MORGAN,GA
30625,Atlanta,PUTNAM,GA
30627,Atlanta,MADISON,GA
30627,Atlanta,OGLETHORPE,GA
30628,Atlanta,MADISON,GA
30628,Atlanta,OGLETHORPE,GA
30629,Atlanta,MADISON,GA
30629,Atlanta,OGLETHORPE,GA
30630,Atlanta,OGLETHORPE,GA
30631,Atlanta,GREENE,GA
30633,Atlanta,MADISON,GA
30638,Atlanta,OCONEE,GA
30641,Atlanta,MORGAN,GA
30641,Atlanta,WALTON,GA
30642,Atlanta,GREENE,GA
30642,Atlanta,PUTNAM,GA
30645,Atlanta,OCONEE,GA
30646,Atlanta,CLARKE,GA
30646,Atlanta,JACKSON,GA
30646,Atlanta,MADISON,GA
30647,Atlanta,MADISON,GA
30648,Atlanta,OGLETHORPE,GA
30650,Atlanta,GREENE,GA
30650,Atlanta,MORGAN,GA
30650,Atlanta,PUTNAM,GA
30650,Atlanta,WALTON,GA
30655,Atlanta,WALTON,GA
30656,Atlanta,BARROW,GA
30656,Atlanta,WALTON,GA
30660,Atlanta,OGLETHORPE,GA
30662,Atlanta,MADISON,GA
30663,Atlanta,MORGAN,GA
30665,Atlanta,GREENE,GA
30666,Atlanta,BARROW,GA
30666,Atlanta,JACKSON,GA
30666,Atlanta,OCONEE,GA
30667,Atlanta,OGLETHORPE,GA
30669,Atlanta,GREENE,GA
30669,Atlanta,OGLETHORPE,GA
30671,Atlanta,OGLETHORPE,GA
30677,Atlanta,GREENE,GA
30677,Atlanta,OCONEE,GA
30678,Atlanta,GREENE,GA
30680,Atlanta,BARROW,GA
30680,Atlanta,OCONEE,GA
30683,Atlanta,CLARKE,GA
30683,Atlanta,OGLETHORPE,GA
30701,Atlanta,FLOYD,GA
30701,Atlanta,GORDON,GA
30703,Atlanta,GORDON,GA
30705,Atlanta,GILMER,GA
30730,Atlanta,CHATTOOGA,GA
30731,Atlanta,CHATTOOGA,GA
30732,Atlanta,GORDON,GA
30733,Atlanta,FLOYD,GA
30733,Atlanta,GORDON,GA
30734,Atlanta,GORDON,GA
30734,Atlanta,PICKENS,GA
30735,Atlanta,GORDON,GA
30746,Atlanta,GORDON,GA
30747,Atlanta,CHATTOOGA,GA
30747,Atlanta,FLOYD,GA
30753,Atlanta,CHATTOOGA,GA
31016,Atlanta,LAMAR,GA
31016,Atlanta,UPSON,GA
31024,Atlanta,JASPER,GA
31024,Atlanta,PUTNAM,GA
31026,Atlanta,PUTNAM,GA
31038,Atlanta,JASPER,GA
31061,Atlanta,PUTNAM,GA
31064,Atlanta,JASPER,GA
31064,Atlanta,NEWTON,GA
31085,Atlanta,JASPER,GA
31097,Atlanta,LAMAR,GA
31097,Atlanta,UPSON,GA
31106,Atlanta,FULTON,GA
31107,Atlanta,DEKALB,GA
31119,Atlanta,DEKALB,GA
31126,Atlanta,FULTON,GA
31131,Atlanta,FULTON,GA
31136,Atlanta,FULTON,GA
31139,Atlanta,FULTON,GA
31141,Atlanta,DEKALB,GA
31144,Atlanta,COBB,GA
31145,Atlanta,DEKALB,GA
31146,Atlanta,DEKALB,GA
31150,Atlanta,FULTON,GA
31156,Atlanta,FULTON,GA
31169,Atlanta,FAYETTE,GA
31192,Atlanta,FULTON,GA
31193,Atlanta,FULTON,GA
31195,Atlanta,FULTON,GA
31196,Atlanta,FULTON,GA
31816,Atlanta,MERIWETHER,GA
31822,Atlanta,MERIWETHER,GA
31822,Atlanta,TROUP,GA
31830,Atlanta,MERIWETHER,GA
31833,Atlanta,TROUP,GA
32102,Orlando Daytona,LAKE,FL
32102,Orlando Daytona,VOLUSIA,FL
32105,Orlando Daytona,VOLUSIA,FL
32110,Orlando Daytona,FLAGLER,FL
32111,Orlando Daytona,MARION,FL
32113,Orlando Daytona,MARION,FL
32114,Orlando Daytona,VOLUSIA,FL
32115,Orlando Daytona,VOLUSIA,FL
32116,Orlando Daytona,VOLUSIA,FL
32117,Orlando Daytona,VOLUSIA,FL
32118,Orlando Daytona,VOLUSIA,FL
32119,Orlando Daytona,VOLUSIA,FL
32120,Orlando Daytona,VOLUSIA,FL
32121,Orlando Daytona,VOLUSIA,FL
32122,Orlando Daytona,VOLUSIA,FL
32123,Orlando Daytona,VOLUSIA,FL
32124,Orlando Daytona,VOLUSIA,FL
32125,Orlando Daytona,VOLUSIA,FL
32126,Orlando Daytona,VOLUSIA,FL
32127,Orlando Daytona,VOLUSIA,FL
32128,Orlando Daytona,VOLUSIA,FL
32129,Orlando Daytona,VOLUSIA,FL
32130,Orlando Daytona,VOLUSIA,FL
32132,Orlando Daytona,VOLUSIA,FL
32133,Orlando Daytona,MARION,FL
32134,Orlando Daytona,MARION,FL
32135,Orlando Daytona,FLAGLER,FL
32136,Orlando Daytona,FLAGLER,FL
32136,Orlando Daytona,VOLUSIA,FL
32137,Orlando Daytona,FLAGLER,FL
32141,Orlando Daytona,VOLUSIA,FL
32142,Orlando Daytona,FLAGLER,FL
32143,Orlando Daytona,FLAGLER,FL
32158,Orlando Daytona,LAKE,FL
32159,Orlando Daytona,LAKE,FL
32159,Orlando Daytona,SUMTER,FL
32162,Orlando Daytona,MARION,FL
32162,Orlando Daytona,SUMTER,FL
32163,Orlando Daytona,SUMTER,FL
32164,Orlando Daytona,FLAGLER,FL
32168,Orlando Daytona,VOLUSIA,FL
32169,Orlando Daytona,VOLUSIA,FL
32170,Orlando Daytona,VOLUSIA,FL
32173,Orlando Daytona,VOLUSIA,FL
32174,Orlando Daytona,FLAGLER,FL
32174,Orlando Daytona,VOLUSIA,FL
32175,Orlando Daytona,VOLUSIA,FL
32176,Orlando Daytona,VOLUSIA,FL
32179,Orlando Daytona,MARION,FL
32180,Orlando Daytona,VOLUSIA,FL
32182,Orlando Daytona,MARION,FL
32183,Orlando Daytona,MARION,FL
32190,Orlando Daytona,VOLUSIA,FL
32192,Orlando Daytona,MARION,FL
32195,Orlando Daytona,LAKE,FL
32195,Orlando Daytona,MARION,FL
32198,Orlando Daytona,VOLUSIA,FL
32617,Orlando Daytona,MARION,FL
32634,Orlando Daytona,MARION,FL
32663,Orlando Daytona,MARION,FL
32664,Orlando Daytona,MARION,FL
32667,Orlando Daytona,MARION,FL
32668,Orlando Daytona,MARION,FL
32681,Orlando Daytona,MARION,FL
32686,Orlando Daytona,MARION,FL
32696,Orlando Daytona,MARION,FL
32701,Orlando Daytona,SEMINOLE,FL
32702,Orlando Daytona,LAKE,FL
32702,Orlando Daytona,MARION,FL
32703,Orlando Daytona,ORANGE,FL
32703,Orlando Daytona,SEMINOLE,FL
32704,Orlando Daytona,ORANGE,FL
32706,Orlando Daytona,VOLUSIA,FL
32707,Orlando Daytona,SEMINOLE,FL
32708,Orlando Daytona,SEMINOLE,FL
32709,Orlando Daytona,ORANGE,FL
32710,Orlando Daytona,ORANGE,FL
32712,Orlando Daytona,ORANGE,FL
32713,Orlando Daytona,VOLUSIA,FL
32714,Orlando Daytona,SEMINOLE,FL
32715,Orlando Daytona,SEMINOLE,FL
32716,Orlando Daytona,SEMINOLE,FL
32718,Orlando Daytona,SEMINOLE,FL
32719,Orlando Daytona,SEMINOLE,FL
32720,Orlando Daytona,LAKE,FL
32720,Orlando Daytona,VOLUSIA,FL
32721,Orlando Daytona,VOLUSIA,FL
32722,Orlando Daytona,VOLUSIA,FL
32723,Orlando Daytona,VOLUSIA,FL
32724,Orlando Daytona,VOLUSIA,FL
32725,Orlando Daytona,VOLUSIA,FL
32726,Orlando Daytona,LAKE,FL
32727,Orlando Daytona,LAKE,FL
32728,Orlando Daytona,VOLUSIA,FL
32730,Orlando Daytona,SEMINOLE,FL
32732,Orlando Daytona,SEMINOLE,FL
32733,Orlando Daytona,SEMINOLE,FL
32735,Orlando Daytona,LAKE,FL
32736,Orlando Daytona,LAKE,FL
32738,Orlando Daytona,VOLUSIA,FL
32739,Orlando Daytona,VOLUSIA,FL
32744,Orlando Daytona,VOLUSIA,FL
32745,Orlando Daytona,SEMINOLE,FL
32746,Orlando Daytona,SEMINOLE,FL
32747,Orlando Daytona,SEMINOLE,FL
32750,Orlando Daytona,SEMINOLE,FL
32751,Orlando Daytona,ORANGE,FL
32751,Orlando Daytona,SEMINOLE,FL
32752,Orlando Daytona,SEMINOLE,FL
32753,Orlando Daytona,VOLUSIA,FL
32754,Orlando Daytona,BREVARD,FL
32754,Orlando Daytona,VOLUSIA,FL
32756,Orlando Daytona,LAKE,FL
32757,Orlando Daytona,LAKE,FL
32757,Orlando Daytona,ORANGE,FL
32759,Orlando Daytona,VOLUSIA,FL
32762,Orlando Daytona,SEMINOLE,FL
32763,Orlando Daytona,VOLUSIA,FL
32764,Orlando Daytona,VOLUSIA,FL
32765,Orlando Daytona,SEMINOLE,FL
32766,Orlando Daytona,SEMINOLE,FL
32767,Orlando Daytona,LAKE,FL
32768,Orlando Daytona,ORANGE,FL
32771,Orlando Daytona,SEMINOLE,FL
32772,Orlando Daytona,SEMINOLE,FL
32773,Orlando Daytona,SEMINOLE,FL
32774,Orlando Daytona,VOLUSIA,FL
32775,Orlando Daytona,BREVARD,FL
32776,Orlando Daytona,LAKE,FL
32776,Orlando Daytona,ORANGE,FL
32777,Orlando Daytona,ORANGE,FL
32778,Orlando Daytona,LAKE,FL
32779,Orlando Daytona,SEMINOLE,FL
32780,Orlando Daytona,BREVARD,FL
32781,Orlando Daytona,BREVARD,FL
32783,Orlando Daytona,BREVARD,FL
32784,Orlando Daytona,LAKE,FL
32784,Orlando Daytona,MARION,FL
32789,Orlando Daytona,ORANGE,FL
32790,Orlando Daytona,ORANGE,FL
32791,Orlando Daytona,SEMINOLE,FL
32792,Orlando Daytona,ORANGE,FL
32792,Orlando Daytona,SEMINOLE,FL
32793,Orlando Daytona,ORANGE,FL
32794,Orlando Daytona,ORANGE,FL
32795,Orlando Daytona,SEMINOLE,FL
32796,Orlando Daytona,BREVARD,FL
32798,Orlando Daytona,ORANGE,FL
32799,Orlando Daytona,SEMINOLE,FL
32801,Orlando Daytona,ORANGE,FL
32802,Orlando Daytona,ORANGE,FL
32803,Orlando Daytona,ORANGE,FL
32804,Orlando Daytona,ORANGE,FL
32805,Orlando Daytona,ORANGE,FL
32806,Orlando Daytona,ORANGE,FL
32807,Orlando Daytona,ORANGE,FL
32808,Orlando Daytona,ORANGE,FL
32809,Orlando Daytona,ORANGE,FL
32810,Orlando Daytona,ORANGE,FL
32810,Orlando Daytona,SEMINOLE,FL
32811,Orlando Daytona,ORANGE,FL
32812,Orlando Daytona,ORANGE,FL
32814,Orlando Daytona,ORANGE,FL
32815,Orlando Daytona,BREVARD,FL
32816,Orlando Daytona,ORANGE,FL
32817,Orlando Daytona,ORANGE,FL
32818,Orlando Daytona,ORANGE,FL
32819,Orlando Daytona,ORANGE,FL
32820,Orlando Daytona,ORANGE,FL
32821,Orlando Daytona,ORANGE,FL
32821,Orlando Daytona,OSCEOLA,FL
32822,Orlando Daytona,ORANGE,FL
32824,Orlando Daytona,ORANGE,FL
32825,Orlando Daytona,ORANGE,FL
32826,Orlando Daytona,ORANGE,FL
32827,Orlando Daytona,ORANGE,FL
32828,Orlando Daytona,ORANGE,FL
32829,Orlando Daytona,ORANGE,FL
32830,Orlando Daytona,ORANGE,FL
32831,Orlando Daytona,ORANGE,FL
32832,Orlando Daytona,ORANGE,FL
32833,Orlando Daytona,ORANGE,FL
32834,Orlando Daytona,ORANGE,FL
32835,Orlando Daytona,ORANGE,FL
32836,Orlando Daytona,ORANGE,FL
32837,Orlando Daytona,ORANGE,FL
32839,Orlando Daytona,ORANGE,FL
32853,Orlando Daytona,ORANGE,FL
32854,Orlando Daytona,ORANGE,FL
32855,Orlando Daytona,ORANGE,FL
32856,Orlando Daytona,ORANGE,FL
32857,Orlando Daytona,ORANGE,FL
32858,Orlando Daytona,ORANGE,FL
32859,Orlando Daytona,ORANGE,FL
32860,Orlando Daytona,ORANGE,FL
32861,Orlando Daytona,ORANGE,FL
32862,Orlando Daytona,ORANGE,FL
32867,Orlando Daytona,ORANGE,FL
32868,Orlando Daytona,ORANGE,FL
32869,Orlando Daytona,ORANGE,FL
32872,Orlando Daytona,ORANGE,FL
32877,Orlando Daytona,ORANGE,FL
32878,Orlando Daytona,ORANGE,FL
32885,Orlando Daytona,ORANGE,FL
32886,Orlando Daytona,ORANGE,FL
32887,Orlando Daytona,ORANGE,FL
32891,Orlando Daytona,ORANGE,FL
32896,Orlando Daytona,ORANGE,FL
32897,Orlando Daytona,ORANGE,FL
32899,Orlando Daytona,BREVARD,FL
32901,Orlando Daytona,BREVARD,FL
32902,Orlando Daytona,BREVARD,FL
32903,Orlando Daytona,BREVARD,FL
32904,Orlando Daytona,BREVARD,FL
32905,Orlando Daytona,BREVARD,FL
32906,Orlando Daytona,BREVARD,FL
32907,Orlando Daytona,BREVARD,FL
32908,Orlando Daytona,BREVARD,FL
32909,Orlando Daytona,BREVARD,FL
32910,Orlando Daytona,BREVARD,FL
32911,Orlando Daytona,BREVARD,FL
32912,Orlando Daytona,BREVARD,FL
32919,Orlando Daytona,BREVARD,FL
32920,Orlando Daytona,BREVARD,FL
32922,Orlando Daytona,BREVARD,FL
32923,Orlando Daytona,BREVARD,FL
32924,Orlando Daytona,BREVARD,FL
32925,Orlando Daytona,BREVARD,FL
32926,Orlando Daytona,BREVARD,FL
32927,Orlando Daytona,BREVARD,FL
32931,Orlando Daytona,BREVARD,FL
32932,Orlando Daytona,BREVARD,FL
32934,Orlando Daytona,BREVARD,FL
32935,Orlando Daytona,BREVARD,FL
32936,Orlando Daytona,BREVARD,FL
32937,Orlando Daytona,BREVARD,FL
32940,Orlando Daytona,BREVARD,FL
32941,Orlando Daytona,BREVARD,FL
32949,Orlando Daytona,BREVARD,FL
32950,Orlando Daytona,BREVARD,FL
32951,Orlando Daytona,BREVARD,FL
32952,Orlando Daytona,BREVARD,FL
32953,Orlando Daytona,BREVARD,FL
32954,Orlando Daytona,BREVARD,FL
32955,Orlando Daytona,BREVARD,FL
32956,Orlando Daytona,BREVARD,FL
32959,Orlando Daytona,BREVARD,FL
32976,Orlando Daytona,BREVARD,FL
33513,Orlando Daytona,SUMTER,FL
33514,Orlando Daytona,SUMTER,FL
33521,Orlando Daytona,SUMTER,FL
33538,Orlando Daytona,SUMTER,FL
33585,Orlando Daytona,SUMTER,FL
33597,Orlando Daytona,SUMTER,FL
33848,Orlando Daytona,OSCEOLA,FL
33896,Orlando Daytona,OSCEOLA,FL
34420,Orlando Daytona,MARION,FL
34421,Orlando Daytona,MARION,FL
34430,Orlando Daytona,MARION,FL
34431,Orlando Daytona,MARION,FL
34432,Orlando Daytona,MARION,FL
34470,Orlando Daytona,MARION,FL
34471,Orlando Daytona,MARION,FL
34472,Orlando Daytona,MARION,FL
34473,Orlando Daytona,MARION,FL
34474,Orlando Daytona,MARION,FL
34475,Orlando Daytona,MARION,FL
34476,Orlando Daytona,MARION,FL
34477,Orlando Daytona,MARION,FL
34478,Orlando Daytona,MARION,FL
34479,Orlando Daytona,MARION,FL
34480,Orlando Daytona,MARION,FL
34481,Orlando Daytona,MARION,FL
34482,Orlando Daytona,MARION,FL
34483,Orlando Daytona,MARION,FL
34484,Orlando Daytona,SUMTER,FL
34488,Orlando Daytona,MARION,FL
34489,Orlando Daytona,MARION,FL
34491,Orlando Daytona,MARION,FL
34492,Orlando Daytona,MARION,FL
34705,Orlando Daytona,LAKE,FL
34711,Orlando Daytona,LAKE,FL
34712,Orlando Daytona,LAKE,FL
34713,Orlando Daytona,LAKE,FL
34714,Orlando Daytona,LAKE,FL
34715,Orlando Daytona,LAKE,FL
34729,Orlando Daytona,LAKE,FL
34731,Orlando Daytona,LAKE,FL
34734,Orlando Daytona,ORANGE,FL
34736,Orlando Daytona,LAKE,FL
34737,Orlando Daytona,LAKE,FL
34739,Orlando Daytona,OSCEOLA,FL
34740,Orlando Daytona,ORANGE,FL
34741,Orlando Daytona,OSCEOLA,FL
34742,Orlando Daytona,OSCEOLA,FL
34743,Orlando Daytona,OSCEOLA,FL
34744,Orlando Daytona,OSCEOLA,FL
34745,Orlando Daytona,OSCEOLA,FL
34746,Orlando Daytona,OSCEOLA,FL
34747,Orlando Daytona,OSCEOLA,FL
34748,Orlando Daytona,LAKE,FL
34749,Orlando Daytona,LAKE,FL
34753,Orlando Daytona,LAKE,FL
34755,Orlando Daytona,LAKE,FL
34756,Orlando Daytona,LAKE,FL
34758,Orlando Daytona,OSCEOLA,FL
34759,Orlando Daytona,OSCEOLA,FL
34760,Orlando Daytona,ORANGE,FL
34761,Orlando Daytona,ORANGE,FL
34762,Orlando Daytona,LAKE,FL
34769,Orlando Daytona,OSCEOLA,FL
34770,Orlando Daytona,OSCEOLA,FL
34771,Orlando Daytona,OSCEOLA,FL
34772,Orlando Daytona,OSCEOLA,FL
34773,Orlando Daytona,OSCEOLA,FL
34777,Orlando Daytona,ORANGE,FL
34778,Orlando Daytona,ORANGE,FL
34785,Orlando Daytona,SUMTER,FL
34786,Orlando Daytona,ORANGE,FL
34787,Orlando Daytona,LAKE,FL
34787,Orlando Daytona,ORANGE,FL
34788,Orlando Daytona,LAKE,FL
34789,Orlando Daytona,LAKE,FL
34797,Orlando Daytona,LAKE,FL
34972,Orlando Daytona,OSCEOLA,FL
36255,Atlanta,RANDOLPH,AL
36258,Atlanta,CLEBURNE,AL
36258,Atlanta,RANDOLPH,AL
36261,Atlanta,CLEBURNE,AL
36262,Atlanta,CLEBURNE,AL
36263,Atlanta,RANDOLPH,AL
36264,Atlanta,CLEBURNE,AL
36264,Atlanta,RANDOLPH,AL
36266,Atlanta,RANDOLPH,AL
36268,Atlanta,CLEBURNE,AL
36269,Atlanta,CLEBURNE,AL
36272,Atlanta,CLEBURNE,AL
36273,Atlanta,CLEBURNE,AL
36274,Atlanta,RANDOLPH,AL
36276,Atlanta,RANDOLPH,AL
36278,Atlanta,RANDOLPH,AL
36280,Atlanta,RANDOLPH,AL
37010,Nashville,MONTGOMERY,TN
37010,Nashville,ROBERTSON,TN
37011,Nashville,DAVIDSON,TN
37012,Nashville,DEKALB,TN
37012,Nashville,SMITH,TN
37012,Nashville,WILSON,TN
37013,Nashville,DAVIDSON,TN
37014,Nashville,RUTHERFORD,TN
37014,Nashville,WILLIAMSON,TN
37015,Nashville,CHEATHAM,TN
37015,Nashville,DAVIDSON,TN
37015,Nashville,MONTGOMERY,TN
37016,Nashville,CANNON,TN
37016,Nashville,WILSON,TN
37018,Nashville,BEDFORD,TN
37018,Nashville,COFFEE,TN
37019,Nashville,MARSHALL,TN
37020,Nashville,BEDFORD,TN
37020,Nashville,RUTHERFORD,TN
37022,Nashville,MACON,TN
37022,Nashville,SUMNER,TN
37022,Nashville,TROUSDALE,TN
37023,Nashville,STEWART,TN
37024,Nashville,WILLIAMSON,TN
37025,Nashville,DICKSON,TN
37025,Nashville,HICKMAN,TN
37025,Nashville,WILLIAMSON,TN
37026,Nashville,CANNON,TN
37026,Nashville,COFFEE,TN
37027,Nashville,DAVIDSON,TN
37027,Nashville,WILLIAMSON,TN
37028,Nashville,STEWART,TN
37029,Nashville,DICKSON,TN
37029,Nashville,WILLIAMSON,TN
37030,Nashville,SMITH,TN
37031,Nashville,SUMNER,TN
37031,Nashville,TROUSDALE,TN
37032,Nashville,CHEATHAM,TN
37032,Nashville,MONTGOMERY,TN
37032,Nashville,ROBERTSON,TN
37033,Nashville,HICKMAN,TN
37033,Nashville,PERRY,TN
37034,Nashville,BEDFORD,TN
37034,Nashville,MARSHALL,TN
37035,Nashville,CHEATHAM,TN
37036,Nashville,CHEATHAM,TN
37036,Nashville,DICKSON,TN
37037,Nashville,COFFEE,TN
37037,Nashville,RUTHERFORD,TN
37040,Nashville,MONTGOMERY,TN
37041,Nashville,MONTGOMERY,TN
37042,Nashville,MONTGOMERY,TN
37043,Nashville,CHEATHAM,TN
37043,Nashville,MONTGOMERY,TN
37044,Nashville,MONTGOMERY,TN
37046,Nashville,MARSHALL,TN
37046,Nashville,RUTHERFORD,TN
37046,Nashville,WILLIAMSON,TN
37047,Nashville,GILES,TN
37047,Nashville,MARSHALL,TN
37048,Nashville,ROBERTSON,TN
37048,Nashville,SUMNER,TN
37049,Nashville,ROBERTSON,TN
37050,Nashville,HOUSTON,TN
37050,Nashville,MONTGOMERY,TN
37050,Nashville,STEWART,TN
37051,Nashville,DICKSON,TN
37051,Nashville,HOUSTON,TN
37051,Nashville,MONTGOMERY,TN
37052,Nashville,DICKSON,TN
37052,Nashville,MONTGOMERY,TN
37055,Nashville,DICKSON,TN
37055,Nashville,HICKMAN,TN
37055,Nashville,HUMPHREYS,TN
37056,Nashville,DICKSON,TN
37057,Nashville,MACON,TN
37057,Nashville,SMITH,TN
37057,Nashville,TROUSDALE,TN
37058,Nashville,STEWART,TN
37059,Nashville,DEKALB,TN
37060,Nashville,BEDFORD,TN
37060,Nashville,MARSHALL,TN
37060,Nashville,RUTHERFORD,TN
37060,Nashville,WILLIAMSON,TN
37061,Nashville,HOUSTON,TN
37061,Nashville,HUMPHREYS,TN
37061,Nashville,MONTGOMERY,TN
37062,Nashville,CHEATHAM,TN
37062,Nashville,DICKSON,TN
37062,Nashville,WILLIAMSON,TN
37063,Nashville,RUTHERFORD,TN
37064,Nashville,DAVIDSON,TN
37064,Nashville,WILLIAMSON,TN
37065,Nashville,WILLIAMSON,TN
37066,Nashville,SUMNER,TN
37067,Nashville,WILLIAMSON,TN
37068,Nashville,WILLIAMSON,TN
37069,Nashville,WILLIAMSON,TN
37070,Nashville,DAVIDSON,TN
37071,Nashville,WILSON,TN
37072,Nashville,DAVIDSON,TN
37072,Nashville,ROBERTSON,TN
37072,Nashville,SUMNER,TN
37073,Nashville,DAVIDSON,TN
37073,Nashville,ROBERTSON,TN
37073,Nashville,SUMNER,TN
37074,Nashville,MACON,TN
37074,Nashville,TROUSDALE,TN
37075,Nashville,SUMNER,TN
37076,Nashville,DAVIDSON,TN
37076,Nashville,WILSON,TN
37077,Nashville,SUMNER,TN
37078,Nashville,HUMPHREYS,TN
37079,Nashville,MONTGOMERY,TN
37079,Nashville,STEWART,TN
37080,Nashville,CHEATHAM,TN
37080,Nashville,DAVIDSON,TN
37080,Nashville,ROBERTSON,TN
37082,Nashville,CHEATHAM,TN
37082,Nashville,WILLIAMSON,TN
37083,Nashville,MACON,TN
37085,Nashville,RUTHERFORD,TN
37085,Nashville,WILSON,TN
37086,Nashville,RUTHERFORD,TN
37087,Nashville,SMITH,TN
37087,Nashville,TROUSDALE,TN
37087,Nashville,WILSON,TN
37088,Nashville,WILSON,TN
37089,Nashville,RUTHERFORD,TN
37090,Nashville,RUTHERFORD,TN
37090,Nashville,SMITH,TN
37090,Nashville,WILSON,TN
37091,Nashville,BEDFORD,TN
37091,Nashville,MARSHALL,TN
37091,Nashville,MAURY,TN
37095,Nashville,CANNON,TN
37095,Nashville,DEKALB,TN
37095,Nashville,WILSON,TN
37096,Nashville,PERRY,TN
37096,Nashville,WAYNE,TN
37097,Nashville,HUMPHREYS,TN
37097,Nashville,PERRY,TN
37098,Nashville,HICKMAN,TN
37101,Nashville,DICKSON,TN
37101,Nashville,HICKMAN,TN
37101,Nashville,HOUSTON,TN
37101,Nashville,HUMPHREYS,TN
37110,Nashville,CANNON,TN
37110,Nashville,DEKALB,TN
37110,Nashville,VAN BUREN,TN
37110,Nashville,WARREN,TN
37111,Nashville,WARREN,TN
37115,Nashville,DAVIDSON,TN
37116,Nashville,DAVIDSON,TN
37118,Nashville,CANNON,TN
37118,Nashville,RUTHERFORD,TN
37118,Nashville,WILSON,TN
37119,Nashville,SUMNER,TN
37121,Nashville,WILSON,TN
37122,Nashville,DAVIDSON,TN
37122,Nashville,RUTHERFORD,TN
37122,Nashville,WILSON,TN
37127,Nashville,RUTHERFORD,TN
37128,Nashville,RUTHERFORD,TN
37129,Nashville,RUTHERFORD,TN
37130,Nashville,RUTHERFORD,TN
37131,Nashville,RUTHERFORD,TN
37132,Nashville,RUTHERFORD,TN
37133,Nashville,RUTHERFORD,TN
37134,Nashville,HUMPHREYS,TN
37135,Nashville,DAVIDSON,TN
37135,Nashville,RUTHERFORD,TN
37135,Nashville,WILLIAMSON,TN
37136,Nashville,WILSON,TN
37137,Nashville,HICKMAN,TN
37138,Nashville,DAVIDSON,TN
37138,Nashville,WILSON,TN
37140,Nashville,HICKMAN,TN
37141,Nashville,ROBERTSON,TN
37142,Nashville,MONTGOMERY,TN
37143,Nashville,CHEATHAM,TN
37143,Nashville,DAVIDSON,TN
37144,Nashville,BEDFORD,TN
37144,Nashville,GILES,TN
37144,Nashville,MARSHALL,TN
37144,Nashville,MOORE,TN
37145,Nashville,JACKSON,TN
37145,Nashville,MACON,TN
37145,Nashville,SMITH,TN
37146,Nashville,CHEATHAM,TN
37146,Nashville,ROBERTSON,TN
37148,Nashville,ROBERTSON,TN
37148,Nashville,SUMNER,TN
37149,Nashville,CANNON,TN
37149,Nashville,RUTHERFORD,TN
37150,Nashville,CLAY,TN
37150,Nashville,JACKSON,TN
37150,Nashville,MACON,TN
37151,Nashville,SMITH,TN
37152,Nashville,ROBERTSON,TN
37153,Nashville,BEDFORD,TN
37153,Nashville,RUTHERFORD,TN
37153,Nashville,WILLIAMSON,TN
37160,Nashville,BEDFORD,TN
37160,Nashville,MOORE,TN
37160,Nashville,RUTHERFORD,TN
37161,Nashville,BEDFORD,TN
37162,Nashville,BEDFORD,TN
37165,Nashville,DICKSON,TN
37166,Nashville,CANNON,TN
37166,Nashville,DEKALB,TN
37166,Nashville,WARREN,TN
37167,Nashville,RUTHERFORD,TN
37171,Nashville,DICKSON,TN
37171,Nashville,MONTGOMERY,TN
37172,Nashville,ROBERTSON,TN
37174,Nashville,MARSHALL,TN
37174,Nashville,MAURY,TN
37174,Nashville,WILLIAMSON,TN
37175,Nashville,HOUSTON,TN
37175,Nashville,STEWART,TN
37178,Nashville,HOUSTON,TN
37178,Nashville,STEWART,TN
37179,Nashville,WILLIAMSON,TN
37180,Nashville,BEDFORD,TN
37180,Nashville,MARSHALL,TN
37180,Nashville,RUTHERFORD,TN
37181,Nashville,DICKSON,TN
37181,Nashville,HOUSTON,TN
37183,Nashville,BEDFORD,TN
37183,Nashville,COFFEE,TN
37183,Nashville,MOORE,TN
37184,Nashville,SMITH,TN
37184,Nashville,WILSON,TN
37185,Nashville,HOUSTON,TN
37185,Nashville,HUMPHREYS,TN
37186,Nashville,MACON,TN
37186,Nashville,SUMNER,TN
37187,Nashville,CHEATHAM,TN
37187,Nashville,DICKSON,TN
37188,Nashville,ROBERTSON,TN
37188,Nashville,SUMNER,TN
37189,Nashville,DAVIDSON,TN
37190,Nashville,CANNON,TN
37190,Nashville,WARREN,TN
37191,Nashville,MONTGOMERY,TN
37201,Nashville,DAVIDSON,TN
37202,Nashville,DAVIDSON,TN
37203,Nashville,DAVIDSON,TN
37204,Nashville,DAVIDSON,TN
37205,Nashville,DAVIDSON,TN
37206,Nashville,DAVIDSON,TN
37207,Nashville,DAVIDSON,TN
37208,Nashville,DAVIDSON,TN
37209,Nashville,CHEATHAM,TN
37209,Nashville,DAVIDSON,TN
37210,Nashville,DAVIDSON,TN
37211,Nashville,DAVIDSON,TN
37212,Nashville,DAVIDSON,TN
37213,Nashville,DAVIDSON,TN
37214,Nashville,DAVIDSON,TN
37215,Nashville,DAVIDSON,TN
37215,Nashville,WILLIAMSON,TN
37216,Nashville,DAVIDSON,TN
37217,Nashville,DAVIDSON,TN
37218,Nashville,DAVIDSON,TN
37219,Nashville,DAVIDSON,TN
37220,Nashville,DAVIDSON,TN
37221,Nashville,DAVIDSON,TN
37221,Nashville,WILLIAMSON,TN
37222,Nashville,DAVIDSON,TN
37224,Nashville,DAVIDSON,TN
37227,Nashville,DAVIDSON,TN
37228,Nashville,DAVIDSON,TN
37229,Nashville,DAVIDSON,TN
37230,Nashville,DAVIDSON,TN
37232,Nashville,DAVIDSON,TN
37234,Nashville,DAVIDSON,TN
37235,Nashville,DAVIDSON,TN
37236,Nashville,DAVIDSON,TN
37238,Nashville,DAVIDSON,TN
37240,Nashville,DAVIDSON,TN
37241,Nashville,DAVIDSON,TN
37242,Nashville,DAVIDSON,TN
37243,Nashville,DAVIDSON,TN
37244,Nashville,DAVIDSON,TN
37246,Nashville,DAVIDSON,TN
37250,Nashville,DAVIDSON,TN
37306,Nashville,FRANKLIN,TN
37306,Nashville,MOORE,TN
37318,Nashville,FRANKLIN,TN
37324,Nashville,FRANKLIN,TN
37328,Nashville,FRANKLIN,TN
37330,Nashville,COFFEE,TN
37330,Nashville,FRANKLIN,TN
37334,Nashville,BEDFORD,TN
37334,Nashville,MOORE,TN
37335,Nashville,FRANKLIN,TN
37342,Nashville,COFFEE,TN
37345,Nashville,FRANKLIN,TN
37349,Nashville,COFFEE,TN
37352,Nashville,FRANKLIN,TN
37352,Nashville,MOORE,TN
37355,Nashville,COFFEE,TN
37356,Nashville,FRANKLIN,TN
37357,Nashville,CANNON,TN
37357,Nashville,COFFEE,TN
37357,Nashville,WARREN,TN
37359,Nashville,MOORE,TN
37360,Nashville,BEDFORD,TN
37360,Nashville,COFFEE,TN
37360,Nashville,MOORE,TN
37366,Nashville,FRANKLIN,TN
37367,Nashville,VAN BUREN,TN
37375,Nashville,FRANKLIN,TN
37376,Nashville,FRANKLIN,TN
37378,Nashville,WARREN,TN
37382,Nashville,COFFEE,TN
37383,Nashville,FRANKLIN,TN
37388,Nashville,BEDFORD,TN
37388,Nashville,COFFEE,TN
37388,Nashville,FRANKLIN,TN
37388,Nashville,MOORE,TN
37389,Nashville,COFFEE,TN
37394,Nashville,WARREN,TN
37398,Nashville,FRANKLIN,TN
37398,Nashville,MOORE,TN
38201,Nashville,HENRY,TN
38221,Nashville,BENTON,TN
38222,Nashville,HENRY,TN
38223,Nashville,HENRY,TN
38224,Nashville,HENRY,TN
38229,Nashville,HENRY,TN
38231,Nashville,HENRY,TN
38236,Nashville,HENRY,TN
38242,Nashville,HENRY,TN
38251,Nashville,HENRY,TN
38256,Nashville,HENRY,TN
38311,Nashville,DECATUR,TN
38317,Nashville,BENTON,TN
38318,Nashville,BENTON,TN
38320,Nashville,BENTON,TN
38328,Nashville,DECATUR,TN
38329,Nashville,DECATUR,TN
38333,Nashville,BENTON,TN
38341,Nashville,BENTON,TN
38341,Nashville,DECATUR,TN
38342,Nashville,HENRY,TN
38363,Nashville,DECATUR,TN
38371,Nashville,DECATUR,TN
38374,Nashville,DECATUR,TN
38380,Nashville,BENTON,TN
38380,Nashville,DECATUR,TN
38387,Nashville,BENTON,TN
38401,Nashville,MARSHALL,TN
38401,Nashville,MAURY,TN
38401,Nashville,WILLIAMSON,TN
38402,Nashville,MAURY,TN
38425,Nashville,PERRY,TN
38425,Nashville,WAYNE,TN
38449,Nashville,GILES,TN
38450,Nashville,WAYNE,TN
38451,Nashville,GILES,TN
38451,Nashville,MARSHALL,TN
38451,Nashville,MAURY,TN
38452,Nashville,WAYNE,TN
38453,Nashville,GILES,TN
38454,Nashville,HICKMAN,TN
38454,Nashville,MAURY,TN
38455,Nashville,GILES,TN
38456,Nashville,GILES,TN
38456,Nashville,LAWRENCE,TN
38457,Nashville,LAWRENCE,TN
38459,Nashville,GILES,TN
38460,Nashville,GILES,TN
38461,Nashville,HICKMAN,TN
38461,Nashville,LEWIS,TN
38461,Nashville,MAURY,TN
38462,Nashville,HICKMAN,TN
38462,Nashville,LEWIS,TN
38463,Nashville,LAWRENCE,TN
38463,Nashville,WAYNE,TN
38464,Nashville,GILES,TN
38464,Nashville,LAWRENCE,TN
38464,Nashville,WAYNE,TN
38468,Nashville,GILES,TN
38468,Nashville,LAWRENCE,TN
38469,Nashville,LAWRENCE,TN
38471,Nashville,WAYNE,TN
38472,Nashville,GILES,TN
38472,Nashville,MARSHALL,TN
38472,Nashville,MAURY,TN
38473,Nashville,GILES,TN
38473,Nashville,LAWRENCE,TN
38474,Nashville,GILES,TN
38474,Nashville,LAWRENCE,TN
38474,Nashville,LEWIS,TN
38474,Nashville,MAURY,TN
38475,Nashville,WAYNE,TN
38476,Nashville,HICKMAN,TN
38476,Nashville,MAURY,TN
38476,Nashville,WILLIAMSON,TN
38477,Nashville,GILES,TN
38478,Nashville,GILES,TN
38481,Nashville,LAWRENCE,TN
38482,Nashville,MAURY,TN
38483,Nashville,GILES,TN
38483,Nashville,LAWRENCE,TN
38483,Nashville,LEWIS,TN
38483,Nashville,MAURY,TN
38485,Nashville,LEWIS,TN
38485,Nashville,WAYNE,TN
38486,Nashville,LAWRENCE,TN
38486,Nashville,WAYNE,TN
38487,Nashville,HICKMAN,TN
38487,Nashville,MAURY,TN
38501,Nashville,JACKSON,TN
38501,Nashville,OVERTON,TN
38501,Nashville,PUTNAM,TN
38502,Nashville,PUTNAM,TN
38503,Nashville,PUTNAM,TN
38505,Nashville,PUTNAM,TN
38506,Nashville,JACKSON,TN
38506,Nashville,OVERTON,TN
38506,Nashville,PUTNAM,TN
38506,Nashville,WHITE,TN
38541,Nashville,CLAY,TN
38541,Nashville,OVERTON,TN
38541,Nashville,PICKETT,TN
38542,Nashville,OVERTON,TN
38543,Nashville,OVERTON,TN
38543,Nashville,PICKETT,TN
38544,Nashville,DEKALB,TN
38544,Nashville,PUTNAM,TN
38545,Nashville,JACKSON,TN
38545,Nashville,PUTNAM,TN
38547,Nashville,SMITH,TN
38548,Nashville,DEKALB,TN
38548,Nashville,PUTNAM,TN
38548,Nashville,SMITH,TN
38549,Nashville,PICKETT,TN
38550,Nashville,WARREN,TN
38551,Nashville,CLAY,TN
38551,Nashville,JACKSON,TN
38551,Nashville,OVERTON,TN
38552,Nashville,SMITH,TN
38554,Nashville,OVERTON,TN
38556,Nashville,PICKETT,TN
38559,Nashville,VAN BUREN,TN
38559,Nashville,WHITE,TN
38560,Nashville,SMITH,TN
38562,Nashville,JACKSON,TN
38563,Nashville,SMITH,TN
38564,Nashville,JACKSON,TN
38564,Nashville,PUTNAM,TN
38567,Nashville,DEKALB,TN
38567,Nashville,SMITH,TN
38568,Nashville,CLAY,TN
38568,Nashville,JACKSON,TN
38568,Nashville,OVERTON,TN
38569,Nashville,DEKALB,TN
38569,Nashville,SMITH,TN
38570,Nashville,OVERTON,TN
38573,Nashville,CLAY,TN
38573,Nashville,OVERTON,TN
38573,Nashville,PICKETT,TN
38574,Nashville,OVERTON,TN
38574,Nashville,PUTNAM,TN
38575,Nashville,CLAY,TN
38577,Nashville,PICKETT,TN
38579,Nashville,VAN BUREN,TN
38579,Nashville,WHITE,TN
38580,Nashville,OVERTON,TN
38581,Nashville,DEKALB,TN
38581,Nashville,VAN BUREN,TN
38581,Nashville,WARREN,TN
38581,Nashville,WHITE,TN
38582,Nashville,DEKALB,TN
38582,Nashville,PUTNAM,TN
38583,Nashville,DEKALB,TN
38583,Nashville,PUTNAM,TN
38583,Nashville,VAN BUREN,TN
38583,Nashville,WHITE,TN
38585,Nashville,VAN BUREN,TN
38587,Nashville,WHITE,TN
38588,Nashville,CLAY,TN
38588,Nashville,JACKSON,TN
38588,Nashville,MACON,TN
38589,Nashville,OVERTON,TN
39901,Atlanta,DEKALB,GA
42038,Nashville,TRIGG,KY
42104,Nashville,SIMPSON,KY
42120,Nashville,ALLEN,KY
42122,Nashville,ALLEN,KY
42129,Nashville,CUMBERLAND,KY
42133,Nashville,ALLEN,KY
42133,Nashville,MONROE,KY
42134,Nashville,ALLEN,KY
42134,Nashville,SIMPSON,KY
42135,Nashville,SIMPSON,KY
42140,Nashville,MONROE,KY
42151,Nashville,MONROE,KY
42153,Nashville,ALLEN,KY
42157,Nashville,MONROE,KY
42164,Nashville,ALLEN,KY
42166,Nashville,MONROE,KY
42167,Nashville,CUMBERLAND,KY
42167,Nashville,MONROE,KY
42170,Nashville,SIMPSON,KY
42202,Nashville,LOGAN,KY
42202,Nashville,SIMPSON,KY
42204,Nashville,LOGAN,KY
42204,Nashville,TODD,KY
42206,Nashville,LOGAN,KY
42206,Nashville,SIMPSON,KY
42211,Nashville,TRIGG,KY
42215,Nashville,CHRISTIAN,KY
42215,Nashville,TRIGG,KY
42216,Nashville,TODD,KY
42217,Nashville,CHRISTIAN,KY
42220,Nashville,TODD,KY
42221,Nashville,CHRISTIAN,KY
42223,Nashville,CHRISTIAN,KY
42223,Nashville,MONTGOMERY,TN
42232,Nashville,CHRISTIAN,KY
42232,Nashville,TRIGG,KY
42234,Nashville,TODD,KY
42236,Nashville,CHRISTIAN,KY
42236,Nashville,TRIGG,KY
42240,Nashville,CHRISTIAN,KY
42241,Nashville,CHRISTIAN,KY
42254,Nashville,CHRISTIAN,KY
42256,Nashville,LOGAN,KY
42256,Nashville,TODD,KY
42262,Nashville,CHRISTIAN,KY
42265,Nashville,LOGAN,KY
42265,Nashville,TODD,KY
42266,Nashville,CHRISTIAN,KY
42266,Nashville,TODD,KY
42274,Nashville,LOGAN,KY
42276,Nashville,LOGAN,KY
42276,Nashville,SIMPSON,KY
42280,Nashville,TODD,KY
42286,Nashville,CHRISTIAN,KY
42286,Nashville,TODD,KY
42345,Nashville,CHRISTIAN,KY
42345,Nashville,TODD,KY
42408,Nashville,CHRISTIAN,KY
42442,Nashville,CHRISTIAN,KY
42445,Nashville,TRIGG,KY
42464,Nashville,CHRISTIAN,KY
42602,Nashville,CLINTON,KY
42603,Nashville,CLINTON,KY
42717,Nashville,CLINTON,KY
42717,Nashville,CUMBERLAND,KY
42717,Nashville,MONROE,KY
42759,Nashville,CUMBERLAND,KY
73301,Austin,TRAVIS,TX
73344,Austin,TRAVIS,TX
76511,Austin,WILLIAMSON,TX
76527,Austin,BURNET,TX
76527,Austin,WILLIAMSON,TX
76530,Austin,WILLIAMSON,TX
76537,Austin,WILLIAMSON,TX
76539,Austin,BURNET,TX
76550,Austin,BURNET,TX
76573,Austin,WILLIAMSON,TX
76574,Austin,WILLIAMSON,TX
76577,Austin,WILLIAMSON,TX
76578,Austin,WILLIAMSON,TX
76820,Austin,MASON,TX
76825,Austin,MASON,TX
76831,Austin,LLANO,TX
76831,Austin,MASON,TX
76842,Austin,MASON,TX
76856,Austin,GILLESPIE,TX
76856,Austin,MASON,TX
76869,Austin,MASON,TX
76885,Austin,LLANO,TX
77835,Austin,FAYETTE,TX
77853,Austin,LEE,TX
77964,Austin,FAYETTE,TX
78027,Austin,BLANCO,TX
78028,Austin,GILLESPIE,TX
78058,Austin,GILLESPIE,TX
78070,Austin,BLANCO,TX
78130,Austin,HAYS,TX
78132,Austin,HAYS,TX
78602,Austin,BASTROP,TX
78605,Austin,BURNET,TX
78606,Austin,BLANCO,TX
78607,Austin,LLANO,TX
78608,Austin,BURNET,TX
78609,Austin,LLANO,TX
78610,Austin,CALDWELL,TX
78610,Austin,HAYS,TX
78610,Austin,TRAVIS,TX
78611,Austin,BURNET,TX
78611,Austin,LLANO,TX
78612,Austin,BASTROP,TX
78612,Austin,TRAVIS,TX
78613,Austin,TRAVIS,TX
78613,Austin,WILLIAMSON,TX
78615,Austin,TRAVIS,TX
78615,Austin,WILLIAMSON,TX
78616,Austin,BASTROP,TX
78616,Austin,CALDWELL,TX
78617,Austin,BASTROP,TX
78617,Austin,TRAVIS,TX
78618,Austin,GILLESPIE,TX
78619,Austin,HAYS,TX
78620,Austin,BLANCO,TX
78620,Austin,HAYS,TX
78620,Austin,TRAVIS,TX
78621,Austin,BASTROP,TX
78621,Austin,LEE,TX
78621,Austin,TRAVIS,TX
78621,Austin,WILLIAMSON,TX
78622,Austin,CALDWELL,TX
78623,Austin,HAYS,TX
78624,Austin,GILLESPIE,TX
78624,Austin,LLANO,TX
78624,Austin,MASON,TX
78626,Austin,WILLIAMSON,TX
78627,Austin,WILLIAMSON,TX
78628,Austin,WILLIAMSON,TX
78630,Austin,WILLIAMSON,TX
78631,Austin,GILLESPIE,TX
78632,Austin,CALDWELL,TX
78633,Austin,WILLIAMSON,TX
78634,Austin,TRAVIS,TX
78634,Austin,WILLIAMSON,TX
78635,Austin,BLANCO,TX
78636,Austin,BLANCO,TX
78638,Austin,CALDWELL,TX
78639,Austin,BURNET,TX
78639,Austin,LLANO,TX
78640,Austin,CALDWELL,TX
78640,Austin,HAYS,TX
78640,Austin,TRAVIS,TX
78641,Austin,TRAVIS,TX
78641,Austin,WILLIAMSON,TX
78642,Austin,BURNET,TX
78642,Austin,WILLIAMSON,TX
78643,Austin,LLANO,TX
78644,Austin,CALDWELL,TX
78645,Austin,TRAVIS,TX
78646,Austin,WILLIAMSON,TX
78648,Austin,CALDWELL,TX
78650,Austin,BASTROP,TX
78651,Austin,TRAVIS,TX
78652,Austin,HAYS,TX
78652,Austin,TRAVIS,TX
78653,Austin,BASTROP,TX
78653,Austin,TRAVIS,TX
78654,Austin,BURNET,TX
78654,Austin,TRAVIS,TX
78655,Austin,CALDWELL,TX
78656,Austin,CALDWELL,TX
78656,Austin,HAYS,TX
78657,Austin,BURNET,TX
78657,Austin,LLANO,TX
78659,Austin,BASTROP,TX
78659,Austin,LEE,TX
78660,Austin,TRAVIS,TX
78660,Austin,WILLIAMSON,TX
78661,Austin,CALDWELL,TX
78662,Austin,BASTROP,TX
78662,Austin,CALDWELL,TX
78663,Austin,BLANCO,TX
78663,Austin,HAYS,TX
78663,Austin,TRAVIS,TX
78664,Austin,TRAVIS,TX
78664,Austin,WILLIAMSON,TX
78665,Austin,WILLIAMSON,TX
78666,Austin,CALDWELL,TX
78666,Austin,HAYS,TX
78667,Austin,HAYS,TX
78669,Austin,BLANCO,TX
78669,Austin,BURNET,TX
78669,Austin,TRAVIS,TX
78671,Austin,GILLESPIE,TX
78672,Austin,LLANO,TX
78673,Austin,WILLIAMSON,TX
78674,Austin,WILLIAMSON,TX
78675,Austin,GILLESPIE,TX
78676,Austin,BLANCO,TX
78676,Austin,HAYS,TX
78680,Austin,WILLIAMSON,TX
78681,Austin,WILLIAMSON,TX
78682,Austin,WILLIAMSON,TX
78683,Austin,WILLIAMSON,TX
78691,Austin,TRAVIS,TX
78701,Austin,TRAVIS,TX
78702,Austin,TRAVIS,TX
78703,Austin,TRAVIS,TX
78704,Austin,TRAVIS,TX
78705,Austin,TRAVIS,TX
78708,Austin,TRAVIS,TX
78709,Austin,TRAVIS,TX
78710,Austin,TRAVIS,TX
78711,Austin,TRAVIS,TX
78712,Austin,TRAVIS,TX
78713,Austin,TRAVIS,TX
78714,Austin,TRAVIS,TX
78715,Austin,TRAVIS,TX
78716,Austin,TRAVIS,TX
78717,Austin,WILLIAMSON,TX
78718,Austin,TRAVIS,TX
78719,Austin,TRAVIS,TX
78720,Austin,TRAVIS,TX
78721,Austin,TRAVIS,TX
78722,Austin,TRAVIS,TX
78723,Austin,TRAVIS,TX
78724,Austin,TRAVIS,TX
78725,Austin,TRAVIS,TX
78726,Austin,TRAVIS,TX
78727,Austin,TRAVIS,TX
78727,Austin,WILLIAMSON,TX
78728,Austin,TRAVIS,TX
78728,Austin,WILLIAMSON,TX
78729,Austin,TRAVIS,TX
78729,Austin,WILLIAMSON,TX
78730,Austin,TRAVIS,TX
78731,Austin,TRAVIS,TX
78732,Austin,TRAVIS,TX
78733,Austin,TRAVIS,TX
78734,Austin,TRAVIS,TX
78735,Austin,TRAVIS,TX
78736,Austin,HAYS,TX
78736,Austin,TRAVIS,TX
78737,Austin,HAYS,TX
78737,Austin,TRAVIS,TX
78738,Austin,HAYS,TX
78738,Austin,TRAVIS,TX
78739,Austin,TRAVIS,TX
78741,Austin,TRAVIS,TX
78742,Austin,TRAVIS,TX
78744,Austin,TRAVIS,TX
78745,Austin,TRAVIS,TX
78746,Austin,TRAVIS,TX
78747,Austin,TRAVIS,TX
78748,Austin,TRAVIS,TX
78749,Austin,TRAVIS,TX
78750,Austin,TRAVIS,TX
78750,Austin,WILLIAMSON,TX
78751,Austin,TRAVIS,TX
78752,Austin,TRAVIS,TX
78753,Austin,TRAVIS,TX
78754,Austin,TRAVIS,TX
78755,Austin,TRAVIS,TX
78756,Austin,TRAVIS,TX
78757,Austin,TRAVIS,TX
78758,Austin,TRAVIS,TX
78759,Austin,TRAVIS,TX
78759,Austin,WILLIAMSON,TX
78760,Austin,TRAVIS,TX
78761,Austin,TRAVIS,TX
78762,Austin,TRAVIS,TX
78763,Austin,TRAVIS,TX
78764,Austin,TRAVIS,TX
78765,Austin,TRAVIS,TX
78766,Austin,TRAVIS,TX
78767,Austin,TRAVIS,TX
78768,Austin,TRAVIS,TX
78772,Austin,TRAVIS,TX
78773,Austin,TRAVIS,TX
78774,Austin,TRAVIS,TX
78778,Austin,TRAVIS,TX
78779,Austin,TRAVIS,TX
78783,Austin,TRAVIS,TX
78799,Austin,TRAVIS,TX
78932,Austin,FAYETTE,TX
78938,Austin,FAYETTE,TX
78940,Austin,FAYETTE,TX
78941,Austin,BASTROP,TX
78941,Austin,FAYETTE,TX
78942,Austin,BASTROP,TX
78942,Austin,FAYETTE,TX
78942,Austin,LEE,TX
78945,Austin,FAYETTE,TX
78946,Austin,FAYETTE,TX
78946,Austin,LEE,TX
78947,Austin,LEE,TX
78948,Austin,LEE,TX
78949,Austin,FAYETTE,TX
78950,Austin,FAYETTE,TX
78952,Austin,FAYETTE,TX
78953,Austin,BASTROP,TX
78953,Austin,CALDWELL,TX
78954,Austin,FAYETTE,TX
78956,Austin,FAYETTE,TX
78957,Austin,BASTROP,TX
78957,Austin,FAYETTE,TX
78959,Austin,BASTROP,TX
78959,Austin,CALDWELL,TX
78959,Austin,FAYETTE,TX
78960,Austin,FAYETTE,TX
78961,Austin,FAYETTE,TX
78962,Austin,FAYETTE,TX
78963,Austin,FAYETTE,TX