city,event_url
Atlanta,https://patch.com/georgia/atlanta/calendar/event/20260408/c74d9316-47b2-4c19-8c2b-7632848fa632/free-bra-fittings-to-support-breast-cancer-awareness
Atlanta,https://patch.com/georgia/atlanta/calendar/event/20260408/d08328e5-0a8d-483c-9ea2-2692b3ba8327/wed-beginner-salsa-bachata-class-gwinnett
Atlanta,https://patch.com/georgia/atlanta/calendar/event/20260408/cefd621e-5fa5-44f4-bed6-c009507723a0/leslie-jamie-make-it-weird-how-to-navigate-life-creatively
Atlanta,https://patch.com/georgia/atlanta/calendar/event/20260409/7961dd43-d4ed-40cc-bd2d-bdb152a6aefd/georgia-tech-baseball-vs-florida-state-baseball
Atlanta,https://patch.com/georgia/atlanta/calendar/event/20260410/2df00aa6-7e43-4e63-9af5-da29ea4b2e66/new-incommunity-exhibit-at-woodruff-arts-center-celebrates-individual-artists
Atlanta,https://patch.com/georgia/atlanta/calendar/event/20260410/af222b73-9915-4eab-a9be-5e450daf3c62/spring-break-staycations-are-on-par-at-puttshack-atlanta
Atlanta,https://patch.com/georgia/atlanta/calendar/event/20260410/02fca0c0-b39b-4d9b-9274-041021cdbcbb/spring-break-staycations-are-on-par-at-puttshack-dunwoody
Atlanta,https://patch.com/georgia/atlanta/calendar/event/20260410/7883620e-0d32-4c65-9c65-1d70af7c0f91/georgia-tech-mens-tennis-vs-clemson
Atlanta,https://patch.com/georgia/atlanta/calendar/event/20260410/5827be43-59d7-4782-bf40-b0c76c71fb97/seong-jin-cho-at-spivey-hall
Atlanta,https://patch.com/georgia/atlanta/calendar/event/20260410/659d598c-2f31-457e-8ded-a15bdb30ddc3/patrick-bartley-with-gsu-jazz-band
Atlanta,https://patch.com/georgia/atlanta/calendar/event/20260411/0e29f948-6653-48df-875f-c2275ed38d4f/new-incommunity-exhibit-at-woodruff-arts-center-celebrates-individual-artists
Atlanta,https://patch.com/georgia/atlanta/calendar/event/20260411/37928a3a-2329-4bb5-8e2e-e14f48ad9bd6/the-2026-youth-explosion
Atlanta,https://patch.com/georgia/atlanta/calendar/event/20260411/88761ba9-5d8a-417f-99a6-7af72fbf69bb/a-morning-of-coffee-connection-coffee-social-at-chichera-mexican-kitchen
Atlanta,https://patch.com/georgia/atlanta/calendar/event/20260411/3caafb2f-b234-4eb4-a09d-51c0c89da67c/spring-festival-on-ponce-returns-to-olmsted-linear-park-this-april-april-11-12
Atlanta,https://patch.com/georgia/atlanta/calendar/event/20260411/0f847bf0-4e3a-431e-94d3-a6421496933a/petsmart-dunwoody-dog-adoption-event
Atlanta,https://patch.com/georgia/atlanta/calendar/event/20260411/cc5dd42d-2b92-4afb-b373-5956ccf07592/pet-supplies-plus-lilburn-dog-adoption-event
Atlanta,https://patch.com/georgia/atlanta/calendar/event/20260411/86f908e0-6195-483e-a2ca-a9861508153d/petsmart-norcross-dog-adoption-event
Atlanta,https://patch.com/georgia/atlanta/calendar/event/20260411/6eae4fa4-72f7-4f5f-b457-8f620ef95e81/petsmart-alpharetta-dog-adoption-event
Atlanta,https://patch.com/georgia/atlanta/calendar/event/20260411/7d910bcf-4720-461b-be01-f10df7bdcca2/petting-zoo-painters
Atlanta,https://patch.com/georgia/atlanta/calendar/event/20260412/d736a5c8-b7db-46ab-8e76-bd76f7672f2b/wine-spirit-education-trust-level-i-award-in-sake
Nashville,https://patch.com/tennessee/nashville/calendar/event/20260408/75c9cd73-ec6f-4178-8688-da838457baf6/booze-bootleggers-banshees-music-citys-haunted-pub-crawl
Nashville,https://patch.com/tennessee/nashville/calendar/event/20260410/c054d4d1-f00c-4b2a-b06d-c9e37baa9ff0/adult-swim-a-comedy-variety-show
Nashville,https://patch.com/tennessee/nashville/calendar/event/20260411/a881c794-88dc-4d0a-9dc3-1627cfb90ed8/herb-society-of-nashville-annual-herb-and-plant-sale
Nashville,https://patch.com/tennessee/nashville/calendar/event/20260411/3761c4cb-88cc-4f7d-8d84-2d82b8fda0f0/donot-stop-half-marathon-5k-10k-nashville
Nashville,https://patch.com/tennessee/nashville/calendar/event/20260411/e1cec59a-830e-4874-831e-bdf00f26cffe/mini-moves-open-house
Nashville,https://patch.com/tennessee/nashville/calendar/event/20260411/6c82e31a-87b2-4e42-b5dd-a4416db0e10f/native-plant-sale
Nashville,https://patch.com/tennessee/nashville/calendar/event/20260411/de0ded6d-f1ee-4942-9849-004812e83bfe/an-evening-with-daisy
Nashville,https://patch.com/tennessee/nashville/calendar/event/20260411/ff4b7db7-04d9-4437-ae95-61542f2469c8/catherine-bach-daisy-duke-nashville
Nashville,https://patch.com/tennessee/nashville/calendar/event/20260411/5be2b61a-e559-43c7-a513-6dc5b1253607/ice-cream-cocktail-mixology-tipsy-scoop-nashville-spring-swing
Nashville,https://patch.com/tennessee/nashville/calendar/event/20260411/fe973548-c8b7-49b1-9a8e-60633611e17a/knockdown-professional-kickboxing
Nashville,https://patch.com/tennessee/nashville/calendar/event/20260412/fc32bf02-5d64-496c-a7cf-3ef5dc3a8168/boozy-sundae-decorating-class-nashville
Nashville,https://patch.com/tennessee/nashville/calendar/event/20260415/5a3282dc-b831-400c-af83-43804fb24d52/panel-discussion-the-oprys-comedy-tradition-with-henry-cho-and-gary-mule-deer
Nashville,https://patch.com/tennessee/nashville/calendar/event/20260418/86e70d52-62bd-409b-a5a5-e70aedff91d7/nashville-spring-market
Nashville,https://patch.com/tennessee/nashville/calendar/event/20260418/21514471-beec-4743-9fbb-14ca0e7cf96c/celebrate-spring-family-events-this-april-at-tanger-outlets-nashville
Nashville,https://patch.com/tennessee/nashville/calendar/event/20260418/325eca21-eabf-4eed-92e7-d23ae88b1614/tanger-outlets-nashville-celebrates-earth-day-with-spring-family
Nashville,https://patch.com/tennessee/nashville/calendar/event/20260418/96e4be85-5495-45d1-ad65-8b3fc0f3aff9/baby-keem-the-ca-ino-tour
Nashville,https://patch.com/tennessee/nashville/calendar/event/20260421/1bc3fd4f-52e7-4099-81fd-8e69463c806d/roomful-of-teeth-gabriel-kahane
Nashville,https://patch.com/tennessee/nashville/calendar/event/20260421/05db367f-192e-4218-808f-935b92f093fe/booze-bootleggers-banshees-music-citys-haunted-pub-crawl
Nashville,https://patch.com/tennessee/nashville/calendar/event/20260422/eaf1a780-aaa7-4175-8574-6ff37ebb58a0/middle-tennessee-go-red-for-women-luncheon
Nashville,https://patch.com/tennessee/nashville/calendar/event/20260422/44ee6d38-c5ed-461b-ad07-1cb0d2e280b8/curren-y-the-winners-circle-tour-w-the-747-band-fendi-p-and-stoney-jackson
Austin,https://patch.com/texas/downtownaustin/calendar/event/20260408/bd92c54f-3237-421d-bbbf-f690a766c37c/austin-young-professionals-network-hosts-spring-into-connections-networking-event
Austin,https://patch.com/texas/downtownaustin/calendar/event/20260408/dbc23b8a-350f-4050-a4a5-a82a34bb2b89/concordia-university-texas-the-gathering
Austin,https://patch.com/texas/downtownaustin/calendar/event/20260408/8a6b98f1-12b2-4332-ae18-7f91474080ea/resound-presents-femtanyl-w-takihasdied-and-friends-tba-at-29th-street-ballroom-on-4-8
Austin,https://patch.com/texas/downtownaustin/calendar/event/20260408/712cdc46-b132-44b7-b8b9-242aafb934a3/resound-antones-present-southern-avenue-at-antone-s-on-4-8
Austin,https://patch.com/texas/downtownaustin/calendar/event/20260408/02c4bef2-fcc4-4d8b-908e-a2c5f916cee5/resound-presents-touch-amor-stage-four-10-year-anniversary-at-mohawk-on-4-8
Austin,https://patch.com/texas/downtownaustin/calendar/event/20260408/057c0331-d158-417f-a631-cd6326902b3c/resound-presents-knifeplay-w-fawn-at-hotel-vegas-on-4-8
Austin,https://patch.com/texas/downtownaustin/calendar/event/20260409/60e49916-98c6-4d36-8d0c-185ac6402c7f/nouvel-heritage-personal-appearance-and-extended-trunk-show-at-zadok-jewelers
Austin,https://patch.com/texas/downtownaustin/calendar/event/20260409/c2c4eadc-e5df-49ff-ad10-10667363f0f8/meet-the-maker-bourbon-tasting-and-bottle-signing-with-charlie-garrison
Austin,https://patch.com/texas/downtownaustin/calendar/event/20260409/c74db89d-4faa-43e6-86b1-9ccb137a21cc/resound-presents-my-life-with-the-thrill-kill-kult-w-light-asylum-die-sexual-devora-and-heavy-h
Austin,https://patch.com/texas/downtownaustin/calendar/event/20260409/f4def968-a071-4c19-baa5-94ac1c18d72e/paint-night-done-right-austin-paint-and-sip-by-classpop
Austin,https://patch.com/texas/downtownaustin/calendar/event/20260409/df5b686c-502d-4191-8d5b-0246a15469cd/resound-presents-vial-w-alex-vile-at-29th-st-ballroom-on-4-9
Austin,https://patch.com/texas/downtownaustin/calendar/event/20260409/0e984ba7-b4e2-4300-b458-ad6da54dc260/high-school-musical-jr
Austin,https://patch.com/texas/downtownaustin/calendar/event/20260410/29b19a41-1fe0-4d94-bda3-6ca76ca70dcd/meet-the-maker-bourbon-tasting-and-bottle-signing-with-charlie-garrison
Austin,https://patch.com/texas/downtownaustin/calendar/event/20260410/f0b31df9-949e-48be-a99b-32a0888c81a5/giovannie-the-hired-guns
Austin,https://patch.com/texas/downtownaustin/calendar/event/20260410/ae7ba043-9227-4eac-806e-ab1b71a43d7f/candlelight-tribute-to-adele
Austin,https://patch.com/texas/downtownaustin/calendar/event/20260410/5333ec0a-a8b1-4b5e-b2d7-39c8e40baa08/resound-presents-remember-sports-at-29th-street-ballroom-on-4-10
Austin,https://patch.com/texas/downtownaustin/calendar/event/20260410/ab304fc0-d999-413f-b8cc-df81853c73a4/paint-sip-night
Austin,https://patch.com/texas/downtownaustin/calendar/event/20260410/96419d99-087a-4928-a272-82af139eacdd/enjoy-free-live-music-at-the-ruby-hotel-bar-on-april-10
Austin,https://patch.com/texas/downtownaustin/calendar/event/20260410/4be87edf-77c4-49b5-8d16-d3e627f17131/superman-2025-community-cinema
Austin,https://patch.com/texas/downtownaustin/calendar/event/20260410/ebd66369-0808-4772-b09a-63f0a17dc47e/buku-shwilly-wu-tsu-fabrik-dirty-jackie
Orlando,https://patch.com/florida/orlando/calendar/event/20260408/88fed68d-e509-4988-b994-60934900a201/caribbean-restaurant-orlando-fl
Orlando,https://patch.com/florida/orlando/calendar/event/20260408/dd873647-64ae-4f95-872e-cf7cf07f2cec/ocls-the-moogician-cow-medy-show
Orlando,https://patch.com/florida/orlando/calendar/event/20260408/4148af1b-58c6-4cd5-baf2-43fbcddb4525/snap-send-solve-decoding-real-world-dental-dilemmas
Orlando,https://patch.com/florida/orlando/calendar/event/20260409/36dcdc05-cd5f-4e5e-a62f-1ec18f505409/candlelight-mozart-vs-beethoven
Orlando,https://patch.com/florida/orlando/calendar/event/20260409/985c0480-2428-4925-af2c-e2f09e5b1861/candlelight-tribute-to-the-beatles
Orlando,https://patch.com/florida/orlando/calendar/event/20260410/5d35c017-7ce8-4078-a76e-f533470766fa/free-bra-fittings-to-support-breast-cancer-awareness
Orlando,https://patch.com/florida/orlando/calendar/event/20260410/9690fabd-8a5a-431d-83bc-7b9feb2a80b5/candlelight-tribute-to-bad-bunny
Orlando,https://patch.com/florida/orlando/calendar/event/20260410/af633230-ab8f-4631-b0b9-ba2fb8741f91/heated-rivalry-dance-party
Orlando,https://patch.com/florida/orlando/calendar/event/20260410/160d348a-fdd3-4bf2-8fcf-747081e263d1/candlelight-tribute-to-taylor-swift
Orlando,https://patch.com/florida/orlando/calendar/event/20260411/a9d1f2a2-211b-471f-be04-27bf11b59e9e/stem-adventures-at-kiddie-academy-of-lake-nona
Orlando,https://patch.com/florida/orlando/calendar/event/20260411/ade586a7-e79d-424a-8fb8-71e69b88804c/stem-adventures-at-kiddie-academy-of-hunters-creek
Orlando,https://patch.com/florida/orlando/calendar/event/20260411/20f2be6f-388c-4da0-9edc-5407029c71db/sensory-friendly-hour-at-dave-busters
Orlando,https://patch.com/florida/orlando/calendar/event/20260411/8240da4b-b68e-4ee7-97ab-848db99a5440/whiskey-wonder-at-disney-springs
Orlando,https://patch.com/florida/mount-dora-fl/calendar/event/20260412/66a4b301-8c62-4e18-9340-1fbc30a84be3/mount-dora-ice-cream-stroll-and-pup-walk-spring-26
Orlando,https://patch.com/florida/orlando/calendar/event/20260412/97fc1368-378c-4f46-939b-234236a874c6/bethune-cookman-universitys-spring-concert-to-open-inauguration-festivities
Orlando,https://patch.com/florida/orlando/calendar/event/20260413/413b2501-d2ae-4bcc-8f84-6be1c72e90bc/bethune-cookman-university-to-host-inauguration-scholarship-gala-on-april-13
Orlando,https://patch.com/florida/orlando/calendar/event/20260415/d347436a-aeaa-4644-b225-c0535ea6b908/smarter-senior-seminar-series-financial-ways-to-survive
Orlando,https://patch.com/florida/orlando/calendar/event/20260416/c42685ac-4443-4aef-a694-821467d4df8d/beauty-with-a-purpose-drive
Orlando,https://patch.com/florida/orlando/calendar/event/20260416/bd13b2c8-6471-4f33-aefd-9213b5df2dc7/candlelight-tribute-to-adele
Orlando,https://patch.com/florida/orlando/calendar/event/20260416/accd1126-9b78-450a-aa9e-0caa22789116/candlelight-queen-vs-abba
Nashville,https://patch.com/tennessee/nashville/calendar/event/20260423/6f595324-a1f5-45b1-b69d-c6c811678155/jazz-empowers-2026-nashville-gala
Nashville,https://patch.com/tennessee/nashville/calendar/event/20260424/7d08e359-c4bf-40f6-929a-33501a502bbe/music-city-home-expo-april-24th-26th-2026
Nashville,https://patch.com/tennessee/nashville/calendar/event/20260424/acf0fc93-4bda-4311-82a8-be8f5aad3c3a/i-love-you-but-i-chose-the-maine
Nashville,https://patch.com/tennessee/nashville/calendar/event/20260424/b87ac6f2-83dd-4003-bc25-d915b0971249/an-evening-with-jimmy-webb
Nashville,https://patch.com/tennessee/nashville/calendar/event/20260425/081f97f7-d2d9-4012-b612-c85dc30fbebe/bubble-run-nashville-2026
Nashville,https://patch.com/tennessee/nashville/calendar/event/20260425/347c87c4-be0a-4a7c-85e8-39fc498f8a5b/americas-ride-to-remember-poker-run
Nashville,https://patch.com/tennessee/nashville/calendar/event/20260425/ab1238b3-7d36-4087-898e-8193aca8f5dd/rock-n-roll-brunch-n-beats
Nashville,https://patch.com/tennessee/nashville/calendar/event/20260425/51315e4c-24ba-4651-8dcc-b2c889956d18/songwriter-session-mark-irwin
Nashville,https://patch.com/tennessee/nashville/calendar/event/20260425/c08fa5bf-dcce-4eb2-b26e-fa6c9891b6a7/nashville-soccer-club-vs-charlotte-fc
Nashville,https://patch.com/tennessee/nashville/calendar/event/20260426/db457aef-1672-4624-9598-0e00d1571115/boozy-sundae-decorating-class-nashville
Nashville,https://patch.com/tennessee/nashville/calendar/event/20260426/77c1c19d-a26b-4977-9858-384c1f7494f3/picnic-with-the-library
Nashville,https://patch.com/tennessee/nashville/calendar/event/20260427/19ebf5f3-2f90-40a7-a9d1-531e068b30c0/two-feet-the-next-steps-tour
Nashville,https://patch.com/tennessee/nashville/calendar/event/20260502/2e522479-cae6-4f74-8d7f-43dcf6f3d6f8/get-moven-5k-retro-run
Nashville,https://patch.com/tennessee/nashville/calendar/event/20260507/951e675b-3e7e-4b45-a940-b21e3e00ec81/2026-whib-1st-u-s-tour-go-up-our-era-in-nashville
Nashville,https://patch.com/tennessee/nashville/calendar/event/20260509/85fd8ae0-f3d2-476e-b54a-91eab5748ece/family-program-line-dancing
Nashville,https://patch.com/tennessee/nashville/calendar/event/20260509/165412e4-e5b3-4a45-97de-943d8d2f9c70/mother-me-ice-cream-cocktail-mixology-class
Nashville,https://patch.com/tennessee/nashville/calendar/event/20260509/33680906-3fbd-484f-b741-61d35f387b3c/songwriter-session-caroline-jones
Nashville,https://patch.com/tennessee/nashville/calendar/event/20260509/c4211e19-84fb-46b5-8270-872d977791fa/book-talk-and-performance-won-t-back-down-with-erin-osmon-and-stephen-wilson-jr
Nashville,https://patch.com/tennessee/nashville/calendar/event/20260509/87c2317b-1c8c-49f0-a8fd-19c8d30780bb/nashville-soccer-club-vs-d-c-united
Nashville,https://patch.com/tennessee/nashville/calendar/event/20260510/2223d3a5-468e-475a-a0c6-757c7ee33036/momma-mia-boozy-disco-brunch
Atlanta,https://patch.com/georgia/atlanta/calendar/event/20260412/8e780abf-cba0-43bd-a8ef-60e7ff6b95d2/3180-presidential-dr-atlanta-ga-30340
Atlanta,https://patch.com/georgia/atlanta/calendar/event/20260412/3dbaba9f-3e2f-465d-a005-a1743ee6c513/health-care-matters-a-non-partisan-community-discussion-on-healthcare
Atlanta,https://patch.com/georgia/atlanta/calendar/event/20260412/502cb854-bed3-451b-b11b-9a10c1e23be2/pet-supplies-plus-buford-dog-adoption-event
Atlanta,https://patch.com/georgia/atlanta/calendar/event/20260412/447e659e-561c-473f-8d0b-66bf9f260416/adopt-shop-dog-adoption-event
Atlanta,https://patch.com/georgia/atlanta/calendar/event/20260412/9c983759-956e-4944-9ed3-72e6e007073e/the-nook-dog-adoption-event
Atlanta,https://patch.com/georgia/atlanta/calendar/event/20260412/0500f197-f326-42c6-b84f-9d7a315f3cdc/opera-countertenor-john-holiday
Atlanta,https://patch.com/georgia/atlanta/calendar/event/20260414/fad5b028-90e0-4fca-921b-af2145507c5f/ben-jerrys-free-cone-day
Atlanta,https://patch.com/georgia/atlanta/calendar/event/20260414/e0f3179d-212e-44b4-9b4c-a0075989b190/ga-20-with-jontavious-willis
Atlanta,https://patch.com/georgia/atlanta/calendar/event/20260415/85f89568-6050-4753-97d8-18290592bcca/spring-homeschool-academy-at-zoo-atlanta-k-12
Atlanta,https://patch.com/georgia/atlanta/calendar/event/20260415/1f16e070-4bd1-4ecf-937f-8221d91bfea1/sushi-making-with-chef-jennifer-at-a-local-wine-bar-cooking-class-by-classpop
Atlanta,https://patch.com/georgia/atlanta/calendar/event/20260415/0bc3b7ad-de42-4230-b104-d0224f30375a/sushi-making-with-chef-jennifer-at-a-local-wine-bar-cooking-class-by-classpop
Atlanta,https://patch.com/georgia/atlanta/calendar/event/20260415/56592023-d71c-45ef-8d87-576962775ce0/sushi-making-with-chef-jennifer-at-a-local-wine-bar-cooking-class-by-classpop
Atlanta,https://patch.com/georgia/atlanta/calendar/event/20260415/5a88ca62-9291-46f7-9733-0a4f0684f4b3/sushi-making-with-chef-jennifer-at-a-local-wine-bar-cooking-class-by-classpop
Atlanta,https://patch.com/georgia/atlanta/calendar/event/20260416/9ce0f410-c4ec-47f0-b5d1-7a80352e9d7d/adventure-cubs
Atlanta,https://patch.com/georgia/atlanta/calendar/event/20260416/8439e6ad-727a-4207-8ace-a887adbdf4e5/mutts-putts-dog-adoption-event
Atlanta,https://patch.com/georgia/atlanta/calendar/event/20260416/86cbab74-a764-4e09-b0a0-0897935c68ba/sip-sculpt
Atlanta,https://patch.com/georgia/atlanta/calendar/event/20260417/bd042384-10b1-4b88-92f9-60b13b3537d0/georgia-tech-track-field
Atlanta,https://patch.com/georgia/atlanta/calendar/event/20260417/822f910b-eb5f-4128-bff7-4d390613d619/new-incommunity-exhibit-at-woodruff-arts-center-celebrates-individual-artists
Atlanta,https://patch.com/georgia/atlanta/calendar/event/20260417/051c6a8f-f604-4144-b828-eb1e093ec62d/sigma-chi-psi-sorority-inc-announces-5-year-anniversary-celebration-in-atlanta-ga
Atlanta,https://patch.com/georgia/atlanta/calendar/event/20260417/e95058ef-6c02-4416-96c4-045f0fbf9898/alliance-theatres-bernhardt-theatre-for-the-very-young
Orlando,https://patch.com/florida/orlando/calendar/event/20260417/cd04ec38-2aeb-40e0-bf61-24e9cd2b7a5c/history-after-dark-90s-night
Orlando,https://patch.com/florida/orlando/calendar/event/20260417/275e156a-e8c6-4308-9f22-f51880cfd39d/harbor-nights-primavera
Orlando,https://patch.com/florida/orlando/calendar/event/20260417/7282d729-7f0b-4fe9-8536-df0e6b119ed9/the-jazz-room-a-tribute-to-frank-sinatra-louis-armstrong
Orlando,https://patch.com/florida/orlando/calendar/event/20260418/91381c63-205f-40d9-a39a-58e1ad8566f7/adventhealth-elevate-5k-corporate-challenge-presented-by-integrity-roofing
Orlando,https://patch.com/florida/orlando/calendar/event/20260418/6ae1aef7-42d3-463b-8c14-46fabfdcde7d/rock-mineral-gem-jewelry-fossil-show
Orlando,https://patch.com/florida/orlando/calendar/event/20260418/f5939942-640a-428a-a80c-80b4ea2a5ae7/ocls-fantastic-fossils-washington-park-fossil-club
Orlando,https://patch.com/florida/orlando/calendar/event/20260419/d43f3e0f-e35c-4412-a709-38270f385cfc/candlelight-coldplay-imagine-dragons
Orlando,https://patch.com/florida/orlando/calendar/event/20260419/2e9e0e91-953e-44dd-a64f-d3070d03a9ac/candlelight-the-best-of-hans-zimmer
Orlando,https://patch.com/florida/orlando/calendar/event/20260422/76b9cd08-e183-49f5-8a99-c24790f3bf56/goodwill-to-connect-job-seekers-with-employers-on-april-22
Orlando,https://patch.com/florida/orlando/calendar/event/20260423/4037c88e-949d-4ad5-9401-b7b9c514be67/the-tribute-to-prince-returns-to-the-wharf-april-23rd-on-sale-now
Orlando,https://patch.com/florida/orlando/calendar/event/20260423/163ef8c1-d17f-47cd-a926-74de7ee03989/candlelight-tribute-to-bad-bunny
Orlando,https://patch.com/florida/orlando/calendar/event/20260423/c47ebe6d-52d8-477e-8fe8-d206abd1d4d3/candlelight-best-of-bridgerton-on-strings
Orlando,https://patch.com/florida/orlando/calendar/event/20260424/d2b3188d-87bb-4608-80cd-b7cf47c6465b/homes-fore-all-golf-tournament-presented-by-pultegroup
Orlando,https://patch.com/florida/orlando/calendar/event/20260424/3909354b-97c5-44ce-9410-7ff270457cae/19th-annual-author-series-tess-gerritsen
Orlando,https://patch.com/florida/orlando/calendar/event/20260424/2aa6ae1b-2549-44d6-8dcd-c8d0a0617b7f/one-direction-dance-party
Orlando,https://patch.com/florida/orlando/calendar/event/20260424/bd35ac03-b4fc-4ce2-bcd9-3417a20dbdae/candlelight-tribute-to-jos-jos
Orlando,https://patch.com/florida/orlando/calendar/event/20260425/9f40deda-bd9f-468a-a668-dadb284befbe/crohn-s-colitis-take-steps-awareness-walk
Orlando,https://patch.com/florida/clermont-fl/calendar/event/20260425/2d7bea1f-5b25-45d0-bd8e-b8c1dfb8ab7c/27th-annual-world-tai-chi-qigong-day-celebration
Orlando,https://patch.com/florida/orlando/calendar/event/20260425/cb50c22b-fe8e-476c-ae28-a59081c4c2d2/erikas-tea-room
Orlando,https://patch.com/florida/orlando/calendar/event/20260425/1d05afe7-9080-424c-b62a-0f73ec262e53/candlelight-babies-classical-sounds-to-stimulate-little-minds
Austin,https://patch.com/texas/downtownaustin/calendar/event/20260410/03e74c4b-ad98-40ee-877f-83de86c7863f/comedy-gold
Austin,https://patch.com/texas/downtownaustin/calendar/event/20260410/b2055d3f-952e-452f-95b9-3a7f5661b59f/candlelight-a-tribute-to-taylor-swift
Austin,https://patch.com/texas/downtownaustin/calendar/event/20260411/bb826845-73c2-4e92-81ad-9bd65c425b66/2026-the-spring-cleanup
Austin,https://patch.com/texas/downtownaustin/calendar/event/20260411/8529b6af-caa0-469c-90ef-40c92f142fd8/waterloo-greenway-presents-morning-glories-earth-day-edition
Austin,https://patch.com/texas/downtownaustin/calendar/event/20260411/db9753ca-0ccb-4082-8c52-882b6888f202/blanton-all-day-code-this
Austin,https://patch.com/texas/downtownaustin/calendar/event/20260411/141d5835-bd3b-4d0c-83f9-ef655565db46/vista-brewing-8th-anniversary-party
Austin,https://patch.com/texas/downtownaustin/calendar/event/20260411/88301dab-aa22-4414-8029-22623c9fa681/little-house-market-at-hotel-san-jose
Austin,https://patch.com/texas/downtownaustin/calendar/event/20260411/0a163c13-8423-407b-acd8-67041662b618/atx-blues-brunch-aaron-stephen-bradley-thomas
Austin,https://patch.com/texas/downtownaustin/calendar/event/20260411/619be3ed-bb33-4104-a3e4-8fb8b3bc8b7b/curators-choice
Austin,https://patch.com/texas/downtownaustin/calendar/event/20260411/a8753ff2-2ef0-457c-a522-91064bc45610/art-with-an-expert-sharon-louden
Austin,https://patch.com/texas/downtownaustin/calendar/event/20260411/91ef84de-b940-4c06-a44d-5e265433a649/ray-wylie-hubbard-live-at-haute-spot
Austin,https://patch.com/texas/downtownaustin/calendar/event/20260411/3b98b86b-89b0-4516-9d53-93a9acfb9f77/the-dinner-detective-true-crime-murder-mystery-dinner-show-austin-tx
Austin,https://patch.com/texas/downtownaustin/calendar/event/20260411/4757a07e-2f60-4ba2-a04e-5a36866917e4/the-ruby-hotel-bar-hosts-live-music-saturday-featuring-jj-plasencio
Austin,https://patch.com/texas/downtownaustin/calendar/event/20260411/16daae2b-3319-4cdc-b5ba-ec36d6435812/resound-presents-indigo-de-souza-at-mohawk-on-4-11
Austin,https://patch.com/texas/downtownaustin/calendar/event/20260411/83f8df73-0acf-4a95-9978-5a2a42d292a5/resound-presents-ryan-davis-the-roadhouse-band-w-water-damage-at-sagebrush-on-4-11
Austin,https://patch.com/texas/downtownaustin/calendar/event/20260411/09019473-fcb3-4333-b16c-a53ea652c07e/the-spotlight-comedy-show
Austin,https://patch.com/texas/downtownaustin/calendar/event/20260412/f5f90d2a-af93-491e-aeb0-203b22e79947/5th-annual-driftwood-heritage-festival-at-vista-brewing
Austin,https://patch.com/texas/downtownaustin/calendar/event/20260412/20e953a1-34bb-4373-9bda-4ff0e287210c/jazz-jam-session
Austin,https://patch.com/texas/downtownaustin/calendar/event/20260413/1cf23eb3-e294-4be3-9718-d50e2ad7615a/infrastructure-summit
Austin,https://patch.com/texas/downtownaustin/calendar/event/20260413/5271ad12-91bc-44b1-a604-3d2ced44476b/2026-butler-texas-young-masters-celebration
Austin,https://patch.com/texas/downtownaustin/calendar/event/20260414/8adde795-0e72-481a-99f1-649df0d6ddb2/resound-and-live-nation-present-the-moss-at-mohawk-on-4-14-26
Austin,https://patch.com/texas/downtownaustin/calendar/event/20260414/46b01253-4bc0-42bb-9e57-755a4e325d46/resound-presents-hirs-commitment-at-29th-street-ballroom-on-4-14
Austin,https://patch.com/texas/downtownaustin/calendar/event/20260414/f596695c-9168-4062-a788-dd4cbdeef94e/resound-presents-caroline-kingsbury-w-bershy-at-brushy-street-commons-on-4-14
Austin,https://patch.com/texas/downtownaustin/calendar/event/20260414/e90c77fd-fd91-48d8-ad32-3f062477cea7/mamma-mia
Austin,https://patch.com/texas/downtownaustin/calendar/event/20260415/7dc9010e-32f2-4992-aade-cdcb50b61376/homebuying-101
Austin,https://patch.com/texas/downtownaustin/calendar/event/20260415/0bacaa02-c75a-4192-9739-11f9722fe957/resound-presents-surfer-girl-w-doublecamp-and-dylan-cotrone-at-29th-st-ballroom-on-4-15
Austin,https://patch.com/texas/downtownaustin/calendar/event/20260416/83a1e156-3537-4191-a8b0-14f4ac886851/everclear-live-at-haute-spot
Austin,https://patch.com/texas/downtownaustin/calendar/event/20260416/8a997026-16bf-41b6-aabf-e46beb4f657d/resound-presents-gridiron-at-29th-street-ballroom-on-4-16
Austin,https://patch.com/texas/downtownaustin/calendar/event/20260416/e99e04fd-b5cf-46b6-a54b-64d7b4c91f0a/resound-presents-mgna-crrrta-w-tommy-fleece-at-brushy-street-commons-on-4-16
Austin,https://patch.com/texas/downtownaustin/calendar/event/20260416/31c766e1-af0b-4b60-840f-4a864497e817/little-women-by-kate-hamill
Austin,https://patch.com/texas/downtownaustin/calendar/event/20260417/ee823486-40a0-4a55-a79e-5f69cd1ad279/lives-remembered-black-history-in-pease-park
Austin,https://patch.com/texas/downtownaustin/calendar/event/20260417/b6a14602-838d-4517-93cb-a203af6053b4/georgetown-s-spring-art-stroll-returns-april-17-2026
Austin,https://patch.com/texas/downtownaustin/calendar/event/20260417/91168b46-9a55-47a4-8504-edcd8aa67e8e/resound-presents-daniel-romanos-outfit-w-uni-boys-at-29th-street-ballroom-on-4-17
Austin,https://patch.com/texas/downtownaustin/calendar/event/20260417/89292472-2255-44c5-80bb-15feb34edaf1/hair-metal-giants-live-at-haute-spot
Austin,https://patch.com/texas/downtownaustin/calendar/event/20260417/d1a632bf-90a3-45e1-99c5-8456a82fbfb8/resound-presents-faetooth-w-latter-and-soap-box-derby-at-brushy-street-commons-on-4-17
Austin,https://patch.com/texas/downtownaustin/calendar/event/20260417/b2b66028-da9e-4927-9454-2cc7c1d31f2e/resound-presents-victor-jones-at-mohawk-on-4-17
Austin,https://patch.com/texas/downtownaustin/calendar/event/20260417/e87eb9cf-2b11-4a5c-abba-f0af583b4c1c/acmc-friends
Austin,https://patch.com/texas/downtownaustin/calendar/event/20260418/e53f7d0b-cd0d-41c5-82c1-4407eb0c0e1c/2026-27-job-fair
Austin,https://patch.com/texas/downtownaustin/calendar/event/20260418/94d0ea76-d4eb-4ed9-985b-931651c0ff95/dowell-ranch-nature-walk
Austin,https://patch.com/texas/downtownaustin/calendar/event/20260418/692013ef-bd1f-4282-94d5-c815bd9d857c/travis-county-parks-foundation-to-host-4th-annual-for-the-love-of-parks-festival
Orlando,https://patch.com/florida/orlando/calendar/event/20260426/9c0f7b30-04e7-47de-a2e2-17e9593d1fa4/brechner-speaker-series-tracing-florida-journeys-with-leslie-kemp-poole
Orlando,https://patch.com/florida/orlando/calendar/event/20260426/e71be1bc-4362-4771-acdf-b82e4d9f850e/candlelight-the-best-of-joe-hisaishi
Orlando,https://patch.com/florida/orlando/calendar/event/20260430/b3fc56f2-fc9e-46e5-a592-da944b0bdbd8/candlelight-queen-vs-abba
Orlando,https://patch.com/florida/orlando/calendar/event/20260501/a9310f81-159d-4ccb-8697-4871be37b662/lunch-learn-lue-gim-gong
Orlando,https://patch.com/florida/orlando/calendar/event/20260502/fee7cc59-126c-4f10-9ac7-0cc700236a13/free-access-day-america-250-celebration
Orlando,https://patch.com/florida/orlando/calendar/event/20260503/58cd49b4-6d33-4dd2-94a0-bbf3e4ebd699/christian-johnson
Orlando,https://patch.com/florida/orlando/calendar/event/20260504/41aedf4e-87a4-4c28-b9b9-7368e0138486/may-the-4th-be-with-you-a-galactic-dinner-cruise-aboard-the-barbara-lee
Orlando,https://patch.com/florida/orlando/calendar/event/20260505/aba8df65-933b-4d55-9704-54d073f79c6e/6th-annual-cinco-de-mayo-street-party
Orlando,https://patch.com/florida/orlando/calendar/event/20260505/513b1d30-fa15-49d0-bef2-3c3fb6497aa4/cinco-de-mayo-mexican-buffet-cruise-launch
Orlando,https://patch.com/florida/orlando/calendar/event/20260508/70104407-858a-4de2-a79a-ec9a4f8d85da/candlelight-coldplay-imagine-dragons
Orlando,https://patch.com/florida/orlando/calendar/event/20260508/1e5d5c6c-93cd-44cf-9185-ba506ff29a6c/quest-inc-celebrates-30-years-of-wine-quest
Orlando,https://patch.com/florida/orlando/calendar/event/20260508/895c5204-2a65-48eb-8d09-3860dc0371e5/candlelight-90s-hip-hop-on-strings
Orlando,https://patch.com/florida/orlando/calendar/event/20260509/9d35af2c-52f6-4885-aa42-0b837c6fe353/quest-inc-celebrates-30-years-of-wine-quest
Orlando,https://patch.com/florida/orlando/calendar/event/20260512/d2584c2f-5ea9-40e6-a2b7-c7505e726946/bridgerton-high-tea-lunch-cruise-aboard-the-barbara-lee
Orlando,https://patch.com/florida/orlando/calendar/event/20260514/79e0ad27-33bb-492c-a020-5ce1dbe0acc8/candlelight-the-best-of-hans-zimmer
Orlando,https://patch.com/florida/orlando/calendar/event/20260514/b02f3fd9-d3b4-429d-a3f2-3de799a5acf4/candlelight-tribute-to-jos-jos-mex
Orlando,https://patch.com/florida/orlando/calendar/event/20260516/5628c93b-4d08-4151-bc97-becb0a8fe577/second-harvest-food-bank-to-host-5th-annual-ultimate-garden-party-on-may-16
Orlando,https://patch.com/florida/orlando/calendar/event/20260516/8072e416-0fd6-47f0-8b63-d3c4006f912b/oifw-preview-art-avant-garde-fashion-show
Orlando,https://patch.com/florida/orlando/calendar/event/20260516/b9054a38-002a-4b36-a42e-294e3790d98c/candlelight-the-best-of-hans-zimmer
Orlando,https://patch.com/florida/orlando/calendar/event/20260517/3c1f58e3-0893-4e06-a576-fbbb1128d0a3/brechner-speaker-series-in-patriotic-fashion-the-fun-and-quirky-side-of-centennial-celebrations
Atlanta,https://patch.com/georgia/atlanta/calendar/event/20260417/6a8ff7db-9899-4095-a16e-76dde7ab0beb/atlanta-home-remodeling-show-april-17th-19th-2026
Atlanta,https://patch.com/georgia/atlanta/calendar/event/20260417/67da3735-54bb-40ec-9104-e9aa3e3e0d7c/420-weekend-at-your-3rd-spot
Atlanta,https://patch.com/georgia/atlanta/calendar/event/20260417/e6e9e0f6-c1d5-456d-8211-6b9211a2d453/school-and-group-nightcrawler-overnight
Atlanta,https://patch.com/georgia/atlanta/calendar/event/20260417/fd163806-80be-4971-a48e-6e961774a002/3-by-3-a-tribute-to-willie-dixon-with-special-guest-mudcat-the-redeemers
Atlanta,https://patch.com/georgia/atlanta/calendar/event/20260418/d9355fc2-c063-4580-9de7-a8d65813b408/keeper-for-a-day-elephants
Atlanta,https://patch.com/georgia/atlanta/calendar/event/20260418/523e137d-c51f-4620-977a-a42d9e89e449/8th-annual-grove-park-foundation-5k
Atlanta,https://patch.com/georgia/atlanta/calendar/event/20260418/f4b7ad04-70ef-449c-a4db-ed1ca9d37e3b/new-incommunity-exhibit-at-woodruff-arts-center-celebrates-individual-artists
Atlanta,https://patch.com/georgia/atlanta/calendar/event/20260418/64d1d6b6-b892-47f7-a6fb-4165f1a2b74f/the-rube-goldberg-machine-contest
Atlanta,https://patch.com/georgia/atlanta/calendar/event/20260418/fedee631-c687-4c69-b641-ec4b90d11618/earth-day-at-the-center
Atlanta,https://patch.com/georgia/atlanta/calendar/event/20260418/63eb7999-fed7-4558-a6c8-890e2f8138c7/the-rube-goldberg-machine-contest-regional-qualifier
Atlanta,https://patch.com/georgia/atlanta/calendar/event/20260418/52494f2e-6656-46a4-a8d0-232c14506da2/hotel-phoenixs-guided-art-tour-experience
Atlanta,https://patch.com/georgia/atlanta/calendar/event/20260418/7e0db7bc-954f-45dd-aef4-89e5d8c398bd/fire-maker-brewery-6th-grand-iversary
Atlanta,https://patch.com/georgia/atlanta/calendar/event/20260418/6dcc032e-e797-4f65-a480-3e38dbdb7089/petsmart-camp-creek-dog-adoption-event
Atlanta,https://patch.com/georgia/atlanta/calendar/event/20260418/6c419bc6-07a6-4fd0-a3bd-6eae314c60e3/georgia-tech-football-white-gold-game
Atlanta,https://patch.com/georgia/atlanta/calendar/event/20260418/0826af4c-4d2f-47f8-abce-005fb2dc8941/420-weekend-at-your-3rd-spot
Atlanta,https://patch.com/georgia/atlanta/calendar/event/20260418/95d03bc7-ac3a-441c-a0bc-58f588af5eb8/moondog-pub-grub-dog-adoption-event
Atlanta,https://patch.com/georgia/atlanta/calendar/event/20260418/3930fef3-667d-4559-ac9a-854e897697e7/the-dinner-detective-true-crime-murder-mystery-dinner-show-atlanta-ga
Atlanta,https://patch.com/georgia/atlanta/calendar/event/20260418/4caa8413-a8ff-4856-895e-db49364114d0/yo-yo-ma-brings-an-evening-with-yo-yo-ma-reflections-in-words-and-music-to-the-fox-theatre-on-apr
Atlanta,https://patch.com/georgia/atlanta/calendar/event/20260418/c4eebd0d-1c74-4ddd-90f7-db31137f8636/cut-corners-2-year-anniversary-with-ysheso-and-cc-residents
Atlanta,https://patch.com/georgia/atlanta/calendar/event/20260419/e3be4c75-792f-468c-b420-83c005b429f4/mornings-at-the-zoo
Nashville,https://patch.com/tennessee/nashville/calendar/event/20260510/b7cbc906-7b1a-4e99-ad1f-30c2b6b91277/family-program-embellished-instruments
Nashville,https://patch.com/tennessee/nashville/calendar/event/20260510/43bcfeb8-a4e0-4294-a2e6-eb477d3a2999/juvenile-s-boiling-point-album-release-tour-with-the-400-degreez-band-special-guests
Nashville,https://patch.com/tennessee/nashville/calendar/event/20260516/7df22ebc-e9ba-4acc-94d9-903db2359dde/half-toberfest-at-breeden-s-orchard
Nashville,https://patch.com/tennessee/nashville/calendar/event/20260517/b4c8ea7f-d786-4062-a8bf-00168d1c910b/nashville-soccer-club-vs-los-angeles-football-club
Nashville,https://patch.com/tennessee/nashville/calendar/event/20260519/6988b442-27ef-4863-9b88-28f7b5a9b6c8/tech-n9ne-x-e-40-strange-wid-it-tour-2026
Nashville,https://patch.com/tennessee/nashville/calendar/event/20260520/bec52d47-5154-4928-8844-56cc60476735/alyssa-edwards-thanks-for-everything-tour-2026
Nashville,https://patch.com/tennessee/nashville/calendar/event/20260522/f629b582-4523-4a77-bd1f-f1d6bd686ba8/candlelight-tribute-to-drake
Nashville,https://patch.com/tennessee/nashville/calendar/event/20260523/96abad9b-3157-4eb0-bc16-4d17b6d311cc/nashville-soccer-club-vs-new-york-city-football-club
Nashville,https://patch.com/tennessee/nashville/calendar/event/20260526/3c948698-9e0d-4ba8-a66a-a87f8904fdc1/the-kid-laroi-a-perfect-world-tour
Nashville,https://patch.com/tennessee/nashville/calendar/event/20260527/e35ffed0-c679-42c8-aeae-1665939f54c9/deep-end-live-taylor-welch-jake-brian-jamie-winship-wendy-backlund
Nashville,https://patch.com/tennessee/nashville/calendar/event/20260530/197db9bf-aa89-4d33-873f-f548ae4e7d61/hometown-half-marathon-5k-10k-nashville
Nashville,https://patch.com/tennessee/nashville/calendar/event/20260606/a00f030a-5d9e-4016-a4f0-70f87f55ac41/nashville-tn-virtual-esophageal-cancer-walk-run
Nashville,https://patch.com/tennessee/nashville/calendar/event/20260627/c18fd9a2-06e0-45c9-b305-e19a0b8f978a/treat-trot-nashville
Nashville,https://patch.com/tennessee/nashville/calendar/event/20260717/1a121fe3-b117-486a-98ca-495a78a0c422/nashville-soccer-club-vs-atlanta-united-fc
Nashville,https://patch.com/tennessee/nashville/calendar/event/20260722/da02ca14-c6dd-45bd-b891-cc9294254be8/nashville-soccer-club-vs-cf-montreal
Nashville,https://patch.com/tennessee/nashville/calendar/event/20260815/356e24db-0782-4f53-9f01-3da10816b980/nashville-soccer-club-vs-inter-miami-cf
Nashville,https://patch.com/tennessee/nashville/calendar/event/20260821/0b867c95-8514-448d-8821-25ab789ae397/roomful-of-teeth-gabriel-kahane
Nashville,https://patch.com/tennessee/nashville/calendar/event/20260822/8839b906-112c-42a4-85c2-fa7f8eee4148/nashville-soccer-club-vs-columbus-crew
Nashville,https://patch.com/tennessee/nashville/calendar/event/20260829/4a6f1105-6430-4091-8a11-7f5092a7515c/nashville-soccer-club-vs-fc-cincinnati
Nashville,https://patch.com/tennessee/nashville/calendar/event/20260919/0a421fe7-47e4-4436-bb7a-3c8224e5e1f1/nashville-soccer-club-vs-chicago-fire-fc
Nashville,https://patch.com/tennessee/nashville/calendar/event/20260926/8b890bf6-4443-4a49-8260-14bce0bd45f8/nashville-soccer-club-vs-toronto-fc
Nashville,https://patch.com/tennessee/nashville/calendar/event/20261014/f0c13a66-8e27-4bd0-a564-cd0262d0c86e/nashville-soccer-club-vs-sporting-kansas-city
Nashville,https://patch.com/tennessee/nashville/calendar/event/20261028/fa229964-5b35-4d99-b48f-84305c146935/nashville-soccer-club-vs-philadelphia-union
Nashville,https://patch.com/tennessee/nashville/calendar/event/20261101/225b3aa6-c879-4cc1-aec7-54efe5a324d2/nashville-soccer-club-vs-new-york-red-bulls
Nashville,https://patch.com/tennessee/nashville/calendar/event/20261115/5dcbf12d-db0b-4a1d-a1a0-2b70be0f5eee/camp-registration-open-for-kids-with-disabilities-lifelong-illnesses-center-for-courageous-kids
Orlando,https://patch.com/florida/orlando/calendar/event/20260522/e9324bae-356e-4730-ab63-1967123fe649/promenade-at-sunset-walk-memorial-4-day-weekend
Orlando,https://patch.com/florida/orlando/calendar/event/20260524/27789a6e-c390-48a6-8537-e338ec8149fc/sensory-sunday-summer-soiree
Orlando,https://patch.com/florida/orlando/calendar/event/20260528/5da494ac-0498-4dfa-b17d-4d2a9bc4c51d/umpire-unmasked-a-comedy-show-with-vincent-chapman
Orlando,https://patch.com/florida/orlando/calendar/event/20260605/48176373-2d2f-457b-bc69-05d4902dfd7c/corey-holcomb
Orlando,https://patch.com/florida/orlando/calendar/event/20260606/b5d87907-fdf3-4163-a5c8-97bab53e7a3b/treat-trot-orlando
Orlando,https://patch.com/florida/orlando/calendar/event/20260606/2484305e-e76b-44de-98d1-9bca1b69eb29/orlando-international-fashion-week-presents-626-euphoria
Orlando,https://patch.com/florida/orlando/calendar/event/20260606/dc35fce6-d3a3-43b3-9d20-61abf64e77b4/corey-holcomb
Orlando,https://patch.com/florida/orlando/calendar/event/20260612/d58971c5-d847-4d00-85c8-e4d980feb0fa/trae-crowder
Orlando,https://patch.com/florida/orlando/calendar/event/20260614/9c6014d5-879f-433c-b6a5-12edb9a2204d/candlelight-tribute-to-jos-jos
Orlando,https://patch.com/florida/orlando/calendar/event/20260617/6f7c37ef-ae20-4ec7-ae8c-4a26f4eb6e7e/christopher-titus-doomed-to-repeat
Orlando,https://patch.com/florida/orlando/calendar/event/20260625/6ec84048-a1a6-4ce9-bc6e-c9bb57aa362a/candlelight-coldplay-imagine-dragons
Orlando,https://patch.com/florida/orlando/calendar/event/20260704/740aad9b-3a66-4bb1-b561-179d0105f6c6/adventhealth-clermont-freedom-5k-presented-by-live-trends-design-group
Orlando,https://patch.com/florida/orlando/calendar/event/20260814/a9f493fd-69dd-4f4e-ad59-b28ea8637e08/don-dc-curry
Orlando,https://patch.com/florida/orlando/calendar/event/20260815/6112d8e6-f62b-4f89-a2f2-00fcf6060251/don-dc-curry
Orlando,https://patch.com/florida/orlando/calendar/event/20261001/e4b0aeb8-e277-4f1f-aec5-a60045dde58b/gabriel-rutledge
Orlando,https://patch.com/florida/orlando/calendar/event/20261025/81a54fa2-58f8-4a0a-ba83-1d72562d724d/adventhealth-clermont-clay-15k-5k-presented-by-livetrends-design-group
Orlando,https://patch.com/florida/orlando/calendar/event/20261126/e7fab93c-d2e0-4048-8f2d-097ff9c1e540/adventhealth-turkey-trot-5k-10k-presented-by-livetrends-design-group
Atlanta,https://patch.com/georgia/atlanta/calendar/event/20260419/f05c50c5-46de-40cb-b096-0b8e1440f711/new-incommunity-exhibit-at-woodruff-arts-center-celebrates-individual-artists
Atlanta,https://patch.com/georgia/atlanta/calendar/event/20260419/55d0e9d1-1a96-4ca4-ac48-04345b8973b6/shops-of-dunwoody-farmers-market-dog-adoption-event
Atlanta,https://patch.com/georgia/atlanta/calendar/event/20260419/1da044b1-a100-4c9b-b5fe-bcbf92135632/market-in-the-park-debuts-in-grant-park-earth-day-weekend
Atlanta,https://patch.com/georgia/atlanta/calendar/event/20260419/e802cc4d-d4f1-4865-8099-6f50f458f063/create-custom-candles-with-instructor-jocelyn-candle-making-class-by-classpop
Atlanta,https://patch.com/georgia/atlanta/calendar/event/20260419/f791023e-5ef9-43ad-9064-120292bbf278/create-custom-candles-with-instructor-jocelyn-candle-making-class-by-classpop
Atlanta,https://patch.com/georgia/atlanta/calendar/event/20260419/a5dc9cd5-062f-4cea-b247-8cf2cac6ea0c/420-weekend-at-your-3rd-spot
Atlanta,https://patch.com/georgia/atlanta/calendar/event/20260419/d7eafc85-7948-412e-8fd3-45fbfc297352/raise-the-roof-the-fiddler-jazz-sessions-with-the-joe-alterman-trio
Atlanta,https://patch.com/georgia/atlanta/calendar/event/20260419/ea9fb4aa-ba73-41d8-b4f8-a0d9628a6083/themestock-14-sizable
Atlanta,https://patch.com/georgia/atlanta/calendar/event/20260421/034dfb9c-36f6-4d5c-9268-6dee20c2b11a/design-adac
Atlanta,https://patch.com/georgia/atlanta/calendar/event/20260421/e31929ad-2e75-4598-b92b-81fd4bae5d4c/design-adac-keynote-event-the-sanctuary-of-nature-indoors-and-out
Atlanta,https://patch.com/georgia/atlanta/calendar/event/20260421/1f57207c-623b-43a1-877c-3493a82348ac/design-adac-keynote-event-the-finishing-touch-elevating-interiors-with-purpose
Atlanta,https://patch.com/georgia/atlanta/calendar/event/20260421/2efc0b14-a49e-4ecd-aac7-066dfe5cfb89/dinner-a-movie
Atlanta,https://patch.com/georgia/atlanta/calendar/event/20260421/eb8baecc-c1f0-4a99-82a3-71fe2731aa29/glenn-hughes-with-enuff-znuff-and-dead-groove
Atlanta,https://patch.com/georgia/atlanta/calendar/event/20260422/cd29012a-7937-4ad7-8d0d-7f73d205d750/keeper-for-a-day-reptiles-and-amphibians
Atlanta,https://patch.com/georgia/atlanta/calendar/event/20260422/67041387-3681-402a-8507-c3a04c3aa011/the-inflatable-zoo
Atlanta,https://patch.com/georgia/atlanta/calendar/event/20260422/d3a670f6-323d-41c5-b7a8-8221460638f2/design-adac-keynote-event-originality-vs-algorithm-authenticity-in-an-ai-world
Atlanta,https://patch.com/georgia/atlanta/calendar/event/20260422/dbffdf5c-f5b2-43c1-8577-d6a7449de1e0/design-adac-keynote-event-the-art-of-the-unexpected-designing-with-personality-purpose
Atlanta,https://patch.com/georgia/atlanta/calendar/event/20260422/704da009-dd62-4abf-8ec9-5311135d7b07/design-adac-keynote-event-southeast-designers-architect-of-the-year-finalists-celebration
Atlanta,https://patch.com/georgia/atlanta/calendar/event/20260422/8541938c-6cfd-4384-ab1e-e5f7b3ed458f/4-course-turkish-wine-dinner-at-efendi
Atlanta,https://patch.com/georgia/atlanta/calendar/event/20260423/5a135cdc-62f6-4492-83cc-e78456ad405e/design-adac-keynote-event-creating-prosperity-at-home
Austin,https://patch.com/texas/downtownaustin/calendar/event/20260418/f96c4582-8276-4a97-b72d-2b419a48d7f9/raku-workshop-at-feats-of-clay-pottery
Austin,https://patch.com/texas/downtownaustin/calendar/event/20260418/d6f7522b-9579-420b-b4ff-e58bb5f35bf2/midday-music-presents-rodgers-and-hammersteins-cinderella-preview
Austin,https://patch.com/texas/downtownaustin/calendar/event/20260418/a94ea78b-972f-48be-b68b-5a21826b4f15/pop-up-picnic-2026
Austin,https://patch.com/texas/downtownaustin/calendar/event/20260418/65307044-08d8-476f-9ddc-8d061c3bfc4d/garrison-brothers-supper-club
Austin,https://patch.com/texas/downtownaustin/calendar/event/20260418/3ab1a013-1e2b-4b70-b8e0-30dd5fd79f13/big-head-todd-and-the-monsters-live-at-haute-spot
Austin,https://patch.com/texas/downtownaustin/calendar/event/20260418/1e4df5a2-9ff2-4e15-8dbe-dce26018875e/acmc-friends
Austin,https://patch.com/texas/downtownaustin/calendar/event/20260418/84a41af3-c5d9-46ac-9015-ae400953e43d/resound-presents-voxtrot-at-mohawk-on-4-18
Austin,https://patch.com/texas/downtownaustin/calendar/event/20260419/23560a11-b6d9-41b9-9d13-71af03c241a7/treefolks-annual-friends-and-family-picnic
Austin,https://patch.com/texas/downtownaustin/calendar/event/20260419/06a7d3f1-1563-48ae-8582-ae6476414a14/resound-presents-the-belair-lip-bombs-dust-at-29th-st-ballroom-on-4-19
Austin,https://patch.com/texas/downtownaustin/calendar/event/20260420/441502f1-1fde-431b-88af-d10f97df1c2a/breadmaking-class-at-lazarus-brewing-austin
Austin,https://patch.com/texas/downtownaustin/calendar/event/20260420/b12537f8-8d5b-4a0e-96ef-303a5dfcc72d/pipes-workshop-at-feats-of-clay-pottery
Austin,https://patch.com/texas/downtownaustin/calendar/event/20260421/c6f8dfac-c1f3-4366-9d3a-baa9e36d8140/violet-crown-trail-community-walk
Austin,https://patch.com/texas/downtownaustin/calendar/event/20260421/ea2e73d6-e4ea-40dd-84d4-2e197109d9f1/midday-music-presents-the-alternative-improvisation-music-ensemble
Austin,https://patch.com/texas/downtownaustin/calendar/event/20260421/24655ae6-91ac-4d71-8e83-f49be8c36328/music-as-an-economic-force
Austin,https://patch.com/texas/downtownaustin/calendar/event/20260421/ca2ac082-9a1a-4f97-8157-9de14a0504e3/resound-presents-return-to-dust-w-druidess-at-29th-street-ballroom-on-4-21
Austin,https://patch.com/texas/downtownaustin/calendar/event/20260421/ff6e19ad-7b20-4eb8-ac22-88b86f70b853/an-evening-with-shafer-vineyards
Austin,https://patch.com/texas/downtownaustin/calendar/event/20260421/00723e06-3638-4d1f-b768-ddf3ff69027d/breadmaking-class-at-zilker-brewing
Austin,https://patch.com/texas/downtownaustin/calendar/event/20260421/40fb91db-50e2-49e5-9bd8-fcdf90da6d5b/resound-presents-la-dispute-at-mohawk-on-4-21
Austin,https://patch.com/texas/downtownaustin/calendar/event/20260421/e9563454-69ec-4277-a683-c6c62b6c2847/resound-heard-presents-vnv-nation-at-empire-garage-on-4-21
Austin,https://patch.com/texas/downtownaustin/calendar/event/20260422/da00d483-c210-4987-bc2f-49e7bca6b2ad/central-texas-affordability-summit
Austin,https://patch.com/texas/downtownaustin/calendar/event/20260422/9d622f15-f138-4678-9a4e-077e39473437/breadmaking-class-at-meanwhile-brewing
Austin,https://patch.com/texas/downtownaustin/calendar/event/20260422/e95f20e9-97e9-444b-a192-b2b8c69b5d64/breadmaking-class-at-meanwhile-brewing
Austin,https://patch.com/texas/downtownaustin/calendar/event/20260423/106ccb37-8b3c-4dcd-8623-0d31d4275bb5/paint-night-done-right-austin-paint-and-sip-by-classpop
Austin,https://patch.com/texas/downtownaustin/calendar/event/20260423/1f4edc24-3c79-42d4-8714-51b8926c4989/breadmaking-class-at-pinthouse-brewing
Austin,https://patch.com/texas/downtownaustin/calendar/event/20260423/ab4f60ee-4cc7-40f9-ae02-64f56c17955d/candlelight-coldplay-imagine-dragons
Austin,https://patch.com/texas/downtownaustin/calendar/event/20260423/983fbdee-33c3-4400-9d11-c6d70fc2f21e/resound-presents-tourist-at-mohawk-on-4-23
Austin,https://patch.com/texas/downtownaustin/calendar/event/20260423/cedb2d4d-072f-4886-8e14-77400bd54988/resound-presents-never-ending-fall-at-empire-control-room-on-4-23
Austin,https://patch.com/texas/downtownaustin/calendar/event/20260423/867c6a3d-5ad3-43f0-a072-36b781c61133/resound-presents-adult-at-29th-st-ballroom-on-4-23
Austin,https://patch.com/texas/downtownaustin/calendar/event/20260423/e93a2bf2-3a99-45f2-9164-3ad100973abc/resound-presents-the-crane-wives-w-lilith-max-at-radio-east-on-4-23
Austin,https://patch.com/texas/downtownaustin/calendar/event/20260423/55f582f9-ab2b-44b1-89d4-d0ef6f55c18b/candlelight-the-best-of-hans-zimmer
Austin,https://patch.com/texas/downtownaustin/calendar/event/20260424/c0482797-cdba-4c99-a6cf-4394b15a570d/onion-creek-clean-up-with-great-springs-project
Austin,https://patch.com/texas/downtownaustin/calendar/event/20260424/314e41f9-a76a-4026-a46a-6cd8f5d86b50/georgetown-s-27th-annual-red-poppy-festival-returns-april-24-26
Austin,https://patch.com/texas/downtownaustin/calendar/event/20260424/d590b4fd-392a-4b13-aec3-c577630d657f/sara-evans-at-haute-spot
Austin,https://patch.com/texas/downtownaustin/calendar/event/20260424/a068a37d-3da4-452e-a492-043004f7f638/resound-presents-foxtide-at-29th-street-ballroom-on-4-24
Austin,https://patch.com/texas/downtownaustin/calendar/event/20260424/cfc91218-a8e6-4f23-946c-163e65450d84/live-nation-resound-presents-cobrah-at-radio-east-on-4-24
Austin,https://patch.com/texas/downtownaustin/calendar/event/20260424/606cb503-c5ed-4ea6-b673-40542c0311b5/comedy-gold
Austin,https://patch.com/texas/downtownaustin/calendar/event/20260424/7b8d8180-2d7d-48de-959d-d396f7361d1d/resound-presents-dizgo-at-29th-st-ballroom-on-4-24
Austin,https://patch.com/texas/downtownaustin/calendar/event/20260425/e73c030a-be23-4066-9365-10830d627399/26th-annual-austin-dragon-boat-festival
Austin,https://patch.com/texas/downtownaustin/calendar/event/20260425/da46f613-47f2-469b-a15e-490bc995c48f/market-dayz
Austin,https://patch.com/texas/downtownaustin/calendar/event/20260425/9c62b949-e0ee-4d32-82dc-eec7718952a0/the-dinner-detective-true-crime-murder-mystery-dinner-show-austin-tx
Atlanta,https://patch.com/georgia/atlanta/calendar/event/20260423/6240a9a7-ad4d-457d-b759-d699ff06a592/design-adac-keynote-event-balancing-act-blending-traditional-and-contemporary-elements-to-achieve
Atlanta,https://patch.com/georgia/atlanta/calendar/event/20260423/61d9a911-d623-405a-b7f4-87d737d9894c/caribbean-cookbook-dinner
Atlanta,https://patch.com/georgia/atlanta/calendar/event/20260423/1d12fa7d-3cb6-4334-9a96-ea60a23e1f52/buena-vida-en-blanco
Atlanta,https://patch.com/georgia/atlanta/calendar/event/20260423/081c8785-47d1-4866-ad60-ae8953bf7536/sushi-sake-featuring-o-ku
Atlanta,https://patch.com/georgia/atlanta/calendar/event/20260424/f6f570d7-c39c-45df-98de-3abc1cd5273b/new-incommunity-exhibit-at-woodruff-arts-center-celebrates-individual-artists
Atlanta,https://patch.com/georgia/atlanta/calendar/event/20260424/c66af1b4-f92f-40ab-80f5-dac59e98ebf4/school-and-group-nightcrawler-overnight
Atlanta,https://patch.com/georgia/atlanta/calendar/event/20260424/a0294ff0-4559-4840-a980-9bd2c8bac503/cochren-co-at-rialto-center
Atlanta,https://patch.com/georgia/atlanta/calendar/event/20260425/78a49993-d54d-4d09-ba81-5c951075f128/no-limits-pickleball-challenge
Atlanta,https://patch.com/georgia/atlanta/calendar/event/20260425/f99ae78b-e1cc-4bd3-99bd-37c069ffa797/run-like-wild-5k-zoo-atlanta
Atlanta,https://patch.com/georgia/atlanta/calendar/event/20260425/5b7b3e59-1669-4f1b-856b-edc3b9ecd921/pancan-purplestride-atlanta-2026
Atlanta,https://patch.com/georgia/atlanta/calendar/event/20260425/3598549d-307e-41c3-a652-67c234ca4adc/mel-robbins-let-them-2026-tour-coming-to-the-fox-theatre-april-25-and-26
Atlanta,https://patch.com/georgia/atlanta/calendar/event/20260425/c89de9bc-74c1-48c3-ba5b-aa624451d6d1/new-incommunity-exhibit-at-woodruff-arts-center-celebrates-individual-artists
Atlanta,https://patch.com/georgia/atlanta/calendar/event/20260425/973d7a88-76d2-4e5c-b289-9dba11951f1b/roswell-taco-tequila-bar-crawl-3rd-annual-april-25th-by-bar-crawl-usa
Atlanta,https://patch.com/georgia/atlanta/calendar/event/20260425/b2bcfdb7-a690-4e12-869b-579ecf33e69c/an-afternoon-of-international-tea
Atlanta,https://patch.com/georgia/atlanta/calendar/event/20260425/242bd726-4fbc-43a6-bae8-1ec7bdfd11ec/petsmart-tucker-dog-adoption-event
Atlanta,https://patch.com/georgia/atlanta/calendar/event/20260425/58b52c98-4f12-4282-9726-d9f89a819959/the-dinner-detective-true-crime-murder-mystery-dinner-show-atlanta-ga
Atlanta,https://patch.com/georgia/atlanta/calendar/event/20260426/d2c9ab04-fb37-4222-8950-b2730a7cce04/trainer-for-a-day-world-of-wild-theater
Atlanta,https://patch.com/georgia/atlanta/calendar/event/20260426/a7b0ab65-9e03-4f79-9430-69c66810c66b/new-incommunity-exhibit-at-woodruff-arts-center-celebrates-individual-artists
Atlanta,https://patch.com/georgia/atlanta/calendar/event/20260426/2fa0c118-0ae6-4321-8fa7-13bc9b028f71/girls-on-the-run-5k-presented-by-assurant
Atlanta,https://patch.com/georgia/atlanta/calendar/event/20260426/6101185b-a9d1-4138-b603-3d834c3146fd/petsmart-roswell-dog-adoption-event
Atlanta,https://patch.com/georgia/atlanta/calendar/event/20260426/ba62b863-3d74-49da-9cf7-913beae1e965/trees-atlanta-at-the-museum
Atlanta,https://patch.com/georgia/atlanta/calendar/event/20260426/f96c59ea-408d-4a7b-9c06-bed0ad9ab8ee/sushi-making-with-chef-jennifer-at-a-local-wine-bar-cooking-class-by-classpop
Atlanta,https://patch.com/georgia/atlanta/calendar/event/20260426/28e49ef5-8cce-4779-8008-2a4df13afb84/sushi-making-with-chef-jennifer-at-a-local-wine-bar-cooking-class-by-classpop
Atlanta,https://patch.com/georgia/atlanta/calendar/event/20260426/1795125f-b96b-422c-8a22-93e98ebfc443/sushi-making-with-chef-jennifer-at-a-local-wine-bar-cooking-class-by-classpop
Atlanta,https://patch.com/georgia/atlanta/calendar/event/20260426/281086a8-27ac-4a54-a422-5a8120d82fc8/sushi-making-with-chef-jennifer-at-a-local-wine-bar-cooking-class-by-classpop
Atlanta,https://patch.com/georgia/atlanta/calendar/event/20260426/58dbe0b1-53eb-43fc-a4a4-b5af2cc6b036/spring-sip-pintxos-tasting-at-the-betty
Atlanta,https://patch.com/georgia/atlanta/calendar/event/20260427/274dc3b6-8d41-47b4-97e6-eb50a0c69f8c/mix-mingle-with-cobb-county-business-bootcamp
Atlanta,https://patch.com/georgia/atlanta/calendar/event/20260427/49dcebd0-7a5c-4e68-83c7-270c52b5d995/elephant-wild-encounter-at-zoo-atlanta
Atlanta,https://patch.com/georgia/atlanta/calendar/event/20260430/0f612d5a-4351-497a-9e35-7e8f0cfe5979/keeper-for-a-day-elephants
Atlanta,https://patch.com/georgia/atlanta/calendar/event/20260430/eb9988ab-81c1-4da9-9be1-c9b8cd41af80/experience-adventure-at-netherworld-s-epic-escape-room-games
Atlanta,https://patch.com/georgia/atlanta/calendar/event/20260430/4fb1ad70-5b0d-43cb-94a9-eb7e135bb871/celele-x-madre-selva-one-year-anniversary-dinner-with-guest-chef-jaime-david-rodrguez
Atlanta,https://patch.com/georgia/atlanta/calendar/event/20260430/c7d17b81-fc2c-4392-8561-1b0e5bbf8148/deadline-kia-hbcu-scholarship-with-the-hall
Atlanta,https://patch.com/georgia/atlanta/calendar/event/20260501/94c12d88-66be-4600-ac1b-9b441b9e2204/new-incommunity-exhibit-at-woodruff-arts-center-celebrates-individual-artists
Atlanta,https://patch.com/georgia/atlanta/calendar/event/20260501/0b1cafd2-2649-450a-a92a-8f9cf2be3450/yeison-landero
Atlanta,https://patch.com/georgia/atlanta/calendar/event/20260502/ca48326f-645e-439d-95e7-ecb71b653e80/whine-walk-run-5k-international-food-festival-2026
Atlanta,https://patch.com/georgia/atlanta/calendar/event/20260502/45384fe1-23cd-4fb5-bb8e-1edf56b746fe/new-incommunity-exhibit-at-woodruff-arts-center-celebrates-individual-artists
Atlanta,https://patch.com/georgia/atlanta/calendar/event/20260502/18e0377c-4457-44fc-a2cd-c24201ed14a9/adventure-cubs
Atlanta,https://patch.com/georgia/atlanta/calendar/event/20260502/c9933420-93b5-40cf-8291-9a5b1ce77e52/bloom-browse-and-be-inspired-at-roswell-spring-arts-festival-may-2-3
Atlanta,https://patch.com/georgia/atlanta/calendar/event/20260502/dd51dc26-1311-4ce5-b1ed-914b21b4942c/the-taco-crawl-presented-by-bar-crawl-usa
Atlanta,https://patch.com/georgia/atlanta/calendar/event/20260503/2b434c2c-e480-4a22-bd44-5dafe34c24cb/new-incommunity-exhibit-at-woodruff-arts-center-celebrates-individual-artists
Austin,https://patch.com/texas/downtownaustin/calendar/event/20260425/dcb9a688-cfe6-4081-ab78-0bbfa192937e/big-texas-comedy-showcase
Austin,https://patch.com/texas/downtownaustin/calendar/event/20260425/8513eaad-8d1b-4817-94b5-cb42a5506892/shania-twang-shania-tribute-live-at-haute-spot
Austin,https://patch.com/texas/downtownaustin/calendar/event/20260425/82740e4f-c225-49b4-8434-a59b366f0798/resound-presents-cass-mccombs-at-29th-st-ballroom-on-4-25
Austin,https://patch.com/texas/downtownaustin/calendar/event/20260425/851c6d6b-e95f-4186-970f-8181ada362f8/resound-presents-son-rompe-pera-at-brushy-street-commons-on-4-25
Austin,https://patch.com/texas/downtownaustin/calendar/event/20260425/1e98d40c-a8e3-48bf-aeae-ceafbba535d6/resound-presents-cut-worms-at-mohawk-on-4-25
Austin,https://patch.com/texas/downtownaustin/calendar/event/20260426/15a9555a-fb88-4041-90b5-42f242d01a33/donot-stop-half-marathon-5k-10k-austin
Austin,https://patch.com/texas/downtownaustin/calendar/event/20260427/c18a7f7e-fa49-4786-8ae6-2ee13ade0a71/mothing-at-pease-park-with-dr-curtis-eckerman
Austin,https://patch.com/texas/downtownaustin/calendar/event/20260428/ffb0758b-3748-4e85-a6d2-d2e3f1183c61/introduction-to-rainwater-harvesting
Austin,https://patch.com/texas/downtownaustin/calendar/event/20260428/91160682-dd74-499c-82db-3b2d3451d4a4/monarch-conservation-webinar-series-milkweed-biodiversity-exceptional-plants-and-natural-history
Austin,https://patch.com/texas/downtownaustin/calendar/event/20260428/354b418d-58c7-48cc-9d72-cd5fd6652b1f/resound-presents-inner-wave-los-mesoneros-at-mohawk-on-4-28
Austin,https://patch.com/texas/downtownaustin/calendar/event/20260428/d6bcdae5-efc1-45c0-b33d-d054b79aa285/sincerely-sondheim
Austin,https://patch.com/texas/downtownaustin/calendar/event/20260429/2cfb43fe-0ace-4c84-b845-1fc505a81276/resound-antones-present-la-santa-cecilia-at-antone-s-on-4-29
Austin,https://patch.com/texas/downtownaustin/calendar/event/20260430/04cd2b6c-351f-47f2-aaf6-d0c1c84e576c/mark-chesnutt-at-haute-spot
Austin,https://patch.com/texas/downtownaustin/calendar/event/20260430/2fdae6fe-9a30-4318-8f96-e81f41f3751c/live-nation-resound-presents-dogs-in-a-pile-at-mohawk-on-4-30
Austin,https://patch.com/texas/downtownaustin/calendar/event/20260501/a9bee6e0-78e9-4cd4-98f1-e6c4cef9e6cc/the-oz-experience-in-austin-escape-the-wicked-glitch
Austin,https://patch.com/texas/downtownaustin/calendar/event/20260501/7b24dfe2-cf55-494d-8839-4570185c77d1/blue-genie-art-bazaar-s-annual-may-market-returns-to-austin
Austin,https://patch.com/texas/downtownaustin/calendar/event/20260501/a8b32e2b-1217-4c7b-b918-fa143404e059/texas-wine-auction-weekend
Austin,https://patch.com/texas/downtownaustin/calendar/event/20260501/8758c91a-5eb4-4d4b-b9c3-58cb7e4e0dbb/ted-nugent-live-at-haute-spot
Austin,https://patch.com/texas/downtownaustin/calendar/event/20260501/686921a3-c014-42c0-9a15-59736a1acbe8/resound-presents-courtney-barnett-w-truman-sinclair-at-radio-east-on-5-1
Austin,https://patch.com/texas/downtownaustin/calendar/event/20260501/aa9564be-a523-4a54-b6ea-72de68fa669f/resound-presents-soul-blind-w-split-chain-downward-and-dream-fatigue-at-29th-st-on-5-1
Austin,https://patch.com/texas/downtownaustin/calendar/event/20260502/4f9e0474-5b92-489a-bf60-af7deed22fa4/resound-presents-ritt-momney-at-brushy-street-commons-on-5-2
Austin,https://patch.com/texas/downtownaustin/calendar/event/20260502/6b702620-374b-4a84-b65b-f10ea88a34d5/resound-presents-pentagram-at-mohawk-on-5-2
Austin,https://patch.com/texas/downtownaustin/calendar/event/20260502/8d3a5e85-e887-4e64-8ecd-148a37d907e7/resound-presents-circle-jerks-w-mugger-and-criminal-assault-at-29th-st-ballroom-on-5-2
Austin,https://patch.com/texas/downtownaustin/calendar/event/20260502/fddb775a-9a98-4e21-b7c0-6264a06b1828/resound-presents-kawaii-rave-at-kingdom-on-5-2
Austin,https://patch.com/texas/downtownaustin/calendar/event/20260503/9323f6a4-7853-4d93-90d4-831aa3e28cd2/resound-presents-golden-a-k-pop-kids-party-matinee-at-mohawk-on-5-3
Austin,https://patch.com/texas/downtownaustin/calendar/event/20260503/1898f847-be37-4d43-b0a5-3734c0c5f4c3/paramount-theatre-and-resound-present-circle-jerks-x-repo-man-at-paramount-theatre-on-5-3
Austin,https://patch.com/texas/downtownaustin/calendar/event/20260505/3fd19cab-a16a-407c-b0fd-2f44022819cc/resound-presents-fishbone-at-mohawk-on-5-5
Austin,https://patch.com/texas/downtownaustin/calendar/event/20260506/83c8a795-0bae-4a28-9a81-ebc048b072a0/fredericksburg-food-wine-festival-restaurant-week
Austin,https://patch.com/texas/downtownaustin/calendar/event/20260507/9f179e3b-a20d-4dac-9b25-c724b41413c8/imbibe-whiskey-road-trip
Austin,https://patch.com/texas/downtownaustin/calendar/event/20260507/83ad2957-450b-43e3-8d3d-4c2edd23f47f/imbibe-whiskey-road-trip
Austin,https://patch.com/texas/downtownaustin/calendar/event/20260507/0ea976fa-f846-4cff-a372-d09bd24cceda/sinatra-under-the-stars-at-fairmont-austin
Austin,https://patch.com/texas/downtownaustin/calendar/event/20260508/77cd2a0c-4963-4c23-879f-2b183f4c4e07/austin-psych-fest-ft-the-flaming-lips-thee-sacred-souls-the-black-angels-diiv-melodys-echo-cha
Austin,https://patch.com/texas/downtownaustin/calendar/event/20260508/bfb4e99a-5f67-4301-a105-95e9c56af6ad/stoney-larue-live-at-haute-spot
Austin,https://patch.com/texas/downtownaustin/calendar/event/20260508/7cfbff05-e0f8-4ce4-a4af-75fa67d6428c/subciety-x-sub-culture-audio-presents-influx006
Austin,https://patch.com/texas/downtownaustin/calendar/event/20260508/19516fa6-e0b3-4249-8383-b927d68bd26d/resound-presents-jos-gonzlez-w-abby-sage-at-mohawk-on-5-8
Austin,https://patch.com/texas/downtownaustin/calendar/event/20260508/3c2f5195-aa75-468f-8654-8e9269eb6a70/resound-presents-gimme-gimme-disco-at-29th-street-ballroom-on-5-8
Austin,https://patch.com/texas/downtownaustin/calendar/event/20260509/0643a628-3ad5-402c-9c87-53a832fb359a/def-leggend-def-leppard-tribute
Austin,https://patch.com/texas/downtownaustin/calendar/event/20260509/7a586f2c-fdb5-4202-bd63-305b2e2372d7/the-dinner-detective-true-crime-murder-mystery-dinner-show-austin-tx
Austin,https://patch.com/texas/downtownaustin/calendar/event/20260509/1e7e5432-6134-4bfb-b02c-54436ebf8a66/resound-presents-subhumans-w-war-on-women-at-29th-st-ballroom-on-5-9
Austin,https://patch.com/texas/downtownaustin/calendar/event/20260509/1b93a212-de20-4dcb-9a26-734be2343858/resound-presents-portrayal-of-guilt-w-pageninetynine-taraneh-and-street-sects-at-mohawk-on-5-9
Atlanta,https://patch.com/georgia/atlanta/calendar/event/20260504/6b42ca55-b886-4780-8074-7261e5e1cdaf/submit-your-film-by-may-4th-mcdonough-storytellers-film-fest
Atlanta,https://patch.com/georgia/atlanta/calendar/event/20260505/103ccd93-322f-4d82-a94d-b301cce5359b/gra-golf-tournament
Atlanta,https://patch.com/georgia/atlanta/calendar/event/20260506/1eae829d-5298-4548-b6e2-9e3a7136dbab/spring-homeschool-academy-at-zoo-atlanta-k-12
Atlanta,https://patch.com/georgia/atlanta/calendar/event/20260506/53b5845e-59aa-47f8-afb5-1a4d76b9b4a4/magic-beyond-belief
Atlanta,https://patch.com/georgia/atlanta/calendar/event/20260506/271a2243-32c0-4081-a593-708446ebb558/medshares-humankind-2026
Atlanta,https://patch.com/georgia/atlanta/calendar/event/20260507/e8db5ad7-792f-4e34-872f-785bcab8cfe5/power-to-inspire-2026
Atlanta,https://patch.com/georgia/atlanta/calendar/event/20260508/b5aa45a4-8460-4256-9a5e-17fea520f7f9/new-incommunity-exhibit-at-woodruff-arts-center-celebrates-individual-artists
Atlanta,https://patch.com/georgia/atlanta/calendar/event/20260508/c12c612c-9302-41ca-8339-9699bc7d1034/no-comment-fellowship-apps-open-re-imagine-atl
Atlanta,https://patch.com/georgia/atlanta/calendar/event/20260508/ac8a6cc3-4ba1-46b4-806e-bcdb58dd3380/school-and-group-nightcrawler-overnight
Atlanta,https://patch.com/georgia/atlanta/calendar/event/20260508/1d974cec-efb0-45db-9c2d-0c267589034f/propel-atls-blinkie-awards
Atlanta,https://patch.com/georgia/atlanta/calendar/event/20260508/009dc261-d02f-4fa4-9c2b-07a9968d2580/motherhood-out-loud
Atlanta,https://patch.com/georgia/atlanta/calendar/event/20260509/46736e2e-23ea-4c5a-9bc6-facfbb536647/keeper-for-a-day-reptiles-and-amphibians
Atlanta,https://patch.com/georgia/atlanta/calendar/event/20260509/12876dcb-7ccb-4a8a-884c-15b135dec23b/midtown-race-for-mac
Atlanta,https://patch.com/georgia/atlanta/calendar/event/20260509/a9b61cdf-c1c1-4214-8f6b-a6b91bbeb079/new-incommunity-exhibit-at-woodruff-arts-center-celebrates-individual-artists
Atlanta,https://patch.com/georgia/atlanta/calendar/event/20260509/bf64de4e-e5fe-466f-9d14-fd0bdba86a89/celebrate-mother-s-day-weekend-at-chastain-park-spring-arts-festival-may-9-10
Atlanta,https://patch.com/georgia/atlanta/calendar/event/20260509/bacf7035-ee0a-4b5b-ae04-aec21fda5a68/motherhood-out-loud
Atlanta,https://patch.com/georgia/atlanta/calendar/event/20260509/71b828e3-783b-4935-b5de-319424232267/school-and-group-nightcrawler-overnight
Atlanta,https://patch.com/georgia/atlanta/calendar/event/20260509/27aa2de2-27c6-4fd0-ba56-fa7e32faef89/2026-mourning-glory-gala
Atlanta,https://patch.com/georgia/atlanta/calendar/event/20260509/558e7583-eba5-4f89-a8ec-cc0df62139ee/the-dinner-detective-true-crime-murder-mystery-dinner-show-atlanta-ga
Atlanta,https://patch.com/georgia/atlanta/calendar/event/20260510/868d184c-b3db-4c37-9100-0af46e4360e7/trainer-for-a-day-world-of-wild-theater
Austin,https://patch.com/texas/downtownaustin/calendar/event/20260511/cd60f5fe-cd49-493f-a044-59fdf87f15ef/resound-presents-grace-ives-at-brushy-street-commons-on-5-11
Austin,https://patch.com/texas/downtownaustin/calendar/event/20260512/0f64f201-3603-4918-9ac4-b35d607f862c/resound-presents-folk-bitch-trio-at-29th-street-ballroom-on-5-12
Austin,https://patch.com/texas/downtownaustin/calendar/event/20260512/e1af5f77-37c7-47b4-98da-f8ef3334ed85/resound-presents-grandaddy-at-mohawk-on-5-12
Austin,https://patch.com/texas/downtownaustin/calendar/event/20260512/14167561-7327-4a4c-85b4-c45d0df81972/the-wiz
Austin,https://patch.com/texas/downtownaustin/calendar/event/20260513/bd3b8787-4525-4183-acd5-eed081ef70b4/resound-presents-the-dear-hunter-w-closure-in-moscow-and-k-sera-at-mohawk-on-5-13
Austin,https://patch.com/texas/downtownaustin/calendar/event/20260513/c8fb723b-4436-452a-befe-7edddd28707b/resound-presents-cheerleader-roadkill-w-awannabe-and-moon-rules-apply-at-29th-st-ballroom-on-5-13
Austin,https://patch.com/texas/downtownaustin/calendar/event/20260514/b973072a-1664-4486-bd4a-ed7cf9c6d757/midday-music-presents-the-university-of-texas-chamber-winds
Austin,https://patch.com/texas/downtownaustin/calendar/event/20260514/75c6958d-9325-490c-877d-4c33ab345d85/blues-traveler-live-at-haute-spot
Austin,https://patch.com/texas/downtownaustin/calendar/event/20260514/2ce3d38e-27de-4800-bbee-6a8c981f0a23/paint-night-done-right-austin-paint-and-sip-by-classpop
Austin,https://patch.com/texas/downtownaustin/calendar/event/20260514/37b36d0f-c760-417f-b6a2-c5ad45ba172e/resound-presents-moe-at-mohawk-on-5-14
Austin,https://patch.com/texas/downtownaustin/calendar/event/20260514/078a88a8-9dc2-4550-9166-488f4be61dbc/resound-presents-quiet-light-at-29th-street-ballroom-on-5-14
Austin,https://patch.com/texas/downtownaustin/calendar/event/20260515/0ff2a2aa-be48-4102-a509-540156b463dc/red-not-chili-peppers
Austin,https://patch.com/texas/downtownaustin/calendar/event/20260515/63ba244a-11b8-4821-ab1a-1677b5f95e25/resound-presents-the-new-pornographers-w-will-sheff-of-okkervil-river-at-mohawk-on-5-15
Austin,https://patch.com/texas/downtownaustin/calendar/event/20260515/764f9d25-f6ff-4ee5-b3bf-4efa0364c0d6/resound-presents-easy-honey-at-29th-st-ballroom-on-5-15
Austin,https://patch.com/texas/downtownaustin/calendar/event/20260515/8159e2f4-38db-4587-9b49-661a0ba3c3e2/resound-presents-glixen-trauma-ray-w-keep-and-money-at-brushy-street-commons-on-5-15
Austin,https://patch.com/texas/downtownaustin/calendar/event/20260515/b4046bf8-e755-4461-8b4d-b29e2a39898b/freedom-unfinished-from-reckoning-to-joy
Austin,https://patch.com/texas/downtownaustin/calendar/event/20260516/0fda8793-0eda-479d-87e3-560f8571e788/muddy-dash-austin-2026
Austin,https://patch.com/texas/downtownaustin/calendar/event/20260516/170af272-0279-4941-8aa3-df6667d9fcd3/bag-of-donuts-live-at-haute-spot
Austin,https://patch.com/texas/downtownaustin/calendar/event/20260516/9d92d978-b272-47d8-9ee9-8807195c0497/resound-presents-dance-with-the-dead-magic-sword-w-megan-mcduffee-at-mohawk-on-5-16
Austin,https://patch.com/texas/downtownaustin/calendar/event/20260516/21f4b94c-8855-4c89-a802-4dbeabf88f41/resound-presents-whitney-at-29th-street-ballroom-on-5-16
Atlanta,https://patch.com/georgia/atlanta/calendar/event/20260510/9912af26-ed3b-41ca-98b7-873d787f5d4c/new-incommunity-exhibit-at-woodruff-arts-center-celebrates-individual-artists
Atlanta,https://patch.com/georgia/atlanta/calendar/event/20260510/114c3b7d-86af-4652-99c0-0bd8a611420c/celebrate-mother-s-day-weekend-at-chastain-park-spring-arts-festival-may-9-10
Atlanta,https://patch.com/georgia/atlanta/calendar/event/20260510/0bbf4286-41b0-4c6e-bd5e-6234c1851adf/mothers-day-brunch-at-the-betty
Atlanta,https://patch.com/georgia/atlanta/calendar/event/20260510/f62d316c-15ae-402c-8cbb-eb8f5a2d0ae1/create-custom-candles-with-instructor-jocelyn-candle-making-class-by-classpop
Atlanta,https://patch.com/georgia/atlanta/calendar/event/20260510/8d2a938b-db7e-4fed-bd9c-c5ca2369cb6b/create-custom-candles-with-instructor-jocelyn-candle-making-class-by-classpop
Atlanta,https://patch.com/georgia/atlanta/calendar/event/20260510/a77ac019-7806-4c7f-a040-294774eaf6a9/motherhood-out-loud
Atlanta,https://patch.com/georgia/atlanta/calendar/event/20260514/cf454a57-ea40-45fd-bf18-19eab0cd0485/tot-spot
Atlanta,https://patch.com/georgia/atlanta/calendar/event/20260514/d7818d49-846b-4811-b768-0bf48f263855/psalms-66-12-conference
Atlanta,https://patch.com/georgia/atlanta/calendar/event/20260515/ae6a63de-7267-47a9-903c-b6b308e30c19/new-incommunity-exhibit-at-woodruff-arts-center-celebrates-individual-artists
Atlanta,https://patch.com/georgia/atlanta/calendar/event/20260515/438f7e7e-4f90-48fa-8bf1-85c3dfd52f77/dreamhack-atlanta-2026
Atlanta,https://patch.com/georgia/atlanta/calendar/event/20260515/45d2c048-960a-4ed5-ad70-a42fc2db294b/school-and-group-nightcrawler-overnight
Atlanta,https://patch.com/georgia/atlanta/calendar/event/20260516/7f149f1b-dbac-4a23-9070-672ad68fb9e9/keeper-for-a-day-elephants
Atlanta,https://patch.com/georgia/atlanta/calendar/event/20260516/ee9c8bf2-511b-4511-a083-1f6a6edd9aad/new-incommunity-exhibit-at-woodruff-arts-center-celebrates-individual-artists
Atlanta,https://patch.com/georgia/atlanta/calendar/event/20260516/d6edeced-4905-4980-a6f2-47add99ae213/sip-stroll-and-celebrate-art-at-the-duluth-springs-arts-festival-may-16-17
Atlanta,https://patch.com/georgia/atlanta/calendar/event/20260516/d8cdb84f-3723-428e-b8f8-c023b5d0d725/spivey-hall-children-s-choir-program
Atlanta,https://patch.com/georgia/atlanta/calendar/event/20260516/16e1ffe7-2971-47e9-b863-d6768d9fcf04/family-nightcrawler-overnight
Atlanta,https://patch.com/georgia/atlanta/calendar/event/20260516/46c25f6c-2177-4f83-b58d-f124c22cbe22/the-psychology-of-serial-killers-featuring-dr-rachel-toles
Atlanta,https://patch.com/georgia/atlanta/calendar/event/20260516/023580f7-91ac-408a-97e6-7a03da24f7f0/fox-theatre-hosts-the-marcus-king-band
Atlanta,https://patch.com/georgia/atlanta/calendar/event/20260517/596997af-730d-4117-afb7-351924f24ef8/new-incommunity-exhibit-at-woodruff-arts-center-celebrates-individual-artists
Atlanta,https://patch.com/georgia/atlanta/calendar/event/20260517/b5cc9046-c0a8-419e-a0bb-248e3541ca45/sushi-making-with-chef-jennifer-at-a-local-wine-bar-cooking-class-by-classpop
Austin,https://patch.com/texas/downtownaustin/calendar/event/20260522/da4a28a8-8678-46c0-8356-3d527d5feec2/the-damn-torpedoes-at-haute-spot
Austin,https://patch.com/texas/downtownaustin/calendar/event/20260522/54a6694a-7271-4eac-87ee-cef8787d74da/live-nation-resound-presents-harbour-at-mohawk-on-5-22
Austin,https://patch.com/texas/downtownaustin/calendar/event/20260523/e3b95a7b-bcb9-4978-a2b2-0edcfc283f3d/the-dinner-detective-true-crime-murder-mystery-dinner-show-austin-tx
Austin,https://patch.com/texas/downtownaustin/calendar/event/20260523/0fc72ac7-959d-478e-86f3-cf1a1a4b642e/resound-spune-presents-sports-at-mohawk-on-5-23
Austin,https://patch.com/texas/downtownaustin/calendar/event/20260523/5d018aa2-3888-49b8-98f0-e2eb28f57d97/the-widdler-die-by-the-sword-lazy-k-oldgold-o-b-one
Austin,https://patch.com/texas/downtownaustin/calendar/event/20260524/8f5387fd-5400-47e8-989e-d2b729fcd410/resound-presents-we-are-scientists-celebrating-20-years-of-with-love-and-squalor-at-mohawk-on-5-24
Austin,https://patch.com/texas/downtownaustin/calendar/event/20260528/d0bebfe5-4ee9-4823-81a7-a770e05e8847/paint-night-done-right-austin-paint-and-sip-by-classpop
Austin,https://patch.com/texas/downtownaustin/calendar/event/20260529/e0de0415-122f-4554-802b-ca0432269bc4/super-trouper-abba-tribute
Austin,https://patch.com/texas/downtownaustin/calendar/event/20260529/4d54b5de-5b9e-4d59-bcda-cbcd944c6d5c/resound-presents-oakwood-at-mohawk-on-5-29
Austin,https://patch.com/texas/downtownaustin/calendar/event/20260529/750c1af1-be57-4e8d-aca8-b4aa7d8ad042/candlelight-coldplay-vs-imagine-dragons
Austin,https://patch.com/texas/downtownaustin/calendar/event/20260529/88d564b0-f0c3-4342-8b81-be7b901b8751/resound-presents-house-of-heavy-at-29th-street-ballroom-on-5-29
Austin,https://patch.com/texas/downtownaustin/calendar/event/20260530/b344eb35-96b6-468c-aa2a-9ec16786afb6/mike-ryan-live-at-haute-spot
Austin,https://patch.com/texas/downtownaustin/calendar/event/20260530/9cdd84ea-52ee-48af-87c8-ad25d6ed3bd5/resound-presents-monster-rally-at-brushy-street-commons-on-5-30
Austin,https://patch.com/texas/downtownaustin/calendar/event/20260601/81770a04-cd24-41ea-886c-ee06bcaf7dea/kids-summer-art-camp-at-feats-of-clay-pottery
Austin,https://patch.com/texas/downtownaustin/calendar/event/20260601/14ca3fed-e4e5-4b2d-adfb-1ee3fb1aeef1/lake-travis-zipline-adventures-2026-season
Austin,https://patch.com/texas/downtownaustin/calendar/event/20260603/2c433562-f444-4411-9a63-a1d5b19d0f15/resound-presents-tigers-jaw-w-pool-kids-at-mohawk-on-6-3
Austin,https://patch.com/texas/downtownaustin/calendar/event/20260604/187758fd-711c-45c1-a302-96e5ec853a5f/resound-presents-vundabar-w-goon-at-mohawk-on-6-4
Austin,https://patch.com/texas/downtownaustin/calendar/event/20260605/0f3cec4c-a0ac-48f5-8856-c973e96287f3/resound-presents-sophia-stel-at-29th-st-ballroom-on-6-5
Austin,https://patch.com/texas/downtownaustin/calendar/event/20260606/73076b3c-b2e2-4f03-bfdf-69c8ede65534/austin-tx-virtual-esophageal-cancer-walk-run
Austin,https://patch.com/texas/downtownaustin/calendar/event/20260606/3b462392-b8b6-42b0-a0e2-f9c309105db1/resound-presents-white-denim-at-mohawk-on-6-6
Atlanta,https://patch.com/georgia/atlanta/calendar/event/20260517/31af6659-6c82-4139-a915-642157fbf040/sushi-making-with-chef-jennifer-at-a-local-wine-bar-cooking-class-by-classpop
Atlanta,https://patch.com/georgia/atlanta/calendar/event/20260517/88476fcb-f44a-4e08-b9bd-a74c10cd0c4f/sushi-making-with-chef-jennifer-at-a-local-wine-bar-cooking-class-by-classpop
Atlanta,https://patch.com/georgia/atlanta/calendar/event/20260517/52499ea4-a390-4c99-87c4-4d95fa499c72/spivey-hall-children-s-choir-program
Atlanta,https://patch.com/georgia/atlanta/calendar/event/20260520/876e2886-dc50-4387-ad89-9f677ac476ff/keeper-for-a-day-reptiles-and-amphibians
Atlanta,https://patch.com/georgia/atlanta/calendar/event/20260520/2da9dfb3-217c-4fb2-a487-c86ea2aba9ee/colors-everywhere
Atlanta,https://patch.com/georgia/atlanta/calendar/event/20260521/e34416f2-5743-44f2-9f67-3f898090e738/adventure-cubs
Atlanta,https://patch.com/georgia/atlanta/calendar/event/20260522/e6e7e3b4-92b1-4b93-b3c2-75ab4a31b1ad/new-incommunity-exhibit-at-woodruff-arts-center-celebrates-individual-artists
Atlanta,https://patch.com/georgia/atlanta/calendar/event/20260523/1c21940f-007a-493e-b21a-ab441bff11b2/new-incommunity-exhibit-at-woodruff-arts-center-celebrates-individual-artists
Atlanta,https://patch.com/georgia/atlanta/calendar/event/20260523/200e2ed1-7d64-41d3-ab95-dd0ae860de18/lemur-wild-encounter-at-zoo-atlanta
Atlanta,https://patch.com/georgia/atlanta/calendar/event/20260523/8faf4f15-a519-414a-b713-97359a50af6b/warthog-wild-encounter-at-zoo-atlanta
Atlanta,https://patch.com/georgia/atlanta/calendar/event/20260523/8e11730e-71da-4a97-8e62-69cd403cde02/petting-zoo-painters
Atlanta,https://patch.com/georgia/atlanta/calendar/event/20260523/898da138-6be7-42ee-b7fe-dba325ea1b4e/brew-at-the-zoo
Atlanta,https://patch.com/georgia/atlanta/calendar/event/20260523/4a4fe357-4f2b-4664-8bad-bc3627679b0d/the-dinner-detective-true-crime-murder-mystery-dinner-show-atlanta-ga
Atlanta,https://patch.com/georgia/atlanta/calendar/event/20260524/b7903fa8-e02e-4929-ba06-22275af1b466/new-incommunity-exhibit-at-woodruff-arts-center-celebrates-individual-artists
Atlanta,https://patch.com/georgia/atlanta/calendar/event/20260526/e663aecd-89ff-4395-be50-21bc2d7ccc2e/summer-safari-camp-at-zoo-atlanta
Atlanta,https://patch.com/georgia/atlanta/calendar/event/20260527/f4a923d2-ec7a-4f1f-9faa-4eca9af85579/trainer-for-a-day-world-of-wild-theater
Atlanta,https://patch.com/georgia/atlanta/calendar/event/20260528/af702e56-a8fd-49ad-9866-daa897fb33ba/keeper-for-a-day-elephants
Atlanta,https://patch.com/georgia/atlanta/calendar/event/20260529/a63bdfb9-0e9b-4b14-ad17-91767f2fe055/new-incommunity-exhibit-at-woodruff-arts-center-celebrates-individual-artists
Atlanta,https://patch.com/georgia/atlanta/calendar/event/20260529/8305bf48-04f5-4ddf-b260-57a15f16efff/taste-2026
Atlanta,https://patch.com/georgia/atlanta/calendar/event/20260530/6f69fa6f-ff3b-4010-986a-4820575d295b/new-incommunity-exhibit-at-woodruff-arts-center-celebrates-individual-artists
Austin,https://patch.com/texas/downtownaustin/calendar/event/20260610/340bd117-e80f-40f2-b325-fa983da42ef3/resound-presents-between-the-buried-and-me-w-imperial-triumphant-and-fallujah-at-mohawk-on-6-10
Austin,https://patch.com/texas/downtownaustin/calendar/event/20260611/2f41e3c2-57a3-41dd-a6f7-72fe1161534b/paint-night-done-right-austin-paint-and-sip-by-classpop
Austin,https://patch.com/texas/downtownaustin/calendar/event/20260612/30f91810-1aa7-47a6-ada0-38b59646dcc9/resound-presents-lowertown-w-truth-club-at-29th-st-ballroom-on-6-12
Austin,https://patch.com/texas/downtownaustin/calendar/event/20260615/15d5b043-3484-4784-9e7a-41b4fa38253c/resound-presents-rx-bandits-w-maps-atlases-at-mohawk-on-6-15
Austin,https://patch.com/texas/downtownaustin/calendar/event/20260617/6166e0bb-8f2b-44d8-9c3d-e0d32ff12580/resound-presents-lip-critic-w-flatwounds-and-bejalvin-at-29th-st-ballroom-on-6-17
Austin,https://patch.com/texas/downtownaustin/calendar/event/20260625/ed9ac835-27ca-4317-b4ad-b855f81daa1b/paint-night-done-right-austin-paint-and-sip-by-classpop
Austin,https://patch.com/texas/downtownaustin/calendar/event/20260626/b400c720-abec-425b-a5ee-8cae1dfb66d0/resound-presents-tsushimamire-at-29th-street-ballroom-on-6-26
Austin,https://patch.com/texas/downtownaustin/calendar/event/20260626/c080d3ee-3922-476d-b6f8-90909bd76bec/resound-presents-rostam-at-mohawk-on-6-26
Austin,https://patch.com/texas/downtownaustin/calendar/event/20260627/0accc1fd-2263-41fd-83a2-498847492404/treat-trot-austin
Austin,https://patch.com/texas/downtownaustin/calendar/event/20260708/f280f318-7044-4365-8147-2f2d6bd3e4c5/resound-presents-have-a-nice-life-w-rhodoendron-at-radio-east-on-7-8
Austin,https://patch.com/texas/downtownaustin/calendar/event/20260710/64d4b19d-ffa8-4a6c-9808-df8d74259bd0/resound-presents-wavves-w-bass-drum-of-death-and-worlds-worst-at-mohawk-on-7-10
Austin,https://patch.com/texas/downtownaustin/calendar/event/20260712/fa179b3c-0f3d-46c0-9081-558f3a5dcac6/resound-presents-man-man-w-death-valley-girls-at-29th-st-ballroom-on-7-12
Austin,https://patch.com/texas/downtownaustin/calendar/event/20260717/ca4d9997-8a1d-4e9a-a97c-4373ed4282ee/resound-presents-high-fade-at-mohawk-on-7-17
Austin,https://patch.com/texas/downtownaustin/calendar/event/20260722/71fb5689-b146-4326-a85c-e1046e405623/resound-presents-buck-meek-of-big-thief-w-kisser-at-29th-street-ballroom-on-7-22
Austin,https://patch.com/texas/downtownaustin/calendar/event/20260726/939aa9c2-7619-4fa7-b0ed-faa439ad2f0c/resound-presents-colleen-green-at-hotel-vegas-on-7-26
Austin,https://patch.com/texas/downtownaustin/calendar/event/20260805/0377eadc-de60-4f98-b177-949d17d9518b/resound-presents-greg-mendez-w-maria-bc-at-29th-st-ballroom-on-8-5
Austin,https://patch.com/texas/downtownaustin/calendar/event/20260806/bc1ab7c7-46ad-4710-abfa-adf79ebeb134/resound-presents-of-montreal-w-sloppy-jane-at-mohawk-on-8-6
Austin,https://patch.com/texas/downtownaustin/calendar/event/20260807/18a125e6-a1ba-4c4c-a932-afe2b32a5b1c/resound-presents-black-moth-super-rainbow-w-giant-day-at-radio-east-on-8-7
Austin,https://patch.com/texas/downtownaustin/calendar/event/20260815/7cdd353e-3193-4f7b-a7eb-4d8fd11e8f2b/pcx-austin-austin-s-new-pop-culture-convention
Austin,https://patch.com/texas/downtownaustin/calendar/event/20260816/23364530-9eaa-440f-a18c-eb451aad36db/resound-presents-rival-consoles-at-brushy-street-commons-on-8-16
Atlanta,https://patch.com/georgia/atlanta/calendar/event/20260530/b3083300-14b7-4a4d-90ed-409cacfe74a2/elephant-wild-encounter-at-zoo-atlanta
Atlanta,https://patch.com/georgia/atlanta/calendar/event/20260531/0ec50296-d044-45fe-9590-2d86676dca70/mornings-at-the-zoo
Atlanta,https://patch.com/georgia/atlanta/calendar/event/20260531/205b0c88-243a-48e9-a06a-762b155b1611/new-incommunity-exhibit-at-woodruff-arts-center-celebrates-individual-artists
Atlanta,https://patch.com/georgia/atlanta/calendar/event/20260531/589263aa-8836-4ed6-9a1f-224b6969f5a0/create-custom-candles-with-instructor-jocelyn-candle-making-class-by-classpop
Atlanta,https://patch.com/georgia/atlanta/calendar/event/20260601/ec47703f-792b-4652-a79b-d8deb91fd5f2/summer-safari-camp-at-zoo-atlanta
Atlanta,https://patch.com/georgia/atlanta/calendar/event/20260603/c664dc32-3c58-47aa-8dc6-41c9485a4d34/keeper-for-a-day-reptiles-and-amphibians
Atlanta,https://patch.com/georgia/atlanta/calendar/event/20260606/9498afa3-2e67-48ee-8a10-a5bca3a9d20b/adventure-cubs
Atlanta,https://patch.com/georgia/atlanta/calendar/event/20260606/834675c7-01d3-42a5-9b49-47c84d4eb064/atlanta-taco-tequila-bar-crawl-9th-annual-june-6th
Atlanta,https://patch.com/georgia/atlanta/calendar/event/20260606/b87d8e8c-d298-41b3-a4c1-9702dd936346/kids-night-out
Atlanta,https://patch.com/georgia/atlanta/calendar/event/20260606/57d9b0fb-2ec4-42d9-bf9e-45b8ba6c1297/liberty-legacy-an-all-american-dinner-series
Atlanta,https://patch.com/georgia/atlanta/calendar/event/20260608/eb7a0152-2bbc-4c19-b1bd-d16d46666a75/summer-safari-camp-at-zoo-atlanta
Atlanta,https://patch.com/georgia/atlanta/calendar/event/20260610/5f3777b3-479c-4e97-bb50-cb5cf1090133/trainer-for-a-day-world-of-wild-theater
Atlanta,https://patch.com/georgia/atlanta/calendar/event/20260610/c5c832f3-4602-497b-b8e1-789e5101ead2/three-time-grammy-winner-jill-scott-set-to-take-fox-theatre-stage-with-to-whom-this-may-concern
Atlanta,https://patch.com/georgia/atlanta/calendar/event/20260611/fc0d0e91-1cc4-4d0a-942c-0a0512480a22/keeper-for-a-day-elephants
Atlanta,https://patch.com/georgia/atlanta/calendar/event/20260612/83adf273-5a83-479e-8b34-04a04bcbff9a/big-sandy-his-fly-rite-boys-with-the-blacktop-rockets
Atlanta,https://patch.com/georgia/atlanta/calendar/event/20260613/5e54835c-8ec7-41ea-8809-558724269ba7/keeper-for-a-day-reptiles-and-amphibians
Atlanta,https://patch.com/georgia/atlanta/calendar/event/20260613/c32e0141-2aa1-4b00-a0ba-5905cebea34a/art-beats-and-eats-at-the-old-fourth-ward-spring-arts-festival-june-13-14
Atlanta,https://patch.com/georgia/atlanta/calendar/event/20260614/0b840a72-b444-47f7-9597-581110ea8056/art-beats-and-eats-at-the-old-fourth-ward-spring-arts-festival-june-13-14
Atlanta,https://patch.com/georgia/atlanta/calendar/event/20260614/b7b898c4-1010-4c60-b5f9-0781fce6b441/create-custom-candles-with-instructor-jocelyn-candle-making-class-by-classpop
Atlanta,https://patch.com/georgia/atlanta/calendar/event/20260614/90160a57-0054-41c0-beeb-848bbb138c50/create-custom-candles-with-instructor-jocelyn-candle-making-class-by-classpop
Austin,https://patch.com/texas/downtownaustin/calendar/event/20260911/11d35e3f-90e7-4077-9995-f7a8a1cca631/alison-krauss-and-union-station
Austin,https://patch.com/texas/downtownaustin/calendar/event/20261018/f47415b1-864d-4250-995c-db738089ca0a/sukhishvili-georgian-national-dance-company
Austin,https://patch.com/texas/downtownaustin/calendar/event/20261023/9108e496-8c1b-4c7d-8214-6ed5ee96edf5/resound-presents-kyle-hume-at-29th-street-ballroom-on-10-23
Austin,https://patch.com/texas/downtownaustin/calendar/event/20261028/771cb55c-9c7b-4b77-b876-7ad2a11b1ff9/resound-present-chasing-abbey-at-antones-on-10-28
Austin,https://patch.com/texas/downtownaustin/calendar/event/20261029/c5b41e2c-846e-4d95-9177-495be666c61c/austin-small-business-expo-2026
Austin,https://patch.com/texas/downtownaustin/calendar/event/20261121/54d50cb8-d5ae-43e2-bf06-fcf54488fcb9/resound-presents-fruit-bats-at-mohawk-on-11-21
Austin,https://patch.com/texas/downtownaustin/calendar/event/20261127/dd2fc8f3-e893-4fc3-8cf5-79585dcf99c0/resound-presents-boyfriend-15-year-celebration-farewell-tour-at-hotel-vegas-on-11-27
Austin,https://patch.com/texas/downtownaustin/calendar/event/20270223/a4c5c69b-2240-47bd-bfcc-031ef4a76711/resound-presents-public-image-ltd-at-mohawk-on-2-23-27
Austin,https://patch.com/texas/downtownaustin/calendar/event/20280531/e49ea511-3975-4a08-bbcc-c6a76e2df20e/proteus-technologies-llc
Atlanta,https://patch.com/georgia/atlanta/calendar/event/20260615/c2a79873-f94d-487b-a50a-f6644d11726a/summer-safari-camp-at-zoo-atlanta
Atlanta,https://patch.com/georgia/atlanta/calendar/event/20260616/a9ce7680-66da-4474-8167-0a6d58f7da1e/blue-man-group-coming-to-fox-theatre
Atlanta,https://patch.com/georgia/atlanta/calendar/event/20260618/e208076b-390a-48f4-9899-af72543f7b62/adventure-cubs
Atlanta,https://patch.com/georgia/atlanta/calendar/event/20260619/bb086a0e-9c0a-4a1e-a98b-1c99af7ae8a9/the-generations-tour-brings-together-three-iconic-british-artists-to-the-fox-theatre-june-19
Atlanta,https://patch.com/georgia/atlanta/calendar/event/20260620/6b1c908c-d12c-42e6-afcf-7aba1dc2fc64/keeper-for-a-day-elephants
Atlanta,https://patch.com/georgia/atlanta/calendar/event/20260621/e0ac7904-8297-4a64-bb9c-2278c38d312a/trainer-for-a-day-world-of-wild-theater
Atlanta,https://patch.com/georgia/atlanta/calendar/event/20260622/5119436e-56b4-4585-af5d-ef2782f893ef/summer-safari-camp-at-zoo-atlanta
Atlanta,https://patch.com/georgia/atlanta/calendar/event/20260627/9d02863c-fca3-4ef3-8e3f-eb0ee115596b/kids-night-out
Atlanta,https://patch.com/georgia/atlanta/calendar/event/20260628/4490a143-be7c-457d-bd5d-94919915d1a7/mornings-at-the-zoo
Atlanta,https://patch.com/georgia/atlanta/calendar/event/20260628/052659ac-ecbc-4e46-bc24-98de24378ae1/sushi-making-with-chef-jennifer-at-a-local-wine-bar-cooking-class-by-classpop
Atlanta,https://patch.com/georgia/atlanta/calendar/event/20260628/331aa635-1f9c-493b-9fc9-beb4a16dbad2/sushi-making-with-chef-jennifer-at-a-local-wine-bar-cooking-class-by-classpop
Atlanta,https://patch.com/georgia/atlanta/calendar/event/20260628/48564eb5-49a4-4739-83dd-7b669aba6b2b/sushi-making-with-chef-jennifer-at-a-local-wine-bar-cooking-class-by-classpop
Atlanta,https://patch.com/georgia/atlanta/calendar/event/20260628/48649c50-754b-47be-9a5d-7a57c9e951cf/sushi-making-with-chef-jennifer-at-a-local-wine-bar-cooking-class-by-classpop
Atlanta,https://patch.com/georgia/atlanta/calendar/event/20260629/a69fa00d-2faa-4545-884e-1f570ac5d684/summer-safari-camp-at-zoo-atlanta
Atlanta,https://patch.com/georgia/atlanta/calendar/event/20260701/a6cb6479-32eb-4faf-b0a2-f0cdfa20e26a/keeper-for-a-day-reptiles-and-amphibians
Atlanta,https://patch.com/georgia/atlanta/calendar/event/20260706/1bd19c22-e942-4a66-b09d-d9683dbb3685/summer-safari-camp-at-zoo-atlanta
Atlanta,https://patch.com/georgia/atlanta/calendar/event/20260709/ee349ae6-a163-48d2-9845-a6a2d17dd264/keeper-for-a-day-elephants
Atlanta,https://patch.com/georgia/atlanta/calendar/event/20260711/3f27f774-f435-47ee-bef1-0a79db7a1de2/keeper-for-a-day-reptiles-and-amphibians
Atlanta,https://patch.com/georgia/atlanta/calendar/event/20260711/379bb28b-5ef5-4074-913e-1a73ce737466/adventure-cubs
Atlanta,https://patch.com/georgia/atlanta/calendar/event/20260712/67f802b3-8fa6-45bf-bdcf-5d2e35c7b532/create-custom-candles-with-instructor-jocelyn-candle-making-class-by-classpop
Atlanta,https://patch.com/georgia/atlanta/calendar/event/20260712/5bd4f252-0b05-4e6b-af46-c752d57bcf6a/create-custom-candles-with-instructor-jocelyn-candle-making-class-by-classpop
Atlanta,https://patch.com/georgia/atlanta/calendar/event/20260713/a8dd6a0f-c7f0-41fd-a06c-eb91e42880db/summer-safari-camp-at-zoo-atlanta
Atlanta,https://patch.com/georgia/atlanta/calendar/event/20260715/924e960d-251e-43e5-915c-dac34eb6fcc2/trainer-for-a-day-world-of-wild-theater
Atlanta,https://patch.com/georgia/atlanta/calendar/event/20260716/2d7c70ad-ded0-49a8-bc67-f19270cfa217/adventure-cubs
Atlanta,https://patch.com/georgia/atlanta/calendar/event/20260718/60787626-412c-4e80-b4a1-227b3e9ef88b/keeper-for-a-day-elephants
Atlanta,https://patch.com/georgia/atlanta/calendar/event/20260720/ae6918e4-456a-4af3-aba2-6e934de72afb/summer-safari-camp-at-zoo-atlanta
Atlanta,https://patch.com/georgia/atlanta/calendar/event/20260725/35e92ec4-947a-4fde-987b-16f69b8df188/kids-night-out
Atlanta,https://patch.com/georgia/atlanta/calendar/event/20260726/e5524d36-e359-46a6-96d1-b6c518f7a8c8/trainer-for-a-day-world-of-wild-theater
Atlanta,https://patch.com/georgia/atlanta/calendar/event/20260726/732f36b7-873b-4372-970c-53e09933d17f/mornings-at-the-zoo
Atlanta,https://patch.com/georgia/atlanta/calendar/event/20260726/d9dadc33-a86f-4610-8c2e-449bf796006f/sushi-making-with-chef-jennifer-at-a-local-wine-bar-cooking-class-by-classpop
Atlanta,https://patch.com/georgia/atlanta/calendar/event/20260726/205ee250-66a0-436b-b8bb-aa2c0d71cd8d/sushi-making-with-chef-jennifer-at-a-local-wine-bar-cooking-class-by-classpop
Atlanta,https://patch.com/georgia/atlanta/calendar/event/20260727/85ffccb9-f33d-4e87-bf0b-b2b88bd8f536/summer-safari-camp-at-zoo-atlanta
Atlanta,https://patch.com/georgia/atlanta/calendar/event/20260801/acf9c06b-be76-485e-ae18-9c453456ced6/adventure-cubs
Atlanta,https://patch.com/georgia/atlanta/calendar/event/20260805/c4e2e533-c38a-4655-b2e6-71e7db18f1d4/trainer-for-a-day-world-of-wild-theater
Atlanta,https://patch.com/georgia/atlanta/calendar/event/20260806/8201e1e0-3f01-4813-8597-90ebdc452fab/keeper-for-a-day-elephants
Atlanta,https://patch.com/georgia/atlanta/calendar/event/20260808/e8df25ca-2ef5-4972-8f1b-888ebdf3e2b3/kids-night-out
Atlanta,https://patch.com/georgia/atlanta/calendar/event/20260809/e830836b-83ca-4ada-be7d-8c489a99d15a/create-custom-candles-wit-instructor-jocelyn-candle-making-class-by-classpop
Atlanta,https://patch.com/georgia/atlanta/calendar/event/20260815/230643af-6691-48a0-a59e-7e0bac33dbbd/keeper-for-a-day-reptiles-and-amphibians
Atlanta,https://patch.com/georgia/atlanta/calendar/event/20260815/3801bbee-eb19-49e6-bd78-4e03e4c1f137/piedmont-park-arts-festival-returns-this-august-august-15-16
Atlanta,https://patch.com/georgia/atlanta/calendar/event/20260816/2c82d3bb-23eb-41bf-9337-61bc67df65d7/trainer-for-a-day-world-of-wild-theater
Atlanta,https://patch.com/georgia/atlanta/calendar/event/20260820/2bd96401-9222-47d7-bbf6-4416d053b42d/adventure-cubs
Atlanta,https://patch.com/georgia/atlanta/calendar/event/20260822/2a7f6946-b974-41ab-bb09-a23e3f34f66e/keeper-for-a-day-elephants
Atlanta,https://patch.com/georgia/atlanta/calendar/event/20260822/222d013d-562f-41bb-9bff-9b7e920f7e51/kids-night-out
Atlanta,https://patch.com/georgia/atlanta/calendar/event/20260823/06fdb387-e713-4297-8539-d5529be6e598/mornings-at-the-zoo
Atlanta,https://patch.com/georgia/atlanta/calendar/event/20260823/27a16cb9-32b3-4dc2-881d-e45c4f3ca829/sushi-making-with-chef-jennifer-at-a-local-wine-bar-cooking-class-by-classpop
Atlanta,https://patch.com/georgia/atlanta/calendar/event/20260823/4ed52c11-8eb6-43a3-94a9-9f78e960db34/sush-i-making-with-chef-jennifer-at-a-local-wine-bar-cooking-class-by-classpop
Atlanta,https://patch.com/georgia/atlanta/calendar/event/20260826/c95b28bf-8373-4475-99c8-d8de97ce81b5/keeper-for-a-day-reptiles-and-amphibians
Atlanta,https://patch.com/georgia/atlanta/calendar/event/20260829/bff28b7a-c3cb-4cce-9f3a-f1b01b40d374/monolord-with-khemmis
Atlanta,https://patch.com/georgia/atlanta/calendar/event/20260902/15aa8c7f-328b-45ce-9114-b134602e9c59/trainer-for-a-day-world-of-wild-theater
Atlanta,https://patch.com/georgia/atlanta/calendar/event/20260902/0c60a33c-54b4-4731-92c3-f4521a588eda/hamilton-death-becomes-her-and-buena-vista-social-club-to-anchor-2026-2027-regions-bank-broadwa
Atlanta,https://patch.com/georgia/atlanta/calendar/event/20260902/a544f014-1f76-4ae2-8e77-1a892509590e/subscriptions-now-available-for-2026-2027-regions-bank-broadway-in-atlanta-season
Atlanta,https://patch.com/georgia/atlanta/calendar/event/20260903/ba12e34b-a63a-4048-a338-e8c72cdfccb4/keeper-for-a-day-elephants
Atlanta,https://patch.com/georgia/atlanta/calendar/event/20260906/d82b89ab-ef48-4415-ad44-d13022c8e12f/mornings-at-the-zoo
Atlanta,https://patch.com/georgia/atlanta/calendar/event/20260913/65a69522-6e47-4f45-9373-0dee60e035fb/create-custom-candles-with-instructor-jocelyn-candle-making-class-by-classpop
Atlanta,https://patch.com/georgia/atlanta/calendar/event/20260913/e9da46f1-d150-465c-9927-90d827e06da6/create-custom-candles-with-instructor-jocelyn-candle-making-class-by-classpop
Atlanta,https://patch.com/georgia/atlanta/calendar/event/20260922/efd12590-aeff-4998-882f-7f664b39faad/the-battery-atlanta-continues-culinary-momentum-with-hundredfold-debut-set-for-fall-2026
Atlanta,https://patch.com/georgia/atlanta/calendar/event/20260927/6a1d0d8c-81e9-4f66-843c-3450b69c7177/sushi-making-with-chef-jennifer-at-a-local-wine-bar-cooking-class-by-classpop
Atlanta,https://patch.com/georgia/atlanta/calendar/event/20260927/765a8aff-c25a-47f9-8d2b-735df55b8f6b/sushi-making-with-chef-jennifer-at-a-local-wine-bar-cooking-class-by-classpop
Atlanta,https://patch.com/georgia/atlanta/calendar/event/20261011/3eefe362-70cf-43f5-bb15-8c58ef89f378/mornings-at-the-zoo
Atlanta,https://patch.com/georgia/atlanta/calendar/event/20261011/71ed6eeb-8598-45c8-95e8-a7386fb8e94b/create-custom-candles-with-instructor-jocelyn-candle-making-class-by-classpop
Atlanta,https://patch.com/georgia/atlanta/calendar/event/20261011/412b636b-92d6-491f-be89-b37ed657faca/create-custom-candles-with-instructor-jocelyn-candle-making-class-by-classpop
Atlanta,https://patch.com/georgia/atlanta/calendar/event/20261018/a4495c81-fd2e-4fbf-8961-ff90c7455ecd/outlander-in-concert-heads-to-fox-theatre-this-fall
Atlanta,https://patch.com/georgia/atlanta/calendar/event/20261025/18171a7f-ff5f-425c-8b6a-1a1c776c552f/sushi-making-with-chef-jennifer-at-a-local-wine-bar-cooking-class-by-classpop
Atlanta,https://patch.com/georgia/atlanta/calendar/event/20261025/97e1546f-cc63-472d-95de-53733bb69790/sushi-making-with-chef-jennifer-at-a-local-wine-bar-cooking-class-by-classpop
Atlanta,https://patch.com/georgia/atlanta/calendar/event/20261115/0a8d4cdf-bc49-4a1a-b30f-306c92b8c0d8/create-custom-candles-with-instructor-jocelyn-candle-making-class-by-classpop
Atlanta,https://patch.com/georgia/atlanta/calendar/event/20261115/63a6f9a2-947c-4d25-96a0-f38316ce85df/create-custom-candles-with-instructor-jocelyn-candle-making-class-by-classpop
Atlanta,https://patch.com/georgia/atlanta/calendar/event/20261129/fe8c8461-afa5-4d98-a2bb-972e48ec8bd2/sushi-making-with-chef-jennifer-at-a-local-wine-bar-cooking-class-by-classpop
Atlanta,https://patch.com/georgia/atlanta/calendar/event/20261129/60aa8ae5-7c97-4cef-8654-1e3eff64ce1a/sushi-making-with-chef-jennifer-at-a-local-wine-bar-cooking-class-by-classpop
Atlanta,https://patch.com/georgia/atlanta/calendar/event/20261130/96238768-8e14-4965-92c0-788470d20573/crazy-chester-a-very-nc-tribute-to-the-band-the-last-waltz-50th-anniversary-with-wild-angels
Atlanta,https://patch.com/georgia/atlanta/calendar/event/20261213/f1136d6d-545a-4fec-9842-c454a90ac44b/create-custom-candles-with-instructor-jocelyn-candle-making-class-by-classpop
Atlanta,https://patch.com/georgia/atlanta/calendar/event/20261213/893d3189-09e3-43c5-9bef-1b47e7044c92/create-custom-candles-with-instructor-jocelyn-candle-making-class-by-classpop
Atlanta,https://patch.com/georgia/atlanta/calendar/event/20261227/430b9c29-649c-4491-ac50-d1ac5b30bad4/sushi-making-with-chef-jennifer-at-a-local-wine-bar-cooking-class-by-classpop
Atlanta,https://patch.com/georgia/atlanta/calendar/event/20261227/e99d9529-118a-44f4-89fc-c2d894dd809c/sushi-making-with-chef-jennifer-at-a-local-wine-bar-cooking-class-by-classpop
Atlanta,https://patch.com/georgia/atlanta/calendar/event/20270131/d1379b2c-f86c-4d17-9dc4-b66fce10c384/sushi-making-with-chef-jennifer-at-a-local-wine-bar-cooking-class-by-classpop
Atlanta,https://patch.com/georgia/atlanta/calendar/event/20270131/0dead408-0294-480b-b78a-f3334cbb92ee/sushi-making-with-chef-jennifer-at-a-local-wine-bar-cooking-class-by-classpop
Atlanta,https://patch.com/georgia/atlanta/calendar/event/20270228/700498a7-e1f3-478a-ac65-85e329d109ed/sushi-making-with-chef-jennifer-at-a-local-wine-bar-cooking-class-by-classpop
Atlanta,https://patch.com/georgia/atlanta/calendar/event/20270228/d54649f0-5458-40ac-b033-952d4f56f544/sushi-making-with-chef-jennifer-at-a-local-wine-bar-cooking-class-by-classpop
Atlanta,https://patch.com/georgia/atlanta/calendar/event/20270328/2f84eb7e-4266-4d22-a0f2-c1b95bcc05ac/sushi-making-with-chef-jennifer-at-a-local-wine-bar-cooking-class-by-classpop
Atlanta,https://patch.com/georgia/atlanta/calendar/event/20270328/8ebb6548-8ed2-4c39-9c44-4c67a598ff97/sushi-making-with-chef-jennifer-at-a-local-wine-bar-cooking-class-by-classpop
Atlanta,https://patch.com/georgia/atlanta/calendar/event/20270425/8842c023-76bc-48b7-b0f2-f3b25528cb7e/sushi-making-with-chef-jennifer-at-a-local-wine-bar-cooking-class-by-classpop
Atlanta,https://patch.com/georgia/atlanta/calendar/event/20270425/cec7af21-b25b-46ac-852e-d61dff2a0401/sushi-making-with-chef-jennifer-at-a-local-wine-bar-cooking-class-by-classpop
Atlanta,https://patch.com/georgia/atlanta/calendar/event/20270530/8bbcfb16-1af3-47ab-9f4c-08e0cf1900ba/sushi-making-with-chef-jennifer-at-a-local-wine-bar-cooking-class-by-classpop
Atlanta,https://patch.com/georgia/atlanta/calendar/event/20270530/119d85f9-d167-4068-9161-2cb51ad278e3/sushi-making-with-chef-jennifer-at-a-local-wine-bar-cooking-class-by-classpop
Atlanta,https://patch.com/georgia/atlanta/calendar/event/20270627/feab8942-455c-40bb-bd64-68a69c4b8905/sushi-making-with-chef-jennifer-at-a-local-wine-bar-cooking-class-by-classpop
Atlanta,https://patch.com/georgia/atlanta/calendar/event/20270627/da9a36d2-3b47-4baa-9c6e-c9025afb6a29/sushi-making-with-chef-jennifer-at-a-local-wine-bar-cooking-class-by-classpop
Atlanta,https://patch.com/georgia/atlanta/calendar/event/20270711/39025ab5-0f62-468d-b6a3-a036896df8f0/sushi-making-with-chef-jennifer-at-a-local-wine-bar-cooking-class-by-classpop
Atlanta,https://patch.com/georgia/atlanta/calendar/event/20270711/40ff981a-9baa-4a8e-b930-d00a3392a5eb/sushi-making-with-chef-jennifer-at-a-local-wine-bar-cooking-class-by-classpop
