house_url,lastmod
https://holidaybuilders.com/new-homes-for-sale/52-montoya-fort-pierce-fl-34951/,2026-05-04T10:21:04+00:00
https://holidaybuilders.com/new-homes-for-sale/50-montoya-fort-pierce-fl-34951/,2026-05-04T10:21:04+00:00
https://holidaybuilders.com/new-homes-for-sale/48-montoya-fort-pierce-fl-34951/,2026-05-04T10:21:04+00:00
https://holidaybuilders.com/new-homes-for-sale/106-calle-de-lagos-fort-pierce-fl-34951/,2026-05-04T10:21:04+00:00
https://holidaybuilders.com/new-homes-for-sale/16430-sw-17th-ter-rd-ocala-fl-34473/,2026-05-04T10:21:05+00:00
https://holidaybuilders.com/new-homes-for-sale/tbd-sw-131st-ln-ocala-fl-34473/,2026-05-04T10:21:05+00:00
https://holidaybuilders.com/new-homes-for-sale/6078-sw-154th-street-rd-ocala-fl-34473/,2026-05-04T10:21:05+00:00
https://holidaybuilders.com/new-homes-for-sale/4120-sw-130th-loop-ocala-fl-34473/,2026-05-04T10:21:05+00:00
https://holidaybuilders.com/new-homes-for-sale/216-marion-oaks-trl-ocala-fl-34473/,2026-05-04T10:21:05+00:00
https://holidaybuilders.com/new-homes-for-sale/tbd-sw-35th-avenue-rd-ocala-fl-34473/,2026-05-04T10:21:06+00:00
https://holidaybuilders.com/new-homes-for-sale/tbd-sw-139th-street-rd-ocala-fl-34473-2/,2026-05-04T10:21:06+00:00
https://holidaybuilders.com/new-homes-for-sale/tbd-sw-165th-loop-ocala-fl-34473/,2026-05-04T10:21:06+00:00
https://holidaybuilders.com/new-homes-for-sale/5275-sw-161st-place-rd-ocala-fl-34473/,2026-05-04T10:21:06+00:00
https://holidaybuilders.com/new-homes-for-sale/2415-sw-170th-loop-ocala-fl-34473/,2026-05-04T10:21:07+00:00
https://holidaybuilders.com/new-homes-for-sale/tbd-sw-131st-pl-ocala-fl-34473/,2026-05-04T10:21:07+00:00
https://holidaybuilders.com/new-homes-for-sale/tbd-sw-42nd-cir-ocala-fl-34473/,2026-05-04T10:21:07+00:00
https://holidaybuilders.com/new-homes-for-sale/tbd-sw-139th-street-rd-ocala-fl-34473/,2026-05-04T10:21:07+00:00
https://holidaybuilders.com/new-homes-for-sale/5338-w-corral-pl-beverly-hills-fl-34465/,2026-05-04T10:21:08+00:00
https://holidaybuilders.com/new-homes-for-sale/2635-w-mustang-blvd-beverly-hills-fl-34465/,2026-05-04T10:21:08+00:00
https://holidaybuilders.com/new-homes-for-sale/13412-brewster-rd-spring-hill-fl-34609/,2026-05-04T10:21:08+00:00
https://holidaybuilders.com/new-homes-for-sale/tbd-honeycreeper-rd-weeki-wachee-fl-34614/,2026-05-04T10:21:09+00:00
https://holidaybuilders.com/new-homes-for-sale/tbd-glossy-ibis-rd-weeki-wachee-fl-34616/,2026-05-04T10:21:09+00:00
https://holidaybuilders.com/new-homes-for-sale/tbd-canvasback-rd-weeki-wachee-fl-34614/,2026-05-04T10:21:09+00:00
https://holidaybuilders.com/new-homes-for-sale/5184-merrifield-ct-spring-hill-fl-34608/,2026-05-04T10:21:09+00:00
https://holidaybuilders.com/new-homes-for-sale/tbd-glossy-ibis-rd-weeki-wachee-fl-34616-2/,2026-05-04T10:21:10+00:00
https://holidaybuilders.com/new-homes-for-sale/309-hermosa-ave-lehigh-acres-fl-33974/,2026-05-04T10:21:10+00:00
https://holidaybuilders.com/new-homes-for-sale/2909-43rd-st-sw-lehigh-acres-fl-33976/,2026-05-04T10:21:10+00:00
https://holidaybuilders.com/new-homes-for-sale/1506-ruth-ave-s-lehigh-acres-fl-33976/,2026-05-04T10:21:10+00:00
https://holidaybuilders.com/new-homes-for-sale/2904-50th-st-w-lehigh-acres-fl-33971/,2026-05-04T10:21:11+00:00
https://holidaybuilders.com/new-homes-for-sale/3004-39th-st-w-lehigh-acres-fl-33971/,2026-05-04T10:21:11+00:00
https://holidaybuilders.com/new-homes-for-sale/2707-7th-st-sw-lehigh-acres-fl-33976/,2026-05-04T10:21:11+00:00
https://holidaybuilders.com/new-homes-for-sale/5307-5th-st-w-lehigh-acres-fl-33971/,2026-05-04T10:21:11+00:00
https://holidaybuilders.com/new-homes-for-sale/2608-57th-st-w-lehigh-acres-fl-33971/,2026-05-04T10:21:12+00:00
https://holidaybuilders.com/new-homes-for-sale/2719-44th-st-sw-lehigh-acres-fl-33976/,2026-05-04T10:21:12+00:00
https://holidaybuilders.com/new-homes-for-sale/2915-25th-st-w-lehigh-acres-fl-33971/,2026-05-04T10:21:12+00:00
https://holidaybuilders.com/new-homes-for-sale/3008-28th-st-sw-lehigh-acres-fl-33976/,2026-05-04T10:21:12+00:00
https://holidaybuilders.com/new-homes-for-sale/2704-62nd-st-w-lehigh-acres-fl-33971/,2026-05-04T10:21:13+00:00
https://holidaybuilders.com/new-homes-for-sale/3609-75th-st-w-lehigh-acres-fl-33971/,2026-05-04T10:21:13+00:00
https://holidaybuilders.com/new-homes-for-sale/3611-75th-st-w-lehigh-acres-fl-33971/,2026-05-04T10:21:13+00:00
https://holidaybuilders.com/new-homes-for-sale/2601-51st-st-sw-lehigh-acres-fl-33976/,2026-05-04T10:21:13+00:00
https://holidaybuilders.com/new-homes-for-sale/2603-66th-st-w-lehigh-acres-fl-33971/,2026-05-04T10:21:14+00:00
https://holidaybuilders.com/new-homes-for-sale/2204-christopher-ave-n-lehigh-acres-fl-33971/,2026-05-04T10:21:14+00:00
https://holidaybuilders.com/new-homes-for-sale/2716-67th-st-w-lehigh-acres-fl-33971/,2026-05-04T10:21:14+00:00
https://holidaybuilders.com/new-homes-for-sale/3216-17th-st-sw-lehigh-acres-fl-33976/,2026-05-04T10:21:14+00:00
https://holidaybuilders.com/new-homes-for-sale/6013-karen-ave-n-lehigh-acres-fl-33971/,2026-05-04T10:21:14+00:00
https://holidaybuilders.com/new-homes-for-sale/4107-11th-st-sw-lehigh-acres-fl-33976/,2026-05-04T10:21:15+00:00
https://holidaybuilders.com/new-homes-for-sale/2616-5th-st-sw-lehigh-acres-fl-33976/,2026-05-04T10:21:15+00:00
https://holidaybuilders.com/new-homes-for-sale/3902-28th-st-sw-lehigh-acres-fl-33976/,2026-05-04T10:21:15+00:00
https://holidaybuilders.com/new-homes-for-sale/2810-74th-st-w-lehigh-acres-fl-33971/,2026-05-04T10:21:15+00:00
https://holidaybuilders.com/new-homes-for-sale/6020-pat-ave-n-lehigh-acres-fl-33971/,2026-05-04T10:21:16+00:00
https://holidaybuilders.com/new-homes-for-sale/3315-19th-st-sw-lehigh-acres-fl-33976/,2026-05-04T10:21:16+00:00
https://holidaybuilders.com/new-homes-for-sale/2512-38th-st-sw-lehigh-acres-fl-33976/,2026-05-04T10:21:16+00:00
https://holidaybuilders.com/new-homes-for-sale/3400-30th-st-sw-lehigh-acres-fl-33976/,2026-05-04T10:21:16+00:00
https://holidaybuilders.com/new-homes-for-sale/2518-hemet-st-north-port-fl-34288/,2026-05-04T10:21:17+00:00
https://holidaybuilders.com/new-homes-for-sale/2276-yankee-ter-north-port-fl-34286/,2026-05-04T10:21:17+00:00
https://holidaybuilders.com/new-homes-for-sale/tbd-johannesberg-rd-north-port-fl-34288/,2026-05-04T10:21:17+00:00
https://holidaybuilders.com/new-homes-for-sale/1205-woodcrest-ln-north-port-fl-34286/,2026-05-04T10:21:17+00:00
https://holidaybuilders.com/new-homes-for-sale/5409-cillette-ave-north-port-fl-34288/,2026-05-04T10:21:17+00:00
https://holidaybuilders.com/new-homes-for-sale/5685-jonesboro-ave-north-port-fl-34288/,2026-05-04T10:21:18+00:00
https://holidaybuilders.com/new-homes-for-sale/3951-dominic-st-north-port-fl-34288/,2026-05-04T10:21:18+00:00
https://holidaybuilders.com/new-homes-for-sale/1314-landsdowne-ave-north-port-fl-34288/,2026-05-04T10:21:18+00:00
https://holidaybuilders.com/new-homes-for-sale/2931-embrace-way-titusville-fl-32780/,2026-05-04T10:21:19+00:00
https://holidaybuilders.com/new-homes-for-sale/2363-blueberry-rd-north-port-fl-34288/,2026-05-04T10:21:19+00:00
https://holidaybuilders.com/new-homes-for-sale/2826-escambia-cir-north-port-fl-34288/,2026-05-04T10:21:19+00:00
https://holidaybuilders.com/new-homes-for-sale/2824-haven-lane-titusville-fl-32780/,2026-05-04T10:21:20+00:00
https://holidaybuilders.com/new-homes-for-sale/2952-embrace-way-titusville-fl-32780/,2026-05-04T10:21:20+00:00
https://holidaybuilders.com/new-homes-for-sale/2804-haven-lane-titusville-fl-32780/,2026-05-04T10:21:20+00:00
https://holidaybuilders.com/new-homes-for-sale/2447-enclave-dr-titusville-fl-32780/,2026-05-04T10:21:20+00:00
https://holidaybuilders.com/new-homes-for-sale/2864-haven-lane-titusville-fl-32780/,2026-05-04T10:21:21+00:00
https://holidaybuilders.com/new-homes-for-sale/2854-haven-lane-titusville-fl-32780/,2026-05-04T10:21:21+00:00
https://holidaybuilders.com/new-homes-for-sale/2467-enclave-dr-titusville-fl-32780/,2026-05-04T10:21:21+00:00
https://holidaybuilders.com/new-homes-for-sale/2497-enclave-dr-titusville-fl-32780/,2026-05-04T10:21:21+00:00
https://holidaybuilders.com/new-homes-for-sale/2457-enclave-dr-titusville-fl-32780/,2026-05-04T10:21:22+00:00
https://holidaybuilders.com/new-homes-for-sale/2814-haven-lane-titusville-fl-32780/,2026-05-04T10:21:23+00:00
https://holidaybuilders.com/new-homes-for-sale/2507-enclave-dr-titusville-fl-32780/,2026-05-04T10:21:23+00:00
https://holidaybuilders.com/new-homes-for-sale/2844-haven-lane-titusville-fl-32780/,2026-05-04T10:21:23+00:00
https://holidaybuilders.com/new-homes-for-sale/2764-haven-lane-titusville-fl-32780/,2026-05-04T10:21:24+00:00
https://holidaybuilders.com/new-homes-for-sale/2734-haven-lane-titusville-fl-32780/,2026-05-04T10:21:24+00:00
https://holidaybuilders.com/new-homes-for-sale/2834-haven-lane-titusville-fl-32780/,2026-05-04T10:21:24+00:00
https://holidaybuilders.com/new-homes-for-sale/2487-enclave-dr-titusville-fl-32780/,2026-05-04T10:21:24+00:00
https://holidaybuilders.com/new-homes-for-sale/1710-sw-millikin-ave-port-saint-lucie-fl-34953/,2026-05-04T10:21:25+00:00
https://holidaybuilders.com/new-homes-for-sale/1673-sw-escobar-ln-port-saint-lucie-fl-34953/,2026-05-04T10:21:25+00:00
https://holidaybuilders.com/new-homes-for-sale/2744-haven-lane-titusville-fl-32780/,2026-05-04T10:21:25+00:00
https://holidaybuilders.com/new-homes-for-sale/1968-se-dranson-cir-port-saint-lucie-fl-34952/,2026-05-04T10:21:25+00:00
https://holidaybuilders.com/new-homes-for-sale/2902-sw-ortega-st-port-saint-lucie-fl-34953/,2026-05-04T10:21:26+00:00
https://holidaybuilders.com/new-homes-for-sale/2320-sw-savage-blvd-port-saint-lucie-fl-34953/,2026-05-04T10:21:26+00:00
https://holidaybuilders.com/new-homes-for-sale/1719-sw-hampshire-ln-port-saint-lucie-fl-34953/,2026-05-04T10:21:27+00:00
https://holidaybuilders.com/new-homes-for-sale/109-ne-twylite-ter-port-saint-lucie-fl-34983/,2026-05-04T10:21:27+00:00
https://holidaybuilders.com/new-homes-for-sale/6238-nw-kukui-ct-port-saint-lucie-fl-34983/,2026-05-04T10:21:27+00:00
https://holidaybuilders.com/new-homes-for-sale/1106-whitehurst-rd-sw-palm-bay-fl-32908/,2026-05-04T10:21:28+00:00
https://holidaybuilders.com/new-homes-for-sale/2090-walsh-ave-se-palm-bay-fl-32909/,2026-05-04T10:21:28+00:00
https://holidaybuilders.com/new-homes-for-sale/320-garbelmann-st-sw-palm-bay-fl-32908/,2026-05-04T10:21:28+00:00
https://holidaybuilders.com/new-homes-for-sale/1050-san-matio-st-se-palm-bay-fl-32909/,2026-05-04T10:21:28+00:00
https://holidaybuilders.com/new-homes-for-sale/992-sw-gaitor-ave-port-saint-lucie-fl-34953/,2026-05-04T10:21:28+00:00
https://holidaybuilders.com/new-homes-for-sale/1702-sw-tivan-ln-port-saint-lucie-fl-34984/,2026-05-04T10:21:28+00:00
https://holidaybuilders.com/new-homes-for-sale/3200-trainfo-ave-se-palm-bay-fl-32909/,2026-05-04T10:21:29+00:00
https://holidaybuilders.com/new-homes-for-sale/441-barber-st-se-palm-bay-fl-32909/,2026-05-04T10:21:29+00:00
https://holidaybuilders.com/new-homes-for-sale/985-sable-cir-se-palm-bay-fl-32909/,2026-05-04T10:21:29+00:00
https://holidaybuilders.com/new-homes-for-sale/2784-tolman-ave-se-palm-bay-fl-32909/,2026-05-04T10:21:29+00:00
https://holidaybuilders.com/new-homes-for-sale/699-flynn-st-se-palm-bay-fl-32909/,2026-05-04T10:21:30+00:00
https://holidaybuilders.com/new-homes-for-sale/1030-pasadena-rd-se-palm-bay-fl-32909/,2026-05-04T10:21:30+00:00
https://holidaybuilders.com/new-homes-for-sale/691-flynn-st-se-palm-bay-fl-32909/,2026-05-04T10:21:30+00:00
https://holidaybuilders.com/new-homes-for-sale/458-tillman-ave-sw-palm-bay-fl-32908/,2026-05-04T10:21:31+00:00
https://holidaybuilders.com/new-homes-for-sale/796-scotten-ave-sw-palm-bay-fl-32908/,2026-05-04T10:21:31+00:00
https://holidaybuilders.com/new-homes-for-sale/293-lafleur-st-sw-palm-bay-fl-32908/,2026-05-04T10:21:31+00:00
https://holidaybuilders.com/new-homes-for-sale/950-culpepper-ave-se-palm-bay-fl-32909/,2026-05-04T10:21:31+00:00
https://holidaybuilders.com/new-homes-for-sale/2728-laird-ave-sw-palm-bay-fl-32908/,2026-05-04T10:21:32+00:00
https://holidaybuilders.com/new-homes-for-sale/983-sable-cir-se-palm-bay-fl-32909/,2026-05-04T10:21:32+00:00
https://holidaybuilders.com/new-homes-for-sale/1262-heitzman-ave-sw-palm-bay-fl-32908/,2026-05-04T10:21:32+00:00
https://holidaybuilders.com/new-homes-for-sale/3360-freedom-ave-sw-palm-bay-fl-32908/,2026-05-04T10:21:32+00:00
https://holidaybuilders.com/new-homes-for-sale/1998-warton-ave-se-palm-bay-fl-32909/,2026-05-04T10:21:33+00:00
https://holidaybuilders.com/new-homes-for-sale/3268-toronto-ave-se-palm-bay-fl-32909/,2026-05-04T10:21:33+00:00
https://holidaybuilders.com/new-homes-for-sale/498-lambright-st-sw-palm-bay-fl-32908/,2026-05-04T10:21:33+00:00
https://holidaybuilders.com/new-homes-for-sale/324-franzing-st-sw-palm-bay-fl-32908/,2026-05-04T10:21:33+00:00
https://holidaybuilders.com/new-homes-for-sale/3151-lakeland-ave-sw-palm-bay-fl-32908/,2026-05-04T10:21:33+00:00
https://holidaybuilders.com/new-homes-for-sale/1221-sapulpa-rd-sw-palm-bay-fl-32908/,2026-05-04T10:21:34+00:00
https://holidaybuilders.com/new-homes-for-sale/527-poplar-st-se-palm-bay-fl-32909/,2026-05-04T10:21:34+00:00
https://holidaybuilders.com/new-homes-for-sale/114-saybrook-rd-sw-palm-bay-fl-32908/,2026-05-04T10:21:34+00:00
https://holidaybuilders.com/new-homes-for-sale/1282-torrington-st-se-palm-bay-fl-32909/,2026-05-04T10:21:34+00:00
https://holidaybuilders.com/new-homes-for-sale/2682-tepee-ave-se-palm-bay-fl-32909/,2026-05-04T10:21:34+00:00
https://holidaybuilders.com/new-homes-for-sale/4-pittwick-ln-palm-coast-fl-32164/,2026-05-04T10:21:35+00:00
https://holidaybuilders.com/new-homes-for-sale/589-hallcrest-st-sw-palm-bay-fl-32908/,2026-05-04T10:21:35+00:00
https://holidaybuilders.com/new-homes-for-sale/25-round-thorn-dr-palm-coast-fl-32164/,2026-05-04T10:21:35+00:00
https://holidaybuilders.com/new-homes-for-sale/12-royal-leaf-ln-palm-coast-fl-32164/,2026-05-04T10:21:35+00:00
https://holidaybuilders.com/new-homes-for-sale/68-rymshaw-dr-palm-coast-fl-32164/,2026-05-04T10:21:36+00:00
https://holidaybuilders.com/new-homes-for-sale/6-reine-pl-palm-coast-fl-32164/,2026-05-04T10:21:36+00:00
https://holidaybuilders.com/new-homes-for-sale/90-pin-oak-dr-palm-coast-fl-32164/,2026-05-04T10:21:36+00:00
https://holidaybuilders.com/new-homes-for-sale/10-ryland-dr-palm-coast-fl-32164/,2026-05-04T10:21:36+00:00
https://holidaybuilders.com/new-homes-for-sale/48-rippling-brook-dr-palm-coast-fl-32164/,2026-05-04T10:21:37+00:00
https://holidaybuilders.com/new-homes-for-sale/7-reidsville-dr-palm-coast-fl-32164/,2026-05-04T10:21:37+00:00
https://holidaybuilders.com/new-homes-for-sale/35-richmond-dr-palm-coast-fl-32164/,2026-05-04T10:21:37+00:00
https://holidaybuilders.com/new-homes-for-sale/91-bressler-ln-palm-coast-fl-32137/,2026-05-04T10:21:37+00:00
https://holidaybuilders.com/new-homes-for-sale/76-raleigh-dr-palm-coast-fl-32164/,2026-05-04T10:21:38+00:00
https://holidaybuilders.com/new-homes-for-sale/20-slumber-path-palm-coast-fl-32164/,2026-05-04T10:21:38+00:00
https://holidaybuilders.com/new-homes-for-sale/1-riverview-pl-palm-coast-fl-32164/,2026-05-04T10:21:38+00:00
https://holidaybuilders.com/new-homes-for-sale/42-peppercorn-ln-palm-coast-fl-32164/,2026-05-04T10:21:38+00:00
https://holidaybuilders.com/new-homes-for-sale/91-randolph-dr-palm-coast-fl-32164/,2026-05-04T10:21:39+00:00
https://holidaybuilders.com/new-homes-for-sale/25-ryding-ln-palm-coast-fl-32164/,2026-05-04T10:21:39+00:00
https://holidaybuilders.com/new-homes-for-sale/29-perkins-ln-palm-coast-fl-32164/,2026-05-04T10:21:39+00:00
https://holidaybuilders.com/new-homes-for-sale/70-karas-trl-palm-coast-fl-32164/,2026-05-04T10:21:39+00:00
https://holidaybuilders.com/new-homes-for-sale/19-birchwood-pl-palm-coast-fl-32137/,2026-05-04T10:21:40+00:00
https://holidaybuilders.com/new-homes-for-sale/41-pine-circle-dr-palm-coast-fl-32164/,2026-05-04T10:21:40+00:00
https://holidaybuilders.com/new-homes-for-sale/39-slipper-trl-palm-coast-fl-32164/,2026-05-04T10:21:40+00:00
https://holidaybuilders.com/new-homes-for-sale/5-rolls-royce-ct-n-palm-coast-fl-32164/,2026-05-04T10:21:41+00:00
https://holidaybuilders.com/new-homes-for-sale/37-packard-ln-palm-coast-fl-32164/,2026-05-04T10:21:41+00:00
https://holidaybuilders.com/new-homes-for-sale/40-laguna-forest-trl-palm-coast-fl-32164/,2026-05-04T10:21:41+00:00
https://holidaybuilders.com/new-homes-for-sale/21-post-ln-palm-coast-fl-32164/,2026-05-04T10:21:42+00:00
https://holidaybuilders.com/new-homes-for-sale/61-prattwood-ln-palm-coast-fl-32164/,2026-05-04T10:21:42+00:00
https://holidaybuilders.com/new-homes-for-sale/31-pine-cedar-dr-palm-coast-fl-32164/,2026-05-04T10:21:42+00:00
https://holidaybuilders.com/new-homes-for-sale/52-princeton-ln-palm-coast-fl-32164/,2026-05-04T10:21:42+00:00
https://holidaybuilders.com/new-homes-for-sale/41-round-tree-dr-palm-coast-fl-32164/,2026-05-04T10:21:43+00:00
https://holidaybuilders.com/new-homes-for-sale/9-ripton-pl-palm-coast-fl-32164/,2026-05-04T10:21:43+00:00
https://holidaybuilders.com/new-homes-for-sale/54-princeton-ln-palm-coast-fl-32164/,2026-05-04T10:21:43+00:00
https://holidaybuilders.com/new-homes-for-sale/43-pine-crest-ln-palm-coast-fl-32164/,2026-05-04T10:21:43+00:00
https://holidaybuilders.com/new-homes-for-sale/70-rymshaw-dr-palm-coast-fl-32164/,2026-05-04T10:21:44+00:00
https://holidaybuilders.com/new-homes-for-sale/10-ryker-ln-palm-coast-fl-32164/,2026-05-04T10:21:44+00:00
https://holidaybuilders.com/new-homes-for-sale/45-braddock-ln-palm-coast-fl-32137/,2026-05-04T10:21:44+00:00
https://holidaybuilders.com/new-homes-for-sale/234-beechwood-ln-palm-coast-fl-32137/,2026-05-04T10:21:44+00:00
https://holidaybuilders.com/new-homes-for-sale/87-bressler-ln-palm-coast-fl-32137/,2026-05-04T10:21:44+00:00
https://holidaybuilders.com/new-homes-for-sale/2124-nw-21st-pl-cape-coral-fl-33993/,2026-05-04T10:21:45+00:00
https://holidaybuilders.com/new-homes-for-sale/2621-ne-7th-pl-cape-coral-fl-33909/,2026-05-04T10:21:45+00:00
https://holidaybuilders.com/new-homes-for-sale/18-pickwood-pl-palm-coast-fl-32164/,2026-05-04T10:21:45+00:00
https://holidaybuilders.com/new-homes-for-sale/2218-nw-5th-pl-cape-coral-fl-33993/,2026-05-04T10:21:45+00:00
https://holidaybuilders.com/new-homes-for-sale/3206-ne-14th-pl-cape-coral-fl-33909/,2026-05-04T10:21:46+00:00
https://holidaybuilders.com/new-homes-for-sale/2812-ne-6th-pl-cape-coral-fl-33909/,2026-05-04T10:21:46+00:00
https://holidaybuilders.com/new-homes-for-sale/1733-nw-6th-ave-cape-coral-fl-33993/,2026-05-04T10:21:46+00:00
https://holidaybuilders.com/new-homes-for-sale/2625-ne-7th-pl-cape-coral-fl-33909/,2026-05-04T10:21:46+00:00
https://holidaybuilders.com/new-homes-for-sale/1523-nw-18th-ter-cape-coral-fl-33993/,2026-05-04T10:21:47+00:00
https://holidaybuilders.com/new-homes-for-sale/339-ne-22nd-ter-cape-coral-fl-33909/,2026-05-04T10:21:47+00:00
https://holidaybuilders.com/new-homes-for-sale/3732-ne-15th-pl-cape-coral-fl-33909/,2026-05-04T10:21:47+00:00
https://holidaybuilders.com/new-homes-for-sale/4203-ne-15th-pl-cape-coral-fl-33909/,2026-05-04T10:21:47+00:00
https://holidaybuilders.com/new-homes-for-sale/2027-nw-23rd-ter-cape-coral-fl-33993/,2026-05-04T10:21:47+00:00
https://holidaybuilders.com/new-homes-for-sale/3107-nw-16th-pl-cape-coral-fl-33993/,2026-05-04T10:21:48+00:00
https://holidaybuilders.com/new-homes-for-sale/1625-nw-6th-pl-cape-coral-fl-33993/,2026-05-04T10:21:48+00:00
https://holidaybuilders.com/new-homes-for-sale/1704-nw-12th-ter-cape-coral-fl-33993/,2026-05-04T10:21:48+00:00
https://holidaybuilders.com/new-homes-for-sale/1020-nw-12th-ter-cape-coral-fl-33993/,2026-05-04T10:21:49+00:00
https://holidaybuilders.com/new-homes-for-sale/3218-ne-14th-pl-cape-coral-fl-33909/,2026-05-04T10:21:49+00:00
https://holidaybuilders.com/new-homes-for-sale/3401-ne-8th-pl-cape-coral-fl-33909/,2026-05-04T10:21:49+00:00
https://holidaybuilders.com/new-homes-for-sale/1910-nw-31st-ter-cape-coral-fl-33993/,2026-05-04T10:21:49+00:00
https://holidaybuilders.com/new-homes-for-sale/2313-nw-9th-ave-cape-coral-fl-33993/,2026-05-04T10:21:49+00:00
https://holidaybuilders.com/new-homes-for-sale/3088-larissa-st-port-charlotte-fl-33948/,2026-05-04T10:21:50+00:00
https://holidaybuilders.com/new-homes-for-sale/617-nw-28th-ter-cape-coral-fl-33990/,2026-05-04T10:21:50+00:00
https://holidaybuilders.com/new-homes-for-sale/206-nw-13th-ter-cape-coral-fl-33993/,2026-05-04T10:21:50+00:00
https://holidaybuilders.com/new-homes-for-sale/2929-nw-6th-pl-cape-coral-fl-33993/,2026-05-04T10:21:50+00:00
https://holidaybuilders.com/new-homes-for-sale/1369-karin-ter-port-charlotte-fl-33952/,2026-05-04T10:21:51+00:00
https://holidaybuilders.com/new-homes-for-sale/2709-rock-creek-dr-port-charlotte-fl-33948/,2026-05-04T10:21:51+00:00
https://holidaybuilders.com/new-homes-for-sale/22105-scarsdale-ave-port-charlotte-fl-33954/,2026-05-04T10:21:51+00:00
https://holidaybuilders.com/new-homes-for-sale/23471-junction-ave-port-charlotte-fl-33980/,2026-05-04T10:21:51+00:00
https://holidaybuilders.com/new-homes-for-sale/18363-inwood-ave-port-charlotte-fl-33948/,2026-05-04T10:21:52+00:00
https://holidaybuilders.com/new-homes-for-sale/1024-adalia-ter-port-charlotte-fl-33953/,2026-05-04T10:21:52+00:00
https://holidaybuilders.com/new-homes-for-sale/20190-rutherford-ave-port-charlotte-fl-33952/,2026-05-04T10:21:52+00:00
https://holidaybuilders.com/new-homes-for-sale/286-doniphan-dr-port-charlotte-fl-33954/,2026-05-04T10:21:52+00:00
https://holidaybuilders.com/new-homes-for-sale/20296-lorette-ave-port-charlotte-fl-33954/,2026-05-04T10:21:53+00:00
https://holidaybuilders.com/new-homes-for-sale/485-madeira-st-port-charlotte-fl-33953/,2026-05-04T10:21:53+00:00
https://holidaybuilders.com/new-homes-for-sale/23262-stelling-ave-port-charlotte-fl-33980/,2026-05-04T10:21:53+00:00
https://holidaybuilders.com/new-homes-for-sale/18354-locklane-ave-port-charlotte-fl-33948/,2026-05-04T10:21:53+00:00
https://holidaybuilders.com/new-homes-for-sale/1436-pulaski-st-port-charlotte-fl-33952/,2026-05-04T10:21:54+00:00
https://holidaybuilders.com/new-homes-for-sale/283-vilna-st-port-charlotte-fl-33954/,2026-05-04T10:21:54+00:00
https://holidaybuilders.com/new-homes-for-sale/376-macarthur-dr-port-charlotte-fl-33954/,2026-05-04T10:21:54+00:00
https://holidaybuilders.com/new-homes-for-sale/23190-van-buren-ave-punta-gorda-fl-33980/,2026-05-04T10:21:54+00:00
https://holidaybuilders.com/new-homes-for-sale/2116-hanson-st-port-charlotte-fl-33952/,2026-05-04T10:21:55+00:00
https://holidaybuilders.com/new-homes-for-sale/2168-clermont-st-port-charlotte-fl-33952/,2026-05-04T10:21:55+00:00
https://holidaybuilders.com/new-homes-for-sale/17105-russell-ave-port-charlotte-fl-33954/,2026-05-04T10:21:55+00:00
https://holidaybuilders.com/new-homes-for-sale/18423-temple-ave-port-charlotte-fl-33948/,2026-05-04T10:21:56+00:00
https://holidaybuilders.com/new-homes-for-sale/23216-mcburney-ave-port-charlotte-fl-33980/,2026-05-04T10:21:56+00:00
https://holidaybuilders.com/new-homes-for-sale/23208-mcburney-ave-port-charlotte-fl-33980/,2026-05-04T10:21:56+00:00
https://holidaybuilders.com/new-homes-for-sale/18440-morrisson-ave-port-charlotte-fl-33948/,2026-05-04T10:21:56+00:00
https://holidaybuilders.com/new-homes-for-sale/22452-delhi-ave-port-charlotte-fl-33952/,2026-05-04T10:21:56+00:00
https://holidaybuilders.com/new-homes-for-sale/9003-e-castle-cir-labelle-fl-33935/,2026-05-04T10:21:57+00:00
https://holidaybuilders.com/new-homes-for-sale/6033-keystone-cir-labelle-fl-33935/,2026-05-04T10:21:57+00:00
https://holidaybuilders.com/new-homes-for-sale/8117-ace-ct-labelle-fl-33935/,2026-05-04T10:21:57+00:00
https://holidaybuilders.com/new-homes-for-sale/5020-quebec-rd-labelle-fl-33935/,2026-05-04T10:21:57+00:00
https://holidaybuilders.com/new-homes-for-sale/6057-s-moss-cir-labelle-fl-33935/,2026-05-04T10:21:57+00:00
https://holidaybuilders.com/new-homes-for-sale/9047-s-indio-cir-port-labelle-fl-33935/,2026-05-04T10:21:58+00:00
https://holidaybuilders.com/new-homes-for-sale/9042-meadow-circle-labelle-fl-33935/,2026-05-04T10:21:58+00:00
https://holidaybuilders.com/new-homes-for-sale/8018-sandalwood-cir-labelle-fl-33935/,2026-05-04T10:21:58+00:00
https://holidaybuilders.com/new-homes-for-sale/5008-spinnaker-rd-labelle-fl-33935/,2026-05-04T10:21:58+00:00
https://holidaybuilders.com/new-homes-for-sale/5010-w-tradewinds-cir-labelle-fl-33935/,2026-05-04T10:21:59+00:00
https://holidaybuilders.com/new-homes-for-sale/8059-rolling-cir-labelle-fl-33935/,2026-05-04T10:21:59+00:00
https://holidaybuilders.com/new-homes-for-sale/5038-n-obispo-cir-labelle-fl-33935/,2026-05-04T10:21:59+00:00
https://holidaybuilders.com/new-homes-for-sale/5067-wild-goose-cir-labelle-fl-33935/,2026-05-04T10:22:00+00:00
https://holidaybuilders.com/new-homes-for-sale/1947-manatee-ct-poinciana-fl-34759/,2026-05-04T10:22:00+00:00
https://holidaybuilders.com/new-homes-for-sale/281-elm-ct-poinciana-fl-34759/,2026-05-04T10:22:00+00:00
https://holidaybuilders.com/new-homes-for-sale/892-hudson-valley-dr-poinciana-fl-34759/,2026-05-04T10:22:00+00:00
https://holidaybuilders.com/new-homes-for-sale/121-tulip-ln-poinciana-fl-34759/,2026-05-04T10:22:01+00:00
https://holidaybuilders.com/new-homes-for-sale/1018-heron-ct-poinciana-fl-34759/,2026-05-04T10:22:01+00:00
https://holidaybuilders.com/new-homes-for-sale/886-hudson-valley-dr-poinciana-fl-34759/,2026-05-04T10:22:01+00:00
https://holidaybuilders.com/new-homes-for-sale/184-athabasca-dr-poinciana-fl-34759/,2026-05-04T10:22:02+00:00
https://holidaybuilders.com/new-homes-for-sale/1723-redfin-way-poinciana-fl-34759/,2026-05-04T10:22:02+00:00
https://holidaybuilders.com/new-homes-for-sale/349-bass-ct-poinciana-fl-34759/,2026-05-04T10:22:02+00:00
https://holidaybuilders.com/new-homes-for-sale/880-hudson-valley-dr-poinciana-fl-34759/,2026-05-04T10:22:02+00:00
https://holidaybuilders.com/new-homes-for-sale/904-hudson-valley-dr-poinciana-fl-34759/,2026-05-04T10:22:02+00:00
https://holidaybuilders.com/new-homes-for-sale/415-caribbean-ct-poinciana-fl-34759/,2026-05-04T10:22:03+00:00
https://holidaybuilders.com/new-homes-for-sale/541-lakeview-ct-kissimmee-fl-34759/,2026-05-04T10:22:03+00:00
https://holidaybuilders.com/new-homes-for-sale/330-bass-ct-poinciana-fl-34759/,2026-05-04T10:22:03+00:00
https://holidaybuilders.com/new-homes-for-sale/1429-teal-dr-poinciana-fl-34759/,2026-05-04T10:22:03+00:00
https://holidaybuilders.com/new-homes-for-sale/631-richmond-circle-sw-palm-bay-fl-32908/,2026-05-04T10:22:04+00:00
https://holidaybuilders.com/new-homes-for-sale/621-richmond-circle-sw-palm-bay-fl-32908/,2026-05-04T10:22:04+00:00
https://holidaybuilders.com/new-homes-for-sale/581-richmond-circle-sw-palm-bay-fl-32908/,2026-05-04T10:22:04+00:00
https://holidaybuilders.com/new-homes-for-sale/958-roseland-rd-sebastian-fl-32958/,2026-05-04T10:22:04+00:00
https://holidaybuilders.com/new-homes-for-sale/611-richmond-circle-sw-palm-bay-fl-32908/,2026-05-04T10:23:03+00:00
https://holidaybuilders.com/new-homes-for-sale/601-richmond-circle-sw-palm-bay-fl-32908/,2026-05-04T10:23:03+00:00
https://holidaybuilders.com/new-homes-for-sale/641-richmond-circle-sw-palm-bay-fl-32908/,2026-05-04T10:23:03+00:00
https://holidaybuilders.com/new-homes-for-sale/571-richmond-circle-sw-palm-bay-fl-32908/,2026-05-04T10:23:03+00:00
https://holidaybuilders.com/new-homes-for-sale/551-richmond-circle-sw-palm-bay-fl-32908/,2026-05-04T10:23:04+00:00
https://holidaybuilders.com/new-homes-for-sale/561-richmond-circle-sw-palm-bay-fl-32908/,2026-05-04T10:23:04+00:00
https://holidaybuilders.com/new-homes-for-sale/591-richmond-circle-sw-palm-bay-fl-32908/,2026-05-04T10:23:04+00:00
https://holidaybuilders.com/new-homes-for-sale/409-crows-nest-ct-sebastian-fl-32958/,2026-05-04T10:23:04+00:00
https://holidaybuilders.com/new-homes-for-sale/92-jetty-ln-sebastian-fl-32958/,2026-05-04T10:23:04+00:00
https://holidaybuilders.com/new-homes-for-sale/51-white-pelican-ln-sebastian-fl-32958/,2026-05-04T10:23:05+00:00
https://holidaybuilders.com/new-homes-for-sale/110-jetty-ln-sebastian-fl-32958/,2026-05-04T10:23:05+00:00
https://holidaybuilders.com/new-homes-for-sale/49-white-pelican-ln-sebastian-fl-32958/,2026-05-04T10:23:05+00:00
https://holidaybuilders.com/new-homes-for-sale/94-jetty-ln-sebastian-fl-32958/,2026-05-04T10:23:05+00:00
https://holidaybuilders.com/new-homes-for-sale/82-white-pelican-ln-sebastian-fl-32958/,2026-05-04T10:23:05+00:00
https://holidaybuilders.com/new-homes-for-sale/4376-kelsey-ln-micco-fl-32976/,2026-05-04T10:23:06+00:00
https://holidaybuilders.com/new-homes-for-sale/4336-kelsey-ln-micco-fl-32976/,2026-05-04T10:23:06+00:00
https://holidaybuilders.com/new-homes-for-sale/108-jetty-ln-sebastian-fl-32958/,2026-05-04T10:23:06+00:00
https://holidaybuilders.com/new-homes-for-sale/4316-kelsey-ln-micco-fl-32976/,2026-05-04T10:23:06+00:00
https://holidaybuilders.com/new-homes-for-sale/1916-w-belgrade-dr-citrus-springs-fl-34434/,2026-05-04T10:23:07+00:00
https://holidaybuilders.com/new-homes-for-sale/8947-n-salina-dr-citrus-springs-fl-34434/,2026-05-04T10:23:07+00:00
https://holidaybuilders.com/new-homes-for-sale/6342-n-bedstrow-blvd-citrus-springs-fl-34434/,2026-05-04T10:23:07+00:00
https://holidaybuilders.com/new-homes-for-sale/1880-w-hialeah-dr-citrus-springs-fl-34434/,2026-05-04T10:23:07+00:00
https://holidaybuilders.com/new-homes-for-sale/5718-n-decarlo-dr-citrus-springs-fl-34434/,2026-05-04T10:23:08+00:00
https://holidaybuilders.com/new-homes-for-sale/11539-n-condor-dr-citrus-springs-fl-34433/,2026-05-04T10:23:08+00:00
https://holidaybuilders.com/new-homes-for-sale/6508-amory-st-englewood-fl-34224/,2026-05-04T10:23:08+00:00
https://holidaybuilders.com/new-homes-for-sale/12114-claremont-dr-port-charlotte-fl-33981/,2026-05-04T10:23:08+00:00
https://holidaybuilders.com/new-homes-for-sale/7090-princeton-st-port-charlotte-fl-33981/,2026-05-04T10:23:09+00:00
https://holidaybuilders.com/new-homes-for-sale/7038-baylor-st-englewood-fl-34224/,2026-05-04T10:23:09+00:00
https://holidaybuilders.com/new-homes-for-sale/7452-atwell-ter-port-charlotte-fl-33981/,2026-05-04T10:23:09+00:00
https://holidaybuilders.com/new-homes-for-sale/6215-pringle-st-port-charlotte-fl-33981/,2026-05-04T10:23:09+00:00
https://holidaybuilders.com/new-homes-for-sale/7213-coach-rd-port-charlotte-fl-33981/,2026-05-04T10:23:09+00:00
https://holidaybuilders.com/new-homes-for-sale/6454-whelan-st-englewood-fl-34224/,2026-05-04T10:23:10+00:00
https://holidaybuilders.com/new-homes-for-sale/7354-ellis-ln-port-charlotte-fl-33981/,2026-05-04T10:23:10+00:00
https://holidaybuilders.com/new-homes-for-sale/7181-coach-rd-port-charlotte-fl-33981/,2026-05-04T10:23:10+00:00
https://holidaybuilders.com/new-homes-for-sale/10088-willmington-blvd-englewood-fl-34224/,2026-05-04T10:23:10+00:00
https://holidaybuilders.com/new-homes-for-sale/6203-barrel-st-port-charlotte-fl-33981/,2026-05-04T10:23:11+00:00
https://holidaybuilders.com/new-homes-for-sale/6211-barrel-st-port-charlotte-fl-33981/,2026-05-04T10:23:11+00:00
https://holidaybuilders.com/new-homes-for-sale/7386-donahue-st-port-charlotte-fl-33981/,2026-05-04T10:23:11+00:00
https://holidaybuilders.com/new-homes-for-sale/12099-brookside-ave-port-charlotte-fl-33981/,2026-05-04T10:23:11+00:00
https://holidaybuilders.com/new-homes-for-sale/12057-du-barry-ave-port-charlotte-fl-33981/,2026-05-04T10:23:11+00:00
https://holidaybuilders.com/new-homes-for-sale/7012-landrum-ct-port-charlotte-fl-33981/,2026-05-04T10:23:12+00:00
https://holidaybuilders.com/new-homes-for-sale/12013-casandra-ave-port-charlotte-fl-33981/,2026-05-04T10:23:12+00:00
https://holidaybuilders.com/new-homes-for-sale/12169-van-loon-ave-port-charlotte-fl-33981/,2026-05-04T10:23:12+00:00
https://holidaybuilders.com/new-homes-for-sale/6304-pennell-st-englewood-fl-34224/,2026-05-04T10:23:12+00:00
https://holidaybuilders.com/new-homes-for-sale/5371-chard-ter-port-charlotte-fl-33981/,2026-05-04T10:23:13+00:00
https://holidaybuilders.com/new-homes-for-sale/3016-cascade-circle-lake-wales-fl-33853/,2026-05-04T10:23:13+00:00
https://holidaybuilders.com/new-homes-for-sale/7327-memorial-dr-port-charlotte-fl-33981/,2026-05-04T10:23:13+00:00
https://holidaybuilders.com/new-homes-for-sale/12553-proctor-ave-port-charlotte-fl-33981/,2026-05-04T10:23:13+00:00
https://holidaybuilders.com/new-homes-for-sale/3012-cascade-circle-lake-wales-fl-33853/,2026-05-04T10:23:14+00:00
https://holidaybuilders.com/new-homes-for-sale/3020-cascade-circle-lake-wales-fl-33853/,2026-05-04T10:23:14+00:00
https://holidaybuilders.com/new-homes-for-sale/3024-cascade-circle-lake-wales-fl-33853/,2026-05-04T10:23:14+00:00
https://holidaybuilders.com/new-homes-for-sale/3028-cascade-circle-lake-wales-fl-33853/,2026-05-04T10:23:14+00:00
https://holidaybuilders.com/new-homes-for-sale/1531-merced-st-north-port-fl-34288/,2026-05-04T10:23:15+00:00
https://holidaybuilders.com/new-homes-for-sale/3814-froude-st-north-port-fl-34286/,2026-05-04T10:23:15+00:00
https://holidaybuilders.com/new-homes-for-sale/2852-alling-ter-north-port-fl-34286/,2026-05-04T10:23:15+00:00
https://holidaybuilders.com/new-homes-for-sale/4462-kiska-rd-north-port-fl-34288/,2026-05-04T10:23:15+00:00
https://holidaybuilders.com/new-homes-for-sale/1246-wasilla-st-north-port-fl-34291/,2026-05-04T10:23:15+00:00
https://holidaybuilders.com/new-homes-for-sale/tbd-garbett-ter-north-port-fl-34288/,2026-05-04T10:23:16+00:00
https://holidaybuilders.com/new-homes-for-sale/1825-n-san-mateo-dr-north-port-fl-34288/,2026-05-04T10:23:16+00:00
https://holidaybuilders.com/new-homes-for-sale/2666-yuma-ave-north-port-fl-34286/,2026-05-04T10:23:16+00:00
https://holidaybuilders.com/new-homes-for-sale/4161-watson-ave-north-port-fl-34288/,2026-05-04T10:23:17+00:00
https://holidaybuilders.com/new-homes-for-sale/3816-bartigon-ave-north-port-fl-34286/,2026-05-04T10:23:17+00:00
https://holidaybuilders.com/new-homes-for-sale/4591-ulster-ave-north-port-fl-34287/,2026-05-04T10:23:17+00:00
https://holidaybuilders.com/new-homes-for-sale/4035-bruing-st-north-port-fl-34286/,2026-05-04T10:23:17+00:00
https://holidaybuilders.com/new-homes-for-sale/3311-10th-st-w-lehigh-acres-fl-33971/,2026-05-04T10:23:18+00:00
https://holidaybuilders.com/new-homes-for-sale/3927-21st-st-w-lehigh-acres-fl-33971/,2026-05-04T10:23:18+00:00
https://holidaybuilders.com/new-homes-for-sale/1732-hainsworth-ave-north-port-fl-34288/,2026-05-04T10:23:18+00:00
https://holidaybuilders.com/new-homes-for-sale/3900-28th-st-sw-lehigh-acres-fl-33976/,2026-05-04T10:23:19+00:00
https://holidaybuilders.com/new-homes-for-sale/4008-7th-st-sw-lehigh-acres-fl-33976/,2026-05-04T10:23:19+00:00
https://holidaybuilders.com/new-homes-for-sale/2519-59th-st-w-lehigh-acres-fl-33971/,2026-05-04T10:23:19+00:00
https://holidaybuilders.com/new-homes-for-sale/3105-tena-ave-s-lehigh-acres-fl-33976/,2026-05-04T10:23:19+00:00
https://holidaybuilders.com/new-homes-for-sale/2614-14th-st-sw-lehigh-acres-fl-33976/,2026-05-04T10:23:20+00:00
https://holidaybuilders.com/new-homes-for-sale/3005-17th-st-sw-lehigh-acres-fl-33976/,2026-05-04T10:23:21+00:00
https://holidaybuilders.com/new-homes-for-sale/2712-18th-st-sw-lehigh-acres-fl-33976/,2026-05-04T10:23:21+00:00
https://holidaybuilders.com/new-homes-for-sale/3011-6th-st-sw-lehigh-acres-fl-33976/,2026-05-04T10:23:21+00:00
https://holidaybuilders.com/new-homes-for-sale/3115-66th-st-w-lehigh-acres-fl-33971/,2026-05-04T10:23:21+00:00
https://holidaybuilders.com/new-homes-for-sale/2502-55th-st-sw-lehigh-acres-fl-33976/,2026-05-04T10:23:23+00:00
https://holidaybuilders.com/new-homes-for-sale/2901-48th-st-w-lehigh-acres-fl-33971/,2026-05-04T10:23:23+00:00
https://holidaybuilders.com/new-homes-for-sale/3514-42nd-st-sw-lehigh-acres-fl-33976/,2026-05-04T10:23:23+00:00
https://holidaybuilders.com/new-homes-for-sale/4210-palatka-blvd-hastings-fl-32145/,2026-05-04T10:23:24+00:00
https://holidaybuilders.com/new-homes-for-sale/10115-mcmahon-ave-hastings-fl-32145/,2026-05-04T10:23:24+00:00
https://holidaybuilders.com/new-homes-for-sale/10175-beckenger-ave-hastings-fl-32145/,2026-05-04T10:23:24+00:00
https://holidaybuilders.com/new-homes-for-sale/9670-nikolich-ave-hastings-fl-32145/,2026-05-04T10:23:24+00:00
https://holidaybuilders.com/new-homes-for-sale/10540-yeager-ave-hastings-fl-32145/,2026-05-04T10:23:25+00:00
https://holidaybuilders.com/new-homes-for-sale/10460-yeager-ave-hastings-fl-32145/,2026-05-04T10:23:25+00:00
https://holidaybuilders.com/new-homes-for-sale/10300-ruth-ave-hastings-fl-32145/,2026-05-04T10:23:25+00:00
https://holidaybuilders.com/new-homes-for-sale/10255-weatherby-ave-hastings-fl-32145/,2026-05-04T10:23:25+00:00
https://holidaybuilders.com/new-homes-for-sale/6016-nw-relief-ct-port-saint-lucie-fl-34983/,2026-05-04T10:23:26+00:00
https://holidaybuilders.com/new-homes-for-sale/6725-nw-rasp-ct-port-saint-lucie-fl-34983/,2026-05-04T10:23:26+00:00
https://holidaybuilders.com/new-homes-for-sale/5372-nw-akbar-ter-port-saint-lucie-fl-34986/,2026-05-04T10:23:26+00:00
https://holidaybuilders.com/new-homes-for-sale/228-charlotta-ave-se-palm-bay-fl-32909/,2026-05-04T10:23:27+00:00
https://holidaybuilders.com/new-homes-for-sale/1151-grapefruit-rd-se-palm-bay-fl-32909/,2026-05-04T10:23:27+00:00
https://holidaybuilders.com/new-homes-for-sale/510-sw-ryder-rd-port-saint-lucie-fl-34953/,2026-05-04T10:23:27+00:00
https://holidaybuilders.com/new-homes-for-sale/2549-galiano-ave-sw-palm-bay-fl-32908/,2026-05-04T10:23:28+00:00
https://holidaybuilders.com/new-homes-for-sale/450-caribbean-st-se-palm-bay-fl-32909/,2026-05-04T10:23:28+00:00
https://holidaybuilders.com/new-homes-for-sale/1358-paramount-ave-se-palm-bay-fl-32909/,2026-05-04T10:23:28+00:00
https://holidaybuilders.com/new-homes-for-sale/1238-wyoming-dr-se-palm-bay-fl-32909/,2026-05-04T10:23:28+00:00
https://holidaybuilders.com/new-homes-for-sale/1775-emerson-dr-se-palm-bay-fl-32909/,2026-05-04T10:23:29+00:00
https://holidaybuilders.com/new-homes-for-sale/947-braddock-ave-se-palm-bay-fl-32909/,2026-05-04T10:23:29+00:00
https://holidaybuilders.com/new-homes-for-sale/419-frankford-ave-nw-palm-bay-fl-32907/,2026-05-04T10:23:29+00:00
https://holidaybuilders.com/new-homes-for-sale/1707-macklin-st-nw-palm-bay-fl-32907/,2026-05-04T10:23:29+00:00
https://holidaybuilders.com/new-homes-for-sale/1295-hedgecoth-st-nw-palm-bay-fl-32907/,2026-05-04T10:23:30+00:00
https://holidaybuilders.com/new-homes-for-sale/1240-vandalia-ave-se-palm-bay-fl-32909/,2026-05-04T10:23:30+00:00
https://holidaybuilders.com/new-homes-for-sale/251-decordre-rd-se-palm-bay-fl-32909/,2026-05-04T10:23:30+00:00
https://holidaybuilders.com/new-homes-for-sale/271-medea-ave-nw-palm-bay-fl-32907/,2026-05-04T10:23:31+00:00
https://holidaybuilders.com/new-homes-for-sale/2514-galiano-ave-sw-palm-bay-fl-32908/,2026-05-04T10:23:31+00:00
https://holidaybuilders.com/new-homes-for-sale/1037-sally-st-se-palm-bay-fl-32909/,2026-05-04T10:23:31+00:00
https://holidaybuilders.com/new-homes-for-sale/1345-stone-st-nw-palm-bay-fl-32907/,2026-05-04T10:23:32+00:00
https://holidaybuilders.com/new-homes-for-sale/564-burlington-ave-ne-palm-bay-fl-32907/,2026-05-04T10:23:32+00:00
https://holidaybuilders.com/new-homes-for-sale/2712-palisades-dr-se-palm-bay-fl-32909/,2026-05-04T10:23:32+00:00
https://holidaybuilders.com/new-homes-for-sale/1598-jasper-ave-nw-palm-bay-fl-32907/,2026-05-04T10:23:32+00:00
https://holidaybuilders.com/new-homes-for-sale/101-pritchard-dr-palm-coast-fl-32164/,2026-05-04T10:23:33+00:00
https://holidaybuilders.com/new-homes-for-sale/1427-higbee-st-se-palm-bay-fl-32909/,2026-05-04T10:23:33+00:00
https://holidaybuilders.com/new-homes-for-sale/64-barrister-ln-palm-coast-fl-32137/,2026-05-04T10:23:33+00:00
https://holidaybuilders.com/new-homes-for-sale/3-undermount-path-e-palm-coast-fl-32164/,2026-05-04T10:23:34+00:00
https://holidaybuilders.com/new-homes-for-sale/4-lynbrook-dr-palm-coast-fl-32137/,2026-05-04T10:23:34+00:00
https://holidaybuilders.com/new-homes-for-sale/32-westridge-ln-palm-coast-fl-32164/,2026-05-04T10:23:34+00:00
https://holidaybuilders.com/new-homes-for-sale/3-lewisdale-pl-palm-coast-fl-32137/,2026-05-04T10:23:34+00:00
https://holidaybuilders.com/new-homes-for-sale/1-sea-flower-path-palm-coast-fl-32164/,2026-05-04T10:23:35+00:00
https://holidaybuilders.com/new-homes-for-sale/22-bruce-ln-palm-coast-fl-32137/,2026-05-04T10:23:35+00:00
https://holidaybuilders.com/new-homes-for-sale/2-wilson-pl-palm-coast-fl-32164/,2026-05-04T10:23:36+00:00
https://holidaybuilders.com/new-homes-for-sale/14-londonderry-dr-palm-coast-fl-32137/,2026-05-04T10:23:36+00:00
https://holidaybuilders.com/new-homes-for-sale/51-kankakee-trl-palm-coast-fl-32164/,2026-05-04T10:23:36+00:00
https://holidaybuilders.com/new-homes-for-sale/45-bickwick-ln-palm-coast-fl-32137/,2026-05-04T10:23:36+00:00
https://holidaybuilders.com/new-homes-for-sale/66-folson-ln-palm-coast-fl-32137/,2026-05-04T10:23:36+00:00
https://holidaybuilders.com/new-homes-for-sale/122-wellstone-dr-palm-coast-fl-32164/,2026-05-04T10:23:37+00:00
https://holidaybuilders.com/new-homes-for-sale/31-fallen-oak-ln-palm-coast-fl-32137/,2026-05-04T10:23:37+00:00
https://holidaybuilders.com/new-homes-for-sale/58-brunett-ln-palm-coast-fl-32137/,2026-05-04T10:23:37+00:00
https://holidaybuilders.com/new-homes-for-sale/37-zephyr-lily-trl-palm-coast-fl-32164/,2026-05-04T10:23:37+00:00
https://holidaybuilders.com/new-homes-for-sale/24-ballard-ln-palm-coast-fl-32137/,2026-05-04T10:23:38+00:00
https://holidaybuilders.com/new-homes-for-sale/8-buffalo-berry-pl-palm-coast-fl-32137/,2026-05-04T10:23:38+00:00
https://holidaybuilders.com/new-homes-for-sale/3-wateing-pl-palm-coast-fl-32164/,2026-05-04T10:23:38+00:00
https://holidaybuilders.com/new-homes-for-sale/20-westglen-ln-palm-coast-fl-32164/,2026-05-04T10:23:38+00:00
https://holidaybuilders.com/new-homes-for-sale/106-forrester-pl-palm-coast-fl-32137/,2026-05-04T10:23:39+00:00
https://holidaybuilders.com/new-homes-for-sale/9-waterloo-pl-palm-coast-fl-32164/,2026-05-04T10:23:39+00:00
https://holidaybuilders.com/new-homes-for-sale/15-burning-view-ln-palm-coast-fl-32137/,2026-05-04T10:23:39+00:00
https://holidaybuilders.com/new-homes-for-sale/26-fanshawe-ln-palm-coast-fl-32137/,2026-05-04T10:23:39+00:00
https://holidaybuilders.com/new-homes-for-sale/2318-selenia-st-lake-alfred-fl-33850/,2026-05-04T10:23:40+00:00
https://holidaybuilders.com/new-homes-for-sale/2518-mariah-pl-lake-alfred-fl-33850/,2026-05-04T10:23:40+00:00
https://holidaybuilders.com/new-homes-for-sale/2535-mariah-pl-lake-alfred-fl-33850/,2026-05-04T10:23:40+00:00
https://holidaybuilders.com/new-homes-for-sale/2315-selenia-st-lake-alfred-fl-33850/,2026-05-04T10:23:40+00:00
https://holidaybuilders.com/new-homes-for-sale/2334-selenia-st-lake-alfred-fl-33850/,2026-05-04T10:23:41+00:00
https://holidaybuilders.com/new-homes-for-sale/2355-selenia-st-lake-alfred-fl-33850/,2026-05-04T10:23:41+00:00
https://holidaybuilders.com/new-homes-for-sale/2551-mariah-pl-lake-alfred-fl-33850/,2026-05-04T10:23:41+00:00
https://holidaybuilders.com/new-homes-for-sale/2363-selenia-st-lake-alfred-fl-33850/,2026-05-04T10:23:42+00:00
https://holidaybuilders.com/new-homes-for-sale/2347-selenia-st-lake-alfred-fl-33850/,2026-05-04T10:23:42+00:00
https://holidaybuilders.com/new-homes-for-sale/2311-selenia-st-lake-alfred-fl-33850/,2026-05-04T10:23:42+00:00
https://holidaybuilders.com/new-homes-for-sale/2323-selenia-st-lake-alfred-fl-33850/,2026-05-04T10:23:42+00:00
https://holidaybuilders.com/new-homes-for-sale/2307-selenia-st-lake-alfred-fl-33850/,2026-05-04T10:23:42+00:00
https://holidaybuilders.com/new-homes-for-sale/3502-nw-46th-ave-cape-coral-fl-33993/,2026-05-04T10:23:43+00:00
https://holidaybuilders.com/new-homes-for-sale/4602-nw-34th-ter-cape-coral-fl-33993/,2026-05-04T10:23:43+00:00
https://holidaybuilders.com/new-homes-for-sale/2514-mariah-pl-lake-alfred-fl-33850/,2026-05-04T10:23:43+00:00
https://holidaybuilders.com/new-homes-for-sale/4513-nw-34th-st-cape-coral-fl-33993/,2026-05-04T10:23:44+00:00
https://holidaybuilders.com/new-homes-for-sale/2429-nw-7th-st-cape-coral-fl-33993/,2026-05-04T10:23:44+00:00
https://holidaybuilders.com/new-homes-for-sale/1232-nw-21st-pl-cape-coral-fl-33993/,2026-05-04T10:23:44+00:00
https://holidaybuilders.com/new-homes-for-sale/4020-nw-36th-pl-cape-coral-fl-33993/,2026-05-04T10:23:44+00:00
https://holidaybuilders.com/new-homes-for-sale/2921-nw-26th-st-cape-coral-fl-33993/,2026-05-04T10:23:44+00:00
https://holidaybuilders.com/new-homes-for-sale/4305-nw-27th-ter-cape-coral-fl-33993/,2026-05-04T10:23:45+00:00
https://holidaybuilders.com/new-homes-for-sale/3706-nw-46th-ter-cape-coral-fl-33993/,2026-05-04T10:23:45+00:00
https://holidaybuilders.com/new-homes-for-sale/4341-nw-35th-pl-cape-coral-fl-33993/,2026-05-04T10:23:45+00:00
https://holidaybuilders.com/new-homes-for-sale/4300-nw-36th-ave-cape-coral-fl-33993/,2026-05-04T10:23:45+00:00
https://holidaybuilders.com/new-homes-for-sale/4329-nw-34th-st-cape-coral-fl-33993/,2026-05-04T10:23:46+00:00
https://holidaybuilders.com/new-homes-for-sale/3502-nw-45th-pl-cape-coral-fl-33993/,2026-05-04T10:23:46+00:00
https://holidaybuilders.com/new-homes-for-sale/314-ne-23rd-ter-cape-coral-fl-33909/,2026-05-04T10:23:46+00:00
https://holidaybuilders.com/new-homes-for-sale/3924-nw-41st-ave-cape-coral-fl-33993/,2026-05-04T10:23:46+00:00
https://holidaybuilders.com/new-homes-for-sale/3506-nw-41st-ave-cape-coral-fl-33993/,2026-05-04T10:23:47+00:00
https://holidaybuilders.com/new-homes-for-sale/4111-nw-36th-ln-cape-coral-fl-33993/,2026-05-04T10:23:47+00:00
https://holidaybuilders.com/new-homes-for-sale/3427-nw-46th-ave-cape-coral-fl-33993/,2026-05-04T10:23:47+00:00
https://holidaybuilders.com/new-homes-for-sale/106-sw-21st-pl-cape-coral-fl-33991/,2026-05-04T10:23:47+00:00
https://holidaybuilders.com/new-homes-for-sale/378-lawler-st-port-charlotte-fl-33954/,2026-05-04T10:23:48+00:00
https://holidaybuilders.com/new-homes-for-sale/3529-nw-41st-pl-cape-coral-fl-33993/,2026-05-04T10:23:48+00:00
https://holidaybuilders.com/new-homes-for-sale/2813-nw-26th-st-cape-coral-fl-33993/,2026-05-04T10:23:48+00:00
https://holidaybuilders.com/new-homes-for-sale/15109-duck-hawk-rd-brooksville-fl-34614/,2026-05-04T10:23:48+00:00
https://holidaybuilders.com/new-homes-for-sale/tbd-scissorbill-ave-brooksville-fl-34614/,2026-05-04T10:23:48+00:00
https://holidaybuilders.com/new-homes-for-sale/18080-windswept-ave-port-charlotte-fl-33948/,2026-05-04T10:23:49+00:00
https://holidaybuilders.com/new-homes-for-sale/341-wyler-st-port-charlotte-fl-33954/,2026-05-04T10:23:49+00:00
https://holidaybuilders.com/new-homes-for-sale/1382-shields-st-port-charlotte-fl-33980/,2026-05-04T10:23:49+00:00
https://holidaybuilders.com/new-homes-for-sale/469-border-st-port-charlotte-fl-33953/,2026-05-04T10:23:49+00:00
https://holidaybuilders.com/new-homes-for-sale/482-guild-st-port-charlotte-fl-33954/,2026-05-04T10:23:49+00:00
https://holidaybuilders.com/new-homes-for-sale/22106-voltair-ave-port-charlotte-fl-33954/,2026-05-04T10:23:50+00:00
https://holidaybuilders.com/new-homes-for-sale/448-doniphan-dr-port-charlotte-fl-33954/,2026-05-04T10:23:50+00:00
https://holidaybuilders.com/new-homes-for-sale/2322-sunninglow-st-port-charlotte-fl-33948/,2026-05-04T10:23:50+00:00
https://holidaybuilders.com/new-homes-for-sale/1041-bounds-st-port-charlotte-fl-33952/,2026-05-04T10:23:50+00:00
https://holidaybuilders.com/new-homes-for-sale/18131-vincent-ave-port-charlotte-fl-33954/,2026-05-04T10:23:50+00:00
https://holidaybuilders.com/new-homes-for-sale/17295-harris-ave-port-charlotte-fl-33948/,2026-05-04T10:23:51+00:00
https://holidaybuilders.com/new-homes-for-sale/23019-peachland-blvd-port-charlotte-fl-33954/,2026-05-04T10:23:51+00:00
https://holidaybuilders.com/new-homes-for-sale/1418-pulaski-st-port-charlotte-fl-33952/,2026-05-04T10:23:51+00:00
https://holidaybuilders.com/new-homes-for-sale/18059-sullivan-ave-port-charlotte-fl-33954/,2026-05-04T10:23:51+00:00
https://holidaybuilders.com/new-homes-for-sale/1753-skyline-ln-sebastian-fl-32958/,2026-05-04T10:23:51+00:00
https://holidaybuilders.com/new-homes-for-sale/572-richmond-circle-sw-palm-bay-fl-32908/,2026-05-04T10:23:53+00:00
https://holidaybuilders.com/new-homes-for-sale/1261-whitmore-st-sebastian-fl-32958/,2026-05-04T10:23:53+00:00
https://holidaybuilders.com/new-homes-for-sale/144-pelican-island-pl-sebastian-fl-32958/,2026-05-04T10:23:53+00:00
https://holidaybuilders.com/new-homes-for-sale/952-richmond-circle-sw-palm-bay-fl-32908/,2026-05-04T10:23:53+00:00
https://holidaybuilders.com/new-homes-for-sale/892-richmond-circle-sw-palm-bay-fl-32908/,2026-05-04T10:23:54+00:00
https://holidaybuilders.com/new-homes-for-sale/902-richmond-circle-sw-palm-bay-fl-32908/,2026-05-04T10:23:54+00:00
https://holidaybuilders.com/new-homes-for-sale/622-richmond-circle-sw-palm-bay-fl-32908/,2026-05-04T10:23:54+00:00
https://holidaybuilders.com/new-homes-for-sale/872-richmond-circle-sw-palm-bay-fl-32908/,2026-05-04T10:23:54+00:00
https://holidaybuilders.com/new-homes-for-sale/962-richmond-circle-sw-palm-bay-fl-32908/,2026-05-04T10:23:54+00:00
https://holidaybuilders.com/new-homes-for-sale/982-richmond-circle-sw-palm-bay-fl-32908/,2026-05-04T10:23:55+00:00
https://holidaybuilders.com/new-homes-for-sale/592-richmond-circle-sw-palm-bay-fl-32908/,2026-05-04T10:23:55+00:00
https://holidaybuilders.com/new-homes-for-sale/942-richmond-circle-sw-palm-bay-fl-32908/,2026-05-04T10:23:55+00:00
https://holidaybuilders.com/new-homes-for-sale/602-richmond-circle-sw-palm-bay-fl-32908/,2026-05-04T10:23:55+00:00
https://holidaybuilders.com/new-homes-for-sale/582-richmond-circle-sw-palm-bay-fl-32908/,2026-05-04T10:23:55+00:00
https://holidaybuilders.com/new-homes-for-sale/912-richmond-circle-sw-palm-bay-fl-32908/,2026-05-04T10:23:56+00:00
https://holidaybuilders.com/new-homes-for-sale/10033-n-sherman-dr-citrus-springs-fl-34434/,2026-05-04T10:23:56+00:00
https://holidaybuilders.com/new-homes-for-sale/3751-w-forest-dr-citrus-springs-fl-34433/,2026-05-04T10:23:56+00:00
https://holidaybuilders.com/new-homes-for-sale/972-richmond-circle-sw-palm-bay-fl-32908/,2026-05-04T10:23:56+00:00
https://holidaybuilders.com/new-homes-for-sale/6487-mechler-st-englewood-fl-34224/,2026-05-04T10:23:57+00:00
https://holidaybuilders.com/new-homes-for-sale/6312-david-blvd-port-charlotte-fl-33981/,2026-05-04T10:23:57+00:00
https://holidaybuilders.com/new-homes-for-sale/6495-mechler-st-englewood-fl-34224/,2026-05-04T10:23:57+00:00
https://holidaybuilders.com/new-homes-for-sale/9453-fruitland-ave-englewood-fl-34224/,2026-05-04T10:23:58+00:00
https://holidaybuilders.com/new-homes-for-sale/7352-donahue-st-port-charlotte-fl-33981/,2026-05-04T10:23:58+00:00
https://holidaybuilders.com/new-homes-for-sale/12070-helios-ave-port-charlotte-fl-33981/,2026-05-04T10:23:58+00:00
https://holidaybuilders.com/new-homes-for-sale/6163-david-blvd-port-charlotte-fl-33981/,2026-05-04T10:23:58+00:00
https://holidaybuilders.com/new-homes-for-sale/7456-stetson-ln-port-charlotte-fl-33981/,2026-05-04T10:23:58+00:00
https://holidaybuilders.com/new-homes-for-sale/7503-escondido-st-englewood-fl-34224/,2026-05-04T10:23:59+00:00
https://holidaybuilders.com/new-homes-for-sale/7223-coffee-st-port-charlotte-fl-33981/,2026-05-04T10:23:59+00:00
https://holidaybuilders.com/new-homes-for-sale/7448-stetson-ln-port-charlotte-fl-33981/,2026-05-04T10:23:59+00:00
https://holidaybuilders.com/new-homes-for-sale/12005-atoll-ave-port-charlotte-fl-33981/,2026-05-04T10:23:59+00:00
https://holidaybuilders.com/new-homes-for-sale/2824-orchard-cir-north-port-fl-34288/,2026-05-04T10:24:00+00:00
https://holidaybuilders.com/new-homes-for-sale/1072-henning-st-north-port-fl-34288/,2026-05-04T10:24:00+00:00
https://holidaybuilders.com/new-homes-for-sale/6320-pennell-st-englewood-fl-34224/,2026-05-04T10:24:00+00:00
https://holidaybuilders.com/new-homes-for-sale/7576-veterans-blvd-north-port-fl-34288/,2026-05-04T10:24:01+00:00
https://holidaybuilders.com/new-homes-for-sale/4128-manchester-ter-north-port-fl-34286/,2026-05-04T10:24:01+00:00
https://holidaybuilders.com/new-homes-for-sale/7838-tasco-dr-north-port-fl-34291/,2026-05-04T10:24:01+00:00
https://holidaybuilders.com/new-homes-for-sale/2818-kacour-ave-north-port-fl-34288/,2026-05-04T10:24:01+00:00
https://holidaybuilders.com/new-homes-for-sale/5134-rhapsody-ave-north-port-fl-34288/,2026-05-04T10:24:01+00:00
https://holidaybuilders.com/new-homes-for-sale/2778-cyrus-ave-north-port-fl-34288/,2026-05-04T10:24:02+00:00
https://holidaybuilders.com/new-homes-for-sale/4627-carrizal-ter-north-port-fl-34288/,2026-05-04T10:24:02+00:00
https://holidaybuilders.com/new-homes-for-sale/4850-cromey-rd-north-port-fl-34288/,2026-05-04T10:24:02+00:00
https://holidaybuilders.com/new-homes-for-sale/3856-johannesberg-rd-north-port-fl-34288/,2026-05-04T10:24:02+00:00
https://holidaybuilders.com/new-homes-for-sale/5483-delight-ave-north-port-fl-34288/,2026-05-04T10:24:03+00:00
https://holidaybuilders.com/new-homes-for-sale/5166-rhapsody-ave-north-port-fl-34288/,2026-05-04T10:24:03+00:00
https://holidaybuilders.com/new-homes-for-sale/1989-jagust-rd-north-port-fl-34288/,2026-05-04T10:24:03+00:00
https://holidaybuilders.com/new-homes-for-sale/4712-wilcox-ave-north-port-fl-34288/,2026-05-04T10:24:03+00:00
https://holidaybuilders.com/new-homes-for-sale/4607-anita-ave-n-lehigh-acres-fl-33971/,2026-05-04T10:24:04+00:00
https://holidaybuilders.com/new-homes-for-sale/2261-mincy-ter-north-port-fl-34286/,2026-05-04T10:24:04+00:00
https://holidaybuilders.com/new-homes-for-sale/731-aletha-ave-s-lehigh-acres-fl-33974/,2026-05-04T10:24:04+00:00
https://holidaybuilders.com/new-homes-for-sale/1023-durand-st-lehigh-acres-fl-33974/,2026-05-04T10:24:04+00:00
https://holidaybuilders.com/new-homes-for-sale/2811-75th-st-w-lehigh-acres-fl-33971/,2026-05-04T10:25:05+00:00
https://holidaybuilders.com/new-homes-for-sale/1140-estate-st-e-lehigh-acres-fl-33974/,2026-05-04T10:25:05+00:00
https://holidaybuilders.com/new-homes-for-sale/223-hagan-ave-s-lehigh-acres-fl-33974/,2026-05-04T10:25:05+00:00
https://holidaybuilders.com/new-homes-for-sale/219-hagan-ave-s-lehigh-acres-fl-33974/,2026-05-04T10:25:06+00:00
https://holidaybuilders.com/new-homes-for-sale/2802-12th-st-sw-lehigh-acres-fl-33976/,2026-05-04T10:25:06+00:00
https://holidaybuilders.com/new-homes-for-sale/1404-brian-ave-s-lehigh-acres-fl-33976/,2026-05-04T10:25:06+00:00
https://holidaybuilders.com/new-homes-for-sale/3904-28th-st-sw-lehigh-acres-fl-33976/,2026-05-04T10:25:06+00:00
https://holidaybuilders.com/new-homes-for-sale/236-victoria-ave-s-lehigh-acres-fl-33974/,2026-05-04T10:25:06+00:00
https://holidaybuilders.com/new-homes-for-sale/3913-12th-st-sw-lehigh-acres-fl-33976/,2026-05-04T10:25:07+00:00
https://holidaybuilders.com/new-homes-for-sale/3102-nora-st-w-lehigh-acres-fl-33971/,2026-05-04T10:25:07+00:00
https://holidaybuilders.com/new-homes-for-sale/2813-57th-st-w-lehigh-acres-fl-33971/,2026-05-04T10:25:07+00:00
https://holidaybuilders.com/new-homes-for-sale/3518-63rd-st-w-lehigh-acres-fl-33971/,2026-05-04T10:25:08+00:00
https://holidaybuilders.com/new-homes-for-sale/10150-isaacson-ave-hastings-fl-32145/,2026-05-04T10:25:08+00:00
https://holidaybuilders.com/new-homes-for-sale/4950-kenneth-st-hastings-fl-32145/,2026-05-04T10:25:08+00:00
https://holidaybuilders.com/new-homes-for-sale/9630-oliver-ave-hastings-fl-32145/,2026-05-04T10:25:08+00:00
https://holidaybuilders.com/new-homes-for-sale/380-san-marino-rd-sw-palm-bay-fl-32908/,2026-05-04T10:25:09+00:00
https://holidaybuilders.com/new-homes-for-sale/442-four-winds-st-sw-palm-bay-fl-32908/,2026-05-04T10:25:09+00:00
https://holidaybuilders.com/new-homes-for-sale/364-paigo-st-se-palm-bay-fl-32909/,2026-05-04T10:25:09+00:00
https://holidaybuilders.com/new-homes-for-sale/1081-savery-rd-sw-palm-bay-fl-32908/,2026-05-04T10:25:10+00:00
https://holidaybuilders.com/new-homes-for-sale/1283-hathaway-rd-sw-palm-bay-fl-32908/,2026-05-04T10:25:10+00:00
https://holidaybuilders.com/new-homes-for-sale/460-galhouse-st-sw-palm-bay-fl-32908/,2026-05-04T10:25:10+00:00
https://holidaybuilders.com/new-homes-for-sale/1376-scottish-st-sw-palm-bay-fl-32908/,2026-05-04T10:25:11+00:00
https://holidaybuilders.com/new-homes-for-sale/1368-scottish-st-sw-palm-bay-fl-32908/,2026-05-04T10:25:11+00:00
https://holidaybuilders.com/new-homes-for-sale/919-pyracantha-st-nw-palm-bay-fl-32907/,2026-05-04T10:25:11+00:00
https://holidaybuilders.com/new-homes-for-sale/1201-gingold-st-nw-palm-bay-fl-32907/,2026-05-04T10:25:11+00:00
https://holidaybuilders.com/new-homes-for-sale/1488-upshaw-ter-port-charlotte-fl-33952/,2026-05-04T10:25:12+00:00
https://holidaybuilders.com/new-homes-for-sale/20209-lorette-ave-port-charlotte-fl-33954/,2026-05-04T10:25:12+00:00
https://holidaybuilders.com/new-homes-for-sale/18362-cordoba-ave-port-charlotte-fl-33954/,2026-05-04T10:25:12+00:00
https://holidaybuilders.com/new-homes-for-sale/1049-marcus-st-port-charlotte-fl-33952/,2026-05-04T10:25:12+00:00
https://holidaybuilders.com/new-homes-for-sale/20423-peachland-blvd-port-charlotte-fl-33954/,2026-05-04T10:25:13+00:00
https://holidaybuilders.com/new-homes-for-sale/22484-bradford-ave-port-charlotte-fl-33952/,2026-05-04T10:25:13+00:00
https://holidaybuilders.com/new-homes-for-sale/20297-kinderkemac-ave-port-charlotte-fl-33952/,2026-05-04T10:25:13+00:00
https://holidaybuilders.com/new-homes-for-sale/931-red-bay-ter-port-charlotte-fl-33948/,2026-05-04T10:25:13+00:00
https://holidaybuilders.com/new-homes-for-sale/18316-monmouth-ave-port-charlotte-fl-33948/,2026-05-04T10:25:14+00:00
https://holidaybuilders.com/new-homes-for-sale/20237-astoria-ave-port-charlotte-fl-33952/,2026-05-04T10:25:14+00:00
https://holidaybuilders.com/new-homes-for-sale/21051-cascade-ave-port-charlotte-fl-33952/,2026-05-04T10:25:14+00:00
https://holidaybuilders.com/new-homes-for-sale/1023-tropical-ave-nw-port-charlotte-fl-33948/,2026-05-04T10:25:14+00:00
https://holidaybuilders.com/new-homes-for-sale/2083-leisure-st-port-charlotte-fl-33948/,2026-05-04T10:25:15+00:00
https://holidaybuilders.com/new-homes-for-sale/1024-malay-ter-nw-port-charlotte-fl-33948/,2026-05-04T10:25:15+00:00
https://holidaybuilders.com/new-homes-for-sale/1030-malay-ter-nw-port-charlotte-fl-33948/,2026-05-04T10:25:15+00:00
https://holidaybuilders.com/new-homes-for-sale/1469-proper-st-port-charlotte-fl-33952/,2026-05-04T10:25:15+00:00
https://holidaybuilders.com/new-homes-for-sale/1483-paxton-ter-port-charlotte-fl-33952/,2026-05-04T10:25:15+00:00
https://holidaybuilders.com/new-homes-for-sale/3262-plymouth-st-port-charlotte-fl-33980/,2026-05-04T10:25:16+00:00
https://holidaybuilders.com/new-homes-for-sale/2638-rock-creek-dr-port-charlotte-fl-33948/,2026-05-04T10:25:16+00:00
https://holidaybuilders.com/new-homes-for-sale/2193-hyatt-dr-port-charlotte-fl-33948/,2026-05-04T10:25:16+00:00
https://holidaybuilders.com/new-homes-for-sale/20351-ladner-ave-port-charlotte-fl-33954/,2026-05-04T10:25:16+00:00
https://holidaybuilders.com/new-homes-for-sale/9032-lamkin-cir-labelle-fl-33935/,2026-05-04T10:25:17+00:00
https://holidaybuilders.com/new-homes-for-sale/1512-upshaw-ter-port-charlotte-fl-33952/,2026-05-04T10:25:17+00:00
https://holidaybuilders.com/new-homes-for-sale/1418-viscaya-dr-port-charlotte-fl-33952/,2026-05-04T10:25:17+00:00
https://holidaybuilders.com/new-homes-for-sale/346-macarthur-dr-port-charlotte-fl-33954/,2026-05-04T10:25:17+00:00
https://holidaybuilders.com/new-homes-for-sale/931-richmond-circle-sw-palm-bay-fl-32908/,2026-05-04T10:25:18+00:00
https://holidaybuilders.com/new-homes-for-sale/432-caribbean-ct-poinciana-fl-34759/,2026-05-04T10:25:18+00:00
https://holidaybuilders.com/new-homes-for-sale/645-parakeet-ct-poinciana-fl-34759/,2026-05-04T10:25:18+00:00
https://holidaybuilders.com/new-homes-for-sale/410-danube-dr-poinciana-fl-34759/,2026-05-04T10:25:18+00:00
https://holidaybuilders.com/new-homes-for-sale/537-lakeview-dr-poinciana-fl-34759/,2026-05-04T10:25:18+00:00
https://holidaybuilders.com/new-homes-for-sale/981-richmond-circle-sw-palm-bay-fl-32908/,2026-05-04T10:25:19+00:00
https://holidaybuilders.com/new-homes-for-sale/911-richmond-circle-sw-palm-bay-fl-32908/,2026-05-04T10:25:19+00:00
https://holidaybuilders.com/new-homes-for-sale/891-richmond-circle-sw-palm-bay-fl-32908/,2026-05-04T10:25:19+00:00
https://holidaybuilders.com/new-homes-for-sale/851-richmond-circle-sw-palm-bay-fl-32908/,2026-05-04T10:25:19+00:00
https://holidaybuilders.com/new-homes-for-sale/861-richmond-circle-sw-palm-bay-fl-32908/,2026-05-04T10:25:19+00:00
https://holidaybuilders.com/new-homes-for-sale/971-richmond-circle-sw-palm-bay-fl-32908/,2026-05-04T10:25:20+00:00
https://holidaybuilders.com/new-homes-for-sale/961-richmond-circle-sw-palm-bay-fl-32908/,2026-05-04T10:25:20+00:00
https://holidaybuilders.com/new-homes-for-sale/901-richmond-circle-sw-palm-bay-fl-32908/,2026-05-04T10:25:20+00:00
https://holidaybuilders.com/new-homes-for-sale/11966-van-loon-ave-port-charlotte-fl-33981/,2026-05-04T10:25:21+00:00
https://holidaybuilders.com/new-homes-for-sale/921-richmond-circle-sw-palm-bay-fl-32908/,2026-05-04T10:25:21+00:00
https://holidaybuilders.com/new-homes-for-sale/941-richmond-circle-sw-palm-bay-fl-32908/,2026-05-04T10:25:21+00:00
https://holidaybuilders.com/new-homes-for-sale/871-richmond-circle-sw-palm-bay-fl-32908/,2026-05-04T10:25:21+00:00
https://holidaybuilders.com/new-homes-for-sale/7191-batavia-st-englewood-fl-34224/,2026-05-04T10:25:22+00:00
https://holidaybuilders.com/new-homes-for-sale/12008-edwards-rd-port-charlotte-fl-33981/,2026-05-04T10:25:22+00:00
https://holidaybuilders.com/new-homes-for-sale/7011-kaler-st-port-charlotte-fl-33981/,2026-05-04T10:25:22+00:00
https://holidaybuilders.com/new-homes-for-sale/12489-gallagher-blvd-port-charlotte-fl-33981/,2026-05-04T10:25:22+00:00
https://holidaybuilders.com/new-homes-for-sale/6193-le-harve-st-port-charlotte-fl-33981/,2026-05-04T10:25:23+00:00
https://holidaybuilders.com/new-homes-for-sale/12050-crossgate-ave-port-charlotte-fl-33981/,2026-05-04T10:25:23+00:00
https://holidaybuilders.com/new-homes-for-sale/7287-ballard-ter-port-charlotte-fl-33981/,2026-05-04T10:25:23+00:00
https://holidaybuilders.com/new-homes-for-sale/7035-kaler-st-port-charlotte-fl-33981/,2026-05-04T10:25:23+00:00
https://holidaybuilders.com/new-homes-for-sale/12497-gallagher-blvd-port-charlotte-fl-33981/,2026-05-04T10:25:23+00:00
https://holidaybuilders.com/new-homes-for-sale/12022-surrey-ave-port-charlotte-fl-33981/,2026-05-04T10:25:24+00:00
https://holidaybuilders.com/new-homes-for-sale/272-spindlewood-blvd-dundee-fl-33838/,2026-05-04T10:25:24+00:00
https://holidaybuilders.com/new-homes-for-sale/959-leatherhead-dr-dundee-fl-33838/,2026-05-04T10:25:24+00:00
https://holidaybuilders.com/new-homes-for-sale/911-leatherhead-dr-dundee-fl-33838/,2026-05-04T10:25:24+00:00
https://holidaybuilders.com/new-homes-for-sale/927-leatherhead-dr-dundee-fl-33838/,2026-05-04T10:25:25+00:00
https://holidaybuilders.com/new-homes-for-sale/967-leatherhead-dr-dundee-fl-33838/,2026-05-04T10:25:25+00:00
https://holidaybuilders.com/new-homes-for-sale/963-leatherhead-dr-dundee-fl-33838/,2026-05-04T10:25:25+00:00
https://holidaybuilders.com/new-homes-for-sale/256-spindlewood-blvd-dundee-fl-33838/,2026-05-04T10:25:26+00:00
https://holidaybuilders.com/new-homes-for-sale/919-leatherhead-dr-dundee-fl-33838/,2026-05-04T10:25:26+00:00
https://holidaybuilders.com/new-homes-for-sale/923-leatherhead-dr-dundee-fl-33838/,2026-05-04T10:25:26+00:00
https://holidaybuilders.com/new-homes-for-sale/971-leatherhead-dr-dundee-fl-33838/,2026-05-04T10:25:26+00:00
https://holidaybuilders.com/new-homes-for-sale/8810-pine-bark-way-wildwood-fl-34785/,2026-05-04T10:25:27+00:00
https://holidaybuilders.com/new-homes-for-sale/260-spindlewood-blvd-dundee-fl-33838/,2026-05-04T10:25:27+00:00
https://holidaybuilders.com/new-homes-for-sale/975-leatherhead-dr-dundee-fl-33838/,2026-05-04T10:25:27+00:00
https://holidaybuilders.com/new-homes-for-sale/915-leatherhead-dr-dundee-fl-33838/,2026-05-04T10:25:27+00:00
https://holidaybuilders.com/new-homes-for-sale/8817-pine-bark-way-wildwood-fl-34785/,2026-05-04T10:25:28+00:00
https://holidaybuilders.com/new-homes-for-sale/8818-pine-bark-way-wildwood-fl-34785/,2026-05-04T10:25:28+00:00
https://holidaybuilders.com/new-homes-for-sale/8780-pine-bark-way-wildwood-fl-34785/,2026-05-04T10:25:28+00:00
https://holidaybuilders.com/new-homes-for-sale/8789-pine-bark-way-wildwood-fl-34785/,2026-05-04T10:25:28+00:00
https://holidaybuilders.com/new-homes-for-sale/8814-pine-bark-way-wildwood-fl-34785/,2026-05-04T10:25:29+00:00
https://holidaybuilders.com/new-homes-for-sale/8813-pine-bark-way-wildwood-fl-34785/,2026-05-04T10:25:29+00:00
https://holidaybuilders.com/new-homes-for-sale/8784-pine-bark-way-wildwood-fl-34785/,2026-05-04T10:25:29+00:00
https://holidaybuilders.com/new-homes-for-sale/314-nw-11th-st-okeechobee-fl-34972/,2026-05-04T10:25:30+00:00
https://holidaybuilders.com/new-homes-for-sale/8805-pine-bark-way-wildwood-fl-34785/,2026-05-04T10:25:30+00:00
https://holidaybuilders.com/new-homes-for-sale/8822-pine-bark-way-wildwood-fl-34785/,2026-05-04T10:25:30+00:00
https://holidaybuilders.com/new-homes-for-sale/8785-pine-bark-way-wildwood-fl-34785/,2026-05-04T10:25:30+00:00
https://holidaybuilders.com/new-homes-for-sale/8776-pine-bark-way-wildwood-fl-34785/,2026-05-04T10:25:30+00:00
https://holidaybuilders.com/new-homes-for-sale/503-nw-12th-st-okeechobee-fl-34972/,2026-05-04T10:25:31+00:00
https://holidaybuilders.com/new-homes-for-sale/308-nw-11th-st-okeechobee-fl-34972/,2026-05-04T10:25:31+00:00
https://holidaybuilders.com/new-homes-for-sale/514-nw-12th-st-okeechobee-fl-34972/,2026-05-04T10:25:31+00:00
https://holidaybuilders.com/new-homes-for-sale/2286-rio-cir-spring-hill-fl-34608/,2026-05-04T10:25:32+00:00
https://holidaybuilders.com/new-homes-for-sale/tbd-boswell-rd-spring-hill-fl-34608/,2026-05-04T10:25:32+00:00
https://holidaybuilders.com/new-homes-for-sale/1649-garden-grove-cir-fort-pierce-fl-34947/,2026-05-04T10:25:32+00:00
https://holidaybuilders.com/new-homes-for-sale/1655-garden-grove-cir-fort-pierce-fl-34947/,2026-05-04T10:25:32+00:00
https://holidaybuilders.com/new-homes-for-sale/5017-sanborn-dr-milton-fl-32570/,2026-05-04T10:25:33+00:00
https://holidaybuilders.com/new-homes-for-sale/8489-apple-orchard-rd-spring-hill-fl-34608/,2026-05-04T10:25:33+00:00
https://holidaybuilders.com/new-homes-for-sale/1245-bishop-rd-spring-hill-fl-34608/,2026-05-04T10:25:33+00:00
https://holidaybuilders.com/new-homes-for-sale/tbd-colma-st-spring-hill-fl-34606/,2026-05-04T10:25:33+00:00
https://holidaybuilders.com/new-homes-for-sale/6755-indian-st-navarre-fl-32566/,2026-05-04T10:25:34+00:00
https://holidaybuilders.com/new-homes-for-sale/8926-oak-shadow-rd-milton-fl-32583/,2026-05-04T10:25:34+00:00
https://holidaybuilders.com/new-homes-for-sale/tbd-east-river-dr-navarre-fl-32566/,2026-05-04T10:25:34+00:00
https://holidaybuilders.com/new-homes-for-sale/tbd-deer-ln-navarre-fl-32566/,2026-05-04T10:25:34+00:00
https://holidaybuilders.com/new-homes-for-sale/4690-sago-palm-cir-pace-fl-32571/,2026-05-04T10:25:35+00:00
https://holidaybuilders.com/new-homes-for-sale/4694-sago-palm-cir-pace-fl-32571/,2026-05-04T10:25:35+00:00
https://holidaybuilders.com/new-homes-for-sale/34-bentgrass-rd-s-freeport-fl-32439/,2026-05-04T10:25:35+00:00
https://holidaybuilders.com/new-homes-for-sale/1003-coastal-breeze-dr-freeport-fl-32439/,2026-05-04T10:25:36+00:00
https://holidaybuilders.com/new-homes-for-sale/132-bentgrass-rd-n-freeport-fl-32439/,2026-05-04T10:25:36+00:00
https://holidaybuilders.com/new-homes-for-sale/tbd-bentgrass-rd-n-freeport-fl-32439/,2026-05-04T10:25:36+00:00
https://holidaybuilders.com/new-homes-for-sale/5797-government-dr-gulf-breeze-fl-32563/,2026-05-04T10:25:37+00:00
https://holidaybuilders.com/new-homes-for-sale/5645-monument-ct-gulf-breeze-fl-32563/,2026-05-04T10:25:37+00:00
https://holidaybuilders.com/new-homes-for-sale/120-bentgrass-rd-n-freeport-fl-32439/,2026-05-04T10:25:37+00:00
https://holidaybuilders.com/new-homes-for-sale/961-coastal-breeze-dr-freeport-fl-32439/,2026-05-04T10:25:37+00:00
https://holidaybuilders.com/new-homes-for-sale/923-coastal-breeze-dr-freeport-fl-32439/,2026-05-04T10:25:37+00:00
https://holidaybuilders.com/new-homes-for-sale/2779-greene-three-rd-navarre-fl-32566/,2026-05-04T10:25:38+00:00
https://holidaybuilders.com/new-homes-for-sale/5615-charter-cir-gulf-breeze-fl-32563/,2026-05-04T10:25:38+00:00
https://holidaybuilders.com/new-homes-for-sale/6679-leisure-st-navarre-fl-32566/,2026-05-04T10:25:38+00:00
https://holidaybuilders.com/new-homes-for-sale/9062-river-rd-navarre-fl-32566/,2026-05-04T10:25:39+00:00
https://holidaybuilders.com/new-homes-for-sale/2268-tom-st-navarre-fl-32566/,2026-05-04T10:25:39+00:00
https://holidaybuilders.com/new-homes-for-sale/2264-tom-st-navarre-fl-32566/,2026-05-04T10:25:39+00:00
https://holidaybuilders.com/new-homes-for-sale/8972-gumwood-st-milton-fl-32583/,2026-05-04T10:25:39+00:00
https://holidaybuilders.com/new-homes-for-sale/4008-watergate-dr-milton-fl-32583/,2026-05-04T10:25:40+00:00
https://holidaybuilders.com/new-homes-for-sale/3993-watergate-dr-milton-fl-32583/,2026-05-04T10:25:40+00:00
https://holidaybuilders.com/new-homes-for-sale/4015-meadow-moss-cir-milton-fl-32583/,2026-05-04T10:25:40+00:00
https://holidaybuilders.com/new-homes-for-sale/8976-gumwood-st-milton-fl-32583/,2026-05-04T10:25:40+00:00
https://holidaybuilders.com/new-homes-for-sale/3981-watergate-dr-milton-fl-32583/,2026-05-04T10:25:41+00:00
https://holidaybuilders.com/new-homes-for-sale/4009-watergate-dr-milton-fl-32583/,2026-05-04T10:25:41+00:00
https://holidaybuilders.com/new-homes-for-sale/3624-mahogany-dr-pace-fl-32571/,2026-05-04T10:25:41+00:00
https://holidaybuilders.com/new-homes-for-sale/6983-cottage-row-st-pace-fl-32571/,2026-05-04T10:25:41+00:00
https://holidaybuilders.com/new-homes-for-sale/4007-meadow-moss-cir-milton-fl-32583/,2026-05-04T10:25:41+00:00
https://holidaybuilders.com/new-homes-for-sale/6988-terrapin-dr-pace-fl-32571/,2026-05-04T10:25:42+00:00
https://holidaybuilders.com/new-homes-for-sale/6984-terrapin-dr-pace-fl-32571/,2026-05-04T10:25:42+00:00
https://holidaybuilders.com/new-homes-for-sale/6992-terrapin-dr-pace-fl-32571/,2026-05-04T10:25:42+00:00
https://holidaybuilders.com/new-homes-for-sale/6975-cottage-row-st-pace-fl-32571/,2026-05-04T10:25:42+00:00
https://holidaybuilders.com/new-homes-for-sale/tbd-freeport-fl-32439-4/,2026-05-04T10:25:43+00:00
https://holidaybuilders.com/new-homes-for-sale/tbd-freeport-fl-32439-6/,2026-05-04T10:25:43+00:00
https://holidaybuilders.com/new-homes-for-sale/6976-terrapin-dr-pace-fl-32571/,2026-05-04T10:25:43+00:00
https://holidaybuilders.com/new-homes-for-sale/55-splendor-run-freeport-fl-32439/,2026-05-04T10:25:43+00:00
https://holidaybuilders.com/new-homes-for-sale/80-natureview-way-freeport-fl-32439/,2026-05-04T10:25:43+00:00
https://holidaybuilders.com/new-homes-for-sale/tbd-freeport-fl-32439-7/,2026-05-04T10:25:44+00:00
https://holidaybuilders.com/new-homes-for-sale/tbd-freeport-fl-32439-8/,2026-05-04T10:25:44+00:00
https://holidaybuilders.com/new-homes-for-sale/68-natureview-way-freeport-fl-32439/,2026-05-04T10:25:44+00:00
https://holidaybuilders.com/new-homes-for-sale/96-natureview-way-freeport-fl-32439/,2026-05-04T10:25:44+00:00
https://holidaybuilders.com/new-homes-for-sale/tbd-freeport-fl-32439-5/,2026-05-04T10:25:45+00:00
https://holidaybuilders.com/new-homes-for-sale/23-splendor-run-freeport-fl-32439/,2026-05-04T10:25:45+00:00
https://holidaybuilders.com/new-homes-for-sale/13-splendor-run-freeport-fl-32439/,2026-05-04T10:25:45+00:00
https://holidaybuilders.com/new-homes-for-sale/36-natureview-way-freeport-fl-32439/,2026-05-04T10:25:45+00:00
https://holidaybuilders.com/new-homes-for-sale/3994-lancer-st-milton-fl-32571/,2026-05-04T10:25:46+00:00
https://holidaybuilders.com/new-homes-for-sale/3792-university-st-pace-fl-32571/,2026-05-04T10:25:46+00:00
https://holidaybuilders.com/new-homes-for-sale/3788-university-st-pace-fl-32571/,2026-05-04T10:25:46+00:00
https://holidaybuilders.com/new-homes-for-sale/4047-edgefield-st-pace-fl-32571/,2026-05-04T10:25:46+00:00
https://holidaybuilders.com/new-homes-for-sale/3998-lancer-st-milton-fl-32571/,2026-05-04T10:25:47+00:00
https://holidaybuilders.com/new-homes-for-sale/4010-lancer-st-milton-fl-32571/,2026-05-04T10:25:47+00:00
https://holidaybuilders.com/new-homes-for-sale/211-lake-merial-blvd-panama-city-fl-32409/,2026-05-04T10:25:47+00:00
https://holidaybuilders.com/new-homes-for-sale/229-lake-merial-blvd-panama-city-fl-32409/,2026-05-04T10:25:48+00:00
https://holidaybuilders.com/new-homes-for-sale/12828-lake-merial-strand-panama-city-fl-32409/,2026-05-04T10:25:48+00:00
https://holidaybuilders.com/new-homes-for-sale/209-lake-merial-blvd-panama-city-fl-32409/,2026-05-04T10:25:48+00:00
https://holidaybuilders.com/new-homes-for-sale/231-lake-merial-blvd-panama-city-fl-32409/,2026-05-04T10:25:48+00:00
https://holidaybuilders.com/new-homes-for-sale/227-lake-merial-blvd-panama-city-fl-32409/,2026-05-04T10:25:49+00:00
https://holidaybuilders.com/new-homes-for-sale/237-lake-merial-blvd-panama-city-fl-32409/,2026-05-04T10:25:49+00:00
https://holidaybuilders.com/new-homes-for-sale/12818-lake-merial-strand-panama-city-fl-32409/,2026-05-04T10:25:49+00:00
https://holidaybuilders.com/new-homes-for-sale/12804-lake-merial-strand-panama-city-fl-32409/,2026-05-04T10:25:49+00:00
https://holidaybuilders.com/new-homes-for-sale/12816-lake-merial-strand-panama-city-fl-32409/,2026-05-04T10:25:50+00:00
https://holidaybuilders.com/new-homes-for-sale/12814-lake-merial-strand-panama-city-fl-32409/,2026-05-04T10:25:50+00:00
https://holidaybuilders.com/new-homes-for-sale/213-lake-merial-blvd-panama-city-fl-32409/,2026-05-04T10:25:50+00:00
https://holidaybuilders.com/new-homes-for-sale/443-salt-creek-ln-mexico-beach-fl-32456/,2026-05-04T10:25:51+00:00
https://holidaybuilders.com/new-homes-for-sale/420-salt-creek-ln-mexico-beach-fl-32456/,2026-05-04T10:25:51+00:00
https://holidaybuilders.com/new-homes-for-sale/235-lake-merial-blvd-panama-city-fl-32409/,2026-05-04T10:25:51+00:00
https://holidaybuilders.com/new-homes-for-sale/212-lake-merial-blvd-panama-city-fl-32409/,2026-05-04T10:25:51+00:00
https://holidaybuilders.com/new-homes-for-sale/208-lake-merial-blvd-panama-city-fl-32409/,2026-05-04T10:25:51+00:00
https://holidaybuilders.com/new-homes-for-sale/455-salt-creek-ln-mexico-beach-fl-32456/,2026-05-04T10:25:52+00:00
https://holidaybuilders.com/new-homes-for-sale/455-water-bend-way-mexico-beach-fl-32410/,2026-05-04T10:25:52+00:00
https://holidaybuilders.com/new-homes-for-sale/431-water-bend-way-mexico-beach-fl-32410/,2026-05-04T10:25:52+00:00
https://holidaybuilders.com/new-homes-for-sale/447-water-bend-way-mexico-beach-fl-32410/,2026-05-04T10:25:53+00:00
https://holidaybuilders.com/new-homes-for-sale/452-town-village-way-mexico-beach-fl-32410/,2026-05-04T10:25:53+00:00
https://holidaybuilders.com/new-homes-for-sale/460-town-village-way-mexico-beach-fl-32410/,2026-05-04T10:25:53+00:00
https://holidaybuilders.com/new-homes-for-sale/435-water-bend-way-mexico-beach-fl-32410/,2026-05-04T10:25:53+00:00
https://holidaybuilders.com/new-homes-for-sale/444-salt-creek-ln-mexico-beach-fl-32456/,2026-05-04T10:25:53+00:00
https://holidaybuilders.com/new-homes-for-sale/428-salt-creek-ln-mexico-beach-fl-32456/,2026-05-04T10:25:54+00:00
https://holidaybuilders.com/new-homes-for-sale/451-salt-creek-ln-mexico-beach-fl-32456/,2026-05-04T10:25:54+00:00
https://holidaybuilders.com/new-homes-for-sale/439-water-bend-way-mexico-beach-fl-32410/,2026-05-04T10:25:54+00:00
https://holidaybuilders.com/new-homes-for-sale/416-salt-creek-ln-mexico-beach-fl-32456/,2026-05-04T10:25:55+00:00
https://holidaybuilders.com/new-homes-for-sale/424-salt-creek-ln-mexico-beach-fl-32456/,2026-05-04T10:25:55+00:00
https://holidaybuilders.com/new-homes-for-sale/451-water-bend-way-mexico-beach-fl-32410/,2026-05-04T10:25:55+00:00
https://holidaybuilders.com/new-homes-for-sale/440-salt-creek-ln-mexico-beach-fl-32456/,2026-05-04T10:25:55+00:00
https://holidaybuilders.com/new-homes-for-sale/443-water-bend-way-mexico-beach-fl-32410/,2026-05-04T10:25:56+00:00
https://holidaybuilders.com/new-homes-for-sale/5468-colinas-verde-dr-milton-fl-32570/,2026-05-04T10:25:56+00:00
https://holidaybuilders.com/new-homes-for-sale/5460-colinas-verde-dr-milton-fl-32570/,2026-05-04T10:25:56+00:00
https://holidaybuilders.com/new-homes-for-sale/5534-colinas-verde-dr-milton-fl-32570/,2026-05-04T10:25:56+00:00
https://holidaybuilders.com/new-homes-for-sale/86-fawn-run-e-freeport-fl-32439/,2026-05-04T10:25:57+00:00
https://holidaybuilders.com/new-homes-for-sale/106-fawn-run-e-freeport-fl-32439/,2026-05-04T10:25:57+00:00
https://holidaybuilders.com/new-homes-for-sale/tbd-freeport-fl-32439/,2026-05-04T10:25:57+00:00
https://holidaybuilders.com/new-homes-for-sale/63-fawn-run-e-freeport-fl-32439/,2026-05-04T10:25:57+00:00
https://holidaybuilders.com/new-homes-for-sale/96-fawn-run-e-freeport-fl-32439/,2026-05-04T10:25:58+00:00
https://holidaybuilders.com/new-homes-for-sale/tbd-freeport-fl-32439-9/,2026-05-04T10:25:58+00:00
https://holidaybuilders.com/new-homes-for-sale/75-fawn-run-e-freeport-fl-32439/,2026-05-04T10:25:58+00:00
https://holidaybuilders.com/new-homes-for-sale/tbd-freeport-fl-32439-3/,2026-05-04T10:25:59+00:00
https://holidaybuilders.com/new-homes-for-sale/5163-harvey-st-callaway-fl-32404/,2026-05-04T10:25:59+00:00
https://holidaybuilders.com/new-homes-for-sale/tbd-freeport-fl-32439-2/,2026-05-04T10:25:59+00:00
https://holidaybuilders.com/new-homes-for-sale/tbd-freeport-fl-32439-10/,2026-05-04T10:25:59+00:00
https://holidaybuilders.com/new-homes-for-sale/95-fawn-run-e-freeport-fl-32439/,2026-05-04T10:25:59+00:00
https://holidaybuilders.com/new-homes-for-sale/5167-harvey-st-callaway-fl-32404/,2026-05-04T10:26:00+00:00
https://holidaybuilders.com/new-homes-for-sale/5145-harvey-st-callaway-fl-32404/,2026-05-04T10:26:00+00:00
https://holidaybuilders.com/new-homes-for-sale/5129-harvey-st-callaway-fl-32404/,2026-05-04T10:26:00+00:00
https://holidaybuilders.com/new-homes-for-sale/5171-harvey-st-callaway-fl-32404/,2026-05-04T10:26:01+00:00
https://holidaybuilders.com/new-homes-for-sale/5141-harvey-st-callaway-fl-32404/,2026-05-04T10:26:01+00:00
https://holidaybuilders.com/new-homes-for-sale/5133-harvey-st-callaway-fl-32404/,2026-05-04T10:26:01+00:00
https://holidaybuilders.com/new-homes-for-sale/257-seneca-ave-callaway-fl-32404/,2026-05-04T10:26:02+00:00
https://holidaybuilders.com/new-homes-for-sale/5125-harvey-st-callaway-fl-32404/,2026-05-04T10:26:02+00:00
https://holidaybuilders.com/new-homes-for-sale/5137-harvey-st-callaway-fl-32404/,2026-05-04T10:26:02+00:00
https://holidaybuilders.com/new-homes-for-sale/5159-harvey-st-callaway-fl-32404/,2026-05-04T10:26:03+00:00
https://holidaybuilders.com/new-homes-for-sale/5703-meadow-rd-milton-fl-32583/,2026-05-04T10:26:03+00:00
https://holidaybuilders.com/new-homes-for-sale/5709-meadow-rd-fl-32583/,2026-05-04T10:26:03+00:00
https://holidaybuilders.com/new-homes-for-sale/3279-montecito-blvd-milton-fl-32583/,2026-05-04T10:26:03+00:00
https://holidaybuilders.com/new-homes-for-sale/5705-meadow-rd-milton-fl-32583/,2026-05-04T10:26:04+00:00
https://holidaybuilders.com/new-homes-for-sale/3573-bay-magnolia-way-pace-fl-32571/,2026-05-04T10:26:04+00:00
https://holidaybuilders.com/new-homes-for-sale/3565-bay-magnolia-way-pace-fl-32571/,2026-05-04T10:26:04+00:00
https://holidaybuilders.com/new-homes-for-sale/3581-bay-magnolia-way-pace-fl-32571/,2026-05-04T10:26:05+00:00
https://holidaybuilders.com/new-homes-for-sale/3577-bay-magnolia-way-pace-fl-32571/,2026-05-04T10:26:05+00:00
https://holidaybuilders.com/new-homes-for-sale/3569-bay-magnolia-way-pace-fl-32571/,2026-05-04T10:26:05+00:00
https://holidaybuilders.com/new-homes-for-sale/3561-bay-magnolia-way-pace-fl-32571/,2026-05-04T10:26:05+00:00
https://holidaybuilders.com/new-homes-for-sale/3585-bay-magnolia-way-pace-fl-32571/,2026-05-04T10:26:06+00:00
